heading_error_deg,speed_error_mps,release_delay_s,fuse_error_s,effective_duration_s
0.06905353249054516,-1.1550715668262734,0.04273225438845116,-0.0027418671867259323,4.363736375826065
0.4265694374205358,0.2065929861245992,0.08673522462445597,0.04225109410308992,3.5922337839122176
-0.27400261546047333,2.7903209172410834,0.12389984530164999,0.03863624947413806,3.665220016039723
-0.5116513946565013,2.1226240618600216,0.03498906536517913,0.07795897603162924,3.987108039801287
-0.6220931420295027,-0.07773541141852387,0.05080059222756608,0.15339279505567655,3.3907836232013473
0.10964654187867076,3.044482342137724,0.02358327425557628,-0.0450762976943093,4.584255538704273
0.6282892358623239,0.3778547353202688,0.031710011284153,-0.017462754647392272,4.3160573779907345
0.48034288286113885,0.4449703671934782,0.018792898399380493,-0.011348275522388677,4.402315538739588
-0.6496990578848835,0.6770388241966712,0.05980395517403823,0.039706678580190835,4.163070116855187
0.043638220756458165,-2.165831414994669,0.10367497389966758,0.004268356642140425,3.9884468836048566
0.5623504074594569,-0.9712868273129016,0.0830062406474233,0.0405631062371663,3.6095582260929238
0.49558356737877585,-1.0051192406149112,0.009890241468292702,-0.04262411320325604,4.575483807052032
-0.5199756899986401,-0.8904478690829178,0.10406498221720707,-0.0023578230873345808,4.190068264415347
-0.9858204765164255,-0.9042416576081004,0.09792722702063333,-0.021506533654632363,4.507074015627552
0.3890173011810375,-0.5188127545814503,0.08018736212960491,-0.03390084731059609,4.230293266054853
0.14804919222451637,-0.5230752116322703,0.02751897510541163,0.10260384871457018,3.6356100078914815
0.37187008140030137,-1.820184258833868,0.13377886870411915,-0.01711658588275452,3.8221479972081696
0.10995031215204057,-0.2701824493762932,0.029966276849584386,0.09148671428264164,3.708879854469923
0.27316406627602846,2.183870066807356,0.0999688448105495,0.07227978069544724,3.345262280376375
0.15489106043898734,1.048582312032683,0.050803917512561754,0.009077537085776312,4.163807881663773
0.13361842107333194,-3.8898195264802053,0.06826509387575752,0.022102470420869023,4.098252099007454
-1.1585249323247584,-0.6791665824450563,0.042503503444279785,0.1216175992024387,3.8668426813834245
-0.3216729727778457,2.142803952763085,0.0937724630479392,0.06346399251808474,3.682335828528649
0.48970469875521233,0.6422523368796265,0.09545383940673569,-0.06188349788487146,4.286538077686617
0.2739351619823506,-0.946541515972138,0.008376868689587053,0.013009876806205013,4.384610585255691
-0.19063136834771402,1.1561011816333226,0.004974757652215121,-0.14490890828310685,4.575154201394019
-0.10250209472819156,1.3204057825183448,0.04881474034095725,0.03525168051917835,4.07470081891739
-0.4348114237277199,-0.06223833668568332,0.04244564631966391,-0.011905683368715503,4.558317936870106
-0.03948970238089763,2.3987465642415553,0.15133514380283017,-0.003892216552569001,3.715497330205587
0.7397824163154522,-0.48121064395311863,0.04958272246047676,-0.07057044105738046,4.553512928537358
0.25396408556381006,0.12489597762042659,0.014700268666159063,0.05683686015877918,3.999526812411093
-0.37270325742521304,1.4370691375522144,0.00675558872919295,-0.056893695516138855,4.579511158983556
0.469866977080157,-1.5191143017521025,0.04968995592167834,0.06449646459827933,3.696959357753182
0.7034500562525128,0.3319020623290071,0.1148258859140126,-0.024698770785803258,3.804170144458552
-0.4676005163437364,1.8594498725848974,0.08154830620364345,0.07612366550506174,3.716126937128938
-0.2893854448758742,1.271632217575736,0.044898265370906305,0.06880738643130101,3.9197066183690206
-0.5790119441590531,-1.5951412426264915,0.03926087699067941,-0.017929362528887043,4.580087423222791
0.6184545503171471,0.8506695325540563,0.0542253771287935,-0.007042440002379566,4.09720597492019
0.030256000043969934,0.42494953788169876,0.1282446899947006,-0.03240592449418169,4.035216712535524
-0.1648372379735184,-0.8860764465033975,0.1537086230134509,0.02542369877893832,3.57125050387369
0.9658012033545075,0.7235456392926399,0.008019703555108074,0.07226477472073033,3.6622109186417156
-0.03773172928675736,-0.21231876170133654,0.09698448316092381,0.09416164623895022,3.3357511795213908
0.1698496781172124,1.3012553366376427,0.08337259281147234,-0.023331388599857613,4.194330707080871
0.513698763472144,1.9446777147604708,0.08108371134162198,0.025668077238438593,3.7185853100570254
-0.23470128753335953,-0.06049029990157774,0.04726740680612292,0.0355324239157384,4.129011564851122
0.014696436394277842,-1.2967848301143852,0.020141368899193483,0.022541299503659958,4.339334527174083
-0.9381691541158718,0.18692103176627134,0.057425793028862845,-0.03515699500604155,4.566861364557237
0.4308191960113098,-1.3638758717261377,0.04695676098077952,-0.029126244707992112,4.415189968190138
0.05260938591826202,0.24668562371706448,0.022283551668201795,0.05481946137523139,4.038090726522441
-0.638398422129089,-1.6950529044067344,0.07469551578210251,-0.023514538098005595,4.565640866065487
-0.5991878518056226,-0.8184139124538936,0.04695400051893335,-0.03268271224212844,4.580325780307846
-0.19144018576673164,0.7650321619852911,0.10802818157804846,-0.029499738057251135,4.216154926083279
0.5490448376719491,-0.9575845600410915,0.10116779249881953,-0.01915224678651385,3.944768089679028
0.39833707804892776,-0.19255990609187132,0.015372157717154404,-0.084653119631891,4.576032953881893
-1.3782188035785328,-0.6925258729413708,0.046849569472476316,-0.030611013052247428,4.528646773857248
0.0421853276967936,0.9016994199091395,0.10682279130174406,0.052193427230319736,3.5460483590773815
-0.4660713413336698,-1.1782058457021425,0.11755722746038785,-0.061138386995677474,4.509966896755502
-0.3023276134355267,-1.4749483751574546,0.065372576502962,0.0024837894727999382,4.324933708633326
0.4408913742578422,0.6447742941767725,0.03696345799703715,0.00011273986309388983,4.216518013554272
0.5615969639987777,0.7747562145121409,0.06267306008283827,0.008644531480304748,3.946233791276281
-0.4851476598998857,-1.0585601111496,0.011749880866802384,0.04062342142586055,4.409978580915086
-0.12211439374054578,0.049410716917722475,0.028053671388401168,-0.038370718967886165,4.586470540554948
0.23365083412745244,1.1628309171709479,0.03738331806066815,0.06727081318876786,3.788857149061893
-0.696716554548104,0.6802683605215964,0.0638177574385179,-0.023050196740844034,4.580604253260146
-0.3809468081592041,-1.1093679945163608,0.17972016534242038,0.05116970070753185,3.3282617535721375
-0.407475378124402,0.047621325170452825,0.048674931546058786,-0.0011804564800369883,4.4366509184635055
0.9896097439317985,2.3269863212603763,0.0714623712682139,0.05528735439694672,3.3592333960852825
0.0595228377044899,0.4382706410790652,0.09415857207981333,0.06186282320565317,3.5455078544992884
0.09001691984748378,1.6686302507795965,0.0010346577753894525,-0.09953048225960145,4.580035222141049
-0.34620804417623546,-1.3065212363602574,0.057273216680390426,-0.02971002138308639,4.587436524939504
0.01419897496355081,-2.4873372785797248,0.07829611372499044,-0.028138075706615515,4.39148828321985
0.4791827552102223,-0.8778348304453434,0.11904644357952161,0.058883932906217074,3.2711611708199317
0.8515783363424116,-3.4985333977652497,0.09724909361031125,-0.02005584734018463,3.949516672733779
-0.10763286132744086,1.3856038399250887,0.06352497469784844,0.08941842404194543,3.592618708515463
0.26777758498483334,2.2825221302814978,0.0008289277565686296,-0.019098154320163936,4.583863816449884
0.21417489344860413,-0.20308906406606841,0.056451937840149735,0.010073929507517442,4.107604805503259
0.24548593496685608,-0.5366586981235201,0.011661380554301866,-0.008973999201381767,4.521361406675333
0.22778030769941093,-1.0749340936820067,0.018761702787250686,-0.033101838943343585,4.582998030000011
-0.8203760662794939,-0.12962329616407042,0.03791822144508233,0.019411317264150314,4.485414508463217
-0.534786536233448,1.887985730633736,0.016844679821791206,0.01882124194305075,4.51843112508706
0.3646018007857659,1.5089545806370737,0.1396763005709847,0.04250219597728936,3.27854180738441
-0.2080398888377837,-0.025888125172703225,0.030026271069500524,-0.009667517647525324,4.5435996397961915
0.03696960447849971,3.0341966484687033,0.015567804999612384,0.03555103080619185,4.224991804885601
-0.08186303235740515,1.5681925254685818,0.07853611939902604,-0.022991879871475093,4.3083874294426945
-0.6542746772410984,1.357813054759239,0.011151539607324287,-0.10060122853292562,4.568331642743786
0.23142767791040839,0.7552603103605371,0.06757182996257358,-0.008624189800464688,4.163050611843012
-0.14297058360560083,-0.1380282742542221,0.03367201669529831,-0.001441306997317915,4.446362699148411
0.0010007558063667831,0.561632013083334,0.0005350065492610029,-0.001229735314708014,4.587935823963183
-0.20093806664798597,1.5294902705303346,0.12291713278845097,0.05355042537711472,3.534741447782103
-0.1145597205619696,-3.646014042218979,0.06499565393971872,-0.077170278070532,4.5838876331763325
-0.1863281842932531,-2.0783248784609194,0.06362895655254686,0.027593048515148023,4.1377762390046025
0.14546651431351948,0.8475133581016411,0.019170601799345148,0.04150543175014718,4.122979351234187
-0.44850653228170184,-2.8425717996052353,0.056124555226247645,-0.00855825202228024,4.542826360538511
0.17853606671301395,-0.0879993476499967,0.08316778628981104,0.02518769735777513,3.8408951558986604
0.13770938160392013,1.9360017404901546,0.12206096178348753,0.02801773800194478,3.592043233883942
0.021824769736918825,-2.142529934292775,0.015951661257250123,-0.07272872617946506,4.582359525413342
-0.7698228584924175,3.2502133268941122,0.07357360776889302,-0.006856532309710589,4.448352547963414
0.614712267172665,-2.09266297551653,0.036292943853543015,0.05391127991631342,3.826509080353632
-0.835730114284824,-0.42554276590627954,0.09381132172685036,-0.0032952015071579365,4.344262560922314
-0.33395663328633796,-1.1967364532569718,0.028104311350199387,-0.06068917826553413,4.582221894141596
0.7352589051984509,-1.8679672095288964,0.09254837776387953,-0.08540248766367886,4.450896475084385
-0.9599885482762234,-2.951802756382068,0.07430280264062165,0.055090178157057794,4.168239819005024
-0.49378034105302276,-0.2060250134792334,0.08470043580966845,-0.09415650320463267,4.583899850840818
-0.26302411797823744,0.6299086459603334,0.031695520248939756,0.0011538078664822913,4.473470133816237
0.9676417835461857,0.5906870522275504,0.04777406367292713,-0.025613072003779654,4.153355374620278
0.25518310339320527,0.2683104432667922,0.1109408162837732,0.017914142672698197,3.689119367142302
0.2970004027430375,1.4219255272842335,0.02455590033451117,0.029976102008039043,4.122754772188164
0.32674157405898746,0.3826639476617159,0.11208633149464405,-0.033474051459222325,4.032626769755908
-0.3393178102229239,-0.9634523695288364,0.16826888719213198,-0.0480670306545653,4.07476880963033
0.20867295062273097,0.06382364985759995,0.008482913055533243,-0.06327432169120777,4.581728004515723
-0.16210769533621777,1.643597422799247,0.03092481071480076,0.05448874817828531,4.062260083648114
-0.5172055238491484,2.3762964425062068,0.0311011461919619,0.004223055507404251,4.5340292562174
-0.6667012957263857,-0.6133355589567538,0.058878066984967434,-0.020509730810043647,4.58065544350963
0.09775981196856093,-1.7172468149135867,0.15125092842651036,0.06877811078128553,3.192373057504472
-0.16820088080456366,0.6622746069989307,0.01571012656684341,0.01568374142754454,4.4340973697463015
-0.2212633328670068,0.8666880403946775,0.01728984584507339,0.007870281452551751,4.497210393285122
0.07479353090641487,0.28087425275932276,0.15346210888643946,0.011230361607534024,3.546400023065318
0.5139332443183892,-1.4900854836037298,0.0494071140478472,-0.028806706930400317,4.373567006130478
-0.04637002630778674,-1.1635870488273972,0.009338815914134314,0.02236133585269612,4.420336539443452
-0.8967931187494231,0.05943864769893481,0.06971672421833827,0.004839354765472278,4.4287720481333706
-0.15554756666833527,-2.0115968120583254,0.14462325607382184,0.08114203673438723,3.2604731873012014
0.36390446708833735,0.29072958121172193,0.034636752910030995,-0.0026163833528099903,4.277684605351166
-0.38160444281372796,-0.32375216664138257,0.15640865606698298,-0.03728554494885186,4.063457032670378
0.2094765866353323,0.07082791707311957,0.015815041984714596,-0.055415945732749466,4.582059817677069
0.5771878335560644,-1.2501646365492327,0.004432876972279626,0.005921633052108034,4.371361613182747
0.4411248417229058,-0.7208998786894321,0.013527995953215728,-0.019348784994486348,4.528723362890984
0.5669536743523799,-2.126112794814331,0.08993922386651565,0.030770443823489105,3.6788492669041046
0.7317144553646541,-1.3529657365449714,0.06495544905721844,0.009421840920160442,3.908112553356454
0.7153494175423384,0.8223324730735766,0.04573977041571266,-0.02503110216818425,4.252268387854054
-0.2544676603248852,0.3415870390539614,0.14153565793605066,0.011377378520381119,3.7485694812433703
0.359903941671257,-1.505269824312435,0.142655764734593,-0.03937691423235998,3.9225554626742536
0.3014041432619592,0.15885872105732857,0.05275811702674868,0.012862218669652368,4.07241279786683
-0.32594455894432434,-0.7447537838669884,0.0342070501281188,-0.014374925470360976,4.586780208343332
0.5911210866703291,-1.3053497823667035,0.0017880721730245742,-0.0616446843642042,4.572526304090573
-0.43702757063124686,0.4790848230357173,0.042565967901164785,-0.10115734783219124,4.579596193780942
-0.5544286968939816,0.58774997180664,0.12351060296366882,0.01154527702460078,3.9641466564066548
-0.3369135924880464,-1.4101700083660678,0.055858459071410536,-0.008505134929689824,4.466292212593185
-0.9682713653539211,1.5748798557728954,0.07392135934315389,0.06408184016060142,4.017075160482628
-0.2552016081780299,-0.15282838015057948,0.014460372597643809,-0.06423069699761255,4.5821239684722475
0.0027298482488410376,1.561932346726779,0.036788001481891104,0.04733227069235313,4.022533830670373
-0.2596268102025816,-0.24498735391953058,0.1102301054279834,0.04023250618713148,3.73790595067482
0.4061379313310165,-0.14823065244246456,0.10184316260150716,0.029263651386148993,3.607139928414223
0.4690260409149891,-1.0497430550159947,0.07982728678161019,-0.0361046655520185,4.237501561542377
-0.23389466161184458,-0.5010442484131056,0.029030786887272463,0.007212665566361783,4.451802179076855
-0.4088757340883161,3.1622997279685423,0.032942766735152465,0.0021904745434235167,4.504411857649133
-0.6335815289800507,0.9536576582227683,0.009767048942884484,0.05848749384797222,4.308947470738512
0.3783534137916491,-0.9086478306830111,0.02633673130421323,0.11054378376188473,3.509592193089826
-0.17430017726662506,1.5054814576240187,0.11231316961024204,0.0957123678968414,3.279096681615211
-0.43722784200046777,-0.3210371490845711,0.09445351118383999,0.0072365781326137815,4.131818545460745
0.22610737864777652,-0.13983100666913695,0.0008483285657054167,-0.016385836724883664,4.584808998175983
-0.4052319237303612,0.9453001771270872,0.0450055728637472,0.008487121335558158,4.389048507115753
0.0640405162091804,2.502827896011271,0.08408574171153604,-0.060209896063640994,4.491292384092198
-0.456676093686422,3.0011629455301225,0.14653153673099958,-0.011753125542371805,3.959018891221446
0.0324250823818169,-1.0848089442787807,0.00442679689640857,-0.004331560471749874,4.587486225377182
-0.06225896146852632,-0.6172731621661061,0.13492537075927877,0.021571616808880395,3.6618336607294775
0.1764981618646435,-0.8105007239383536,0.07949421895529826,0.025975091117571666,3.883192053304514
-0.05675003945701507,-0.9515330352122104,0.0704604789327435,-0.07414812806409607,4.5840793113821
-0.12108583803316422,-3.168863944956414,0.03281166803443847,-0.09719490274784054,4.5809838956419995
-0.18402405726800425,-0.6547697581220457,0.06500331279921986,-0.052409740251401826,4.586984699251795
0.10313604929333763,-0.7024657693375096,0.07201169950194154,0.051738333901574354,3.7636610416948786
0.302075478872212,-0.7890897920751613,0.0346650393018216,-0.04356566108092861,4.5792421343173375
-0.18829827882642974,-0.23646329471565775,0.07963035889956405,0.04313457456354821,3.872040788509922
-0.9568897588554409,-0.13000136089386236,0.13902201624284632,-0.021221146295920333,4.245974235141479
-1.2616740409334306,-0.7960045010952999,0.11288835020999693,0.0064666968031391525,4.319325793639546
-0.2185760603630812,1.353439931124289,0.06925774274517996,0.010035308545601591,4.1743887694606325
-0.6866825595928762,2.719329864248797,0.01658231364681481,-0.028320801999959767,4.571896743621158
-0.217195105739127,-0.08399828027751655,0.10547899087172648,0.023165798931748395,3.867571002942716
-0.22931718652216537,-0.9254271902934135,0.020917406301972887,0.002359328837404905,4.544734958505355
-0.006596750592064716,-0.9510273721040415,0.01089696034398245,-0.06397623440430757,4.5832234205377365
-0.8792486467432132,1.0189801467326114,0.005215833779977446,0.06903420151701754,4.334460527219977
0.36664311541284833,0.6622663191089009,0.03915401069619825,-0.04710059221023128,4.574216348591699
-0.2202310083837523,-0.37289547854301763,0.11558270278498911,0.010398613899937011,3.90984253930701
-0.5887451021089014,-1.8830179825082625,0.0029502514557589524,-0.09333121169948738,4.568526425375344
-0.4714383666240023,1.4225705915733828,0.05117178656228697,0.002857673355086847,4.414125750682394
0.9493289613765006,0.3389335627942416,0.10382436082650102,-0.019398991804753494,3.737787675438335
-0.08180560100946006,0.05586611719567176,0.017163957672941193,0.03671122640414506,4.246207182032148
0.2610441949313014,1.037409828745094,0.0688147860982568,-0.05145999923233564,4.456491024837023
-0.028300451700982065,0.4348122151618519,0.09842692717415308,0.08977138801793677,3.347858215014918
-0.3879454897812325,-0.6813061186822449,0.04608418696848492,-0.0006604204038933182,4.462117694926312
-0.5938554252759012,-0.45034160826937464,0.05594874313933561,-0.0025595571561795338,4.4765236300269
-0.11388486270597865,-1.0209766182156454,0.0857405874903603,-0.06700670635701646,4.585321644698591
0.3582532911346269,-0.136048141994132,0.06984382248992016,0.01251120645816897,3.952072491016219
-0.4503287269222767,1.1392684602840435,0.04376571632856423,0.011155045495560666,4.39174495505499
-0.25020321173733523,-1.1973172613183403,0.02924882304637847,0.031919030865693754,4.301168679137383
0.4196130953330626,-0.9834651810720396,0.12396079585726323,0.022280961543009584,3.543774705643633
-0.2726487274635823,0.3740530975976073,0.056536583298792666,-0.03536473393580169,4.588094552158564
0.08303270175111367,2.3553066287829663,0.06973662725438769,-0.17156078177158143,4.575481445345068
0.55654675033591,-2.231915772956919,0.040491198308616624,0.0004201302056709899,4.223803774014753
0.4185375690039068,-0.08655137537544935,0.04837361042145233,-0.029668141570882614,4.374806577978882
0.10735795493455857,-0.39731911387083707,0.03598738362747174,0.060804402366551026,3.904668802996956
0.08160363497622523,-0.5442589191927292,0.023258053649057104,-0.03692560507400152,4.585149351279539
-1.3380512414087813,2.397272984553266,0.10539065060125874,0.07298575706006481,3.904067095786723
0.22355285436334668,1.7014480489843522,0.014263614938230649,-0.010563796181474546,4.507990717235571
0.06807760017395083,-1.141680902072728,0.07580767874673659,0.02306354758878959,3.9777921498035744
-0.41227430872296655,1.8453295737234767,0.017967646054536306,0.11222167211602174,3.8038455303657748
0.792455370209958,-0.26136260206583756,0.07685327293400392,0.019224945291040116,3.69387390296997
0.6857900664500541,-0.4324457089966054,0.06788101322255628,0.004866806851104726,3.90913005013133
-0.3361574368060261,-1.2360121837429867,0.04137437338258649,-0.043316212774752144,4.584991648517296
-0.2850484670437455,0.9458292773348962,0.005130212269473987,0.011578675560192493,4.561595101878549
-0.8246114574530048,2.0219333886316284,0.19765260239480725,-0.04562976815395904,4.034215821098908
-0.30171278165224635,1.4913096948940323,0.13782798899797682,-0.0363878853573331,4.127057331030583
-0.8926401461884863,1.4163988109381587,0.02592554991801496,0.15774393875283935,3.590360427434674
0.00966280666941613,-2.1759227986487106,0.021945766259416223,0.032153259437955016,4.288370641694108
0.41518793167981743,-0.049860496309294663,0.0660759866043309,-0.041625367496279764,4.351340767234971
0.17115843515860238,-1.6883562221835744,0.08468365561895846,0.048987965322347234,3.715117222906235
0.18963433598583498,0.02245639219538162,0.036617521324642535,0.02793600918476006,4.100642909530178
0.0005265912696395984,1.0353058542848026,0.01095546500934958,0.0752934063212582,3.973906856263001
-0.9966783401308329,-0.6868562807492853,0.053381331023970996,0.04593541969490455,4.286644943602546
-0.16475751131923297,1.1788415216609245,0.08302937298017174,-0.1019979408209262,4.583672597210097
-0.6250325320503446,1.4619384448689108,0.03666807404072777,0.0063530104841754385,4.520291698132773
-0.04169724713552863,-0.03318740638245631,0.04329688989514035,-0.021446105638834322,4.496295325933859
-0.12217543219031815,1.7603890743590853,0.11386074185616142,-0.024692448651046445,4.122636730212322
-0.5902528835140987,-0.34575145380965466,0.19114601822601684,0.02750900439651126,3.486746976917928
-0.28676217702059,-0.07683161930609166,0.10219932365483461,-0.05274599862679087,4.449017912673102
0.2977238956822684,-1.8261592256698338,0.07446943861593457,0.07473816253098457,3.543567044501658
0.36371073291138406,0.3486127658074983,0.010821894362303686,0.07942292582240339,3.815402612980682
0.5116037216524131,0.12052880691643977,0.003650026819077529,-0.03159675754814716,4.575849859578438
0.2727236784631921,-3.713023448867052,0.0352785873370434,0.09117660279193368,3.7389337068827917
-0.2657029373940713,2.4566284409278722,0.063478227961435,0.08511910633105291,3.683180541460766
0.43575373587813904,-2.6408078656587715,0.15652657639833045,0.009478017732201126,3.4877142045955614
0.9511914210579451,-0.5049093610842246,0.087471869139195,-0.008301444751401271,3.7796507855674544
0.3231942930024371,-1.3849944656019588,0.033301534071576835,0.06465255683890701,3.8480914328456417
0.9285534400358606,0.32912962245410415,0.021538421371317097,0.022048142385770634,3.9761881953796623
0.4871991031802314,-0.33853352118379604,0.06539135701766101,-0.02107937900239721,4.1885794037550355
0.7568741465437985,-0.0019164603476703192,0.11346473140018408,-0.011348002414890902,3.6904777895298917
0.051187577073115054,-2.238330983802757,0.08734408339963977,-0.12247355666452163,4.578176209311152
-0.7349584480594791,1.9993215662486343,0.07617687421246057,-0.0223241445663565,4.529362379190349
-0.2164327511402988,1.9405348352522025,0.029048583133310213,0.026086280109247795,4.296295678399737
-0.04079183801211978,-2.8088991840147357,0.06151851984509146,-0.08354230439771151,4.582901875691372
-0.4325250162319127,-1.4253888170303464,0.053539819845945524,0.014029787706942718,4.352831828421701
0.25274276578847393,1.1251358354768046,0.02504865541044876,0.000566517770268769,4.351083944745165
0.7544881726541186,-0.9361752506732008,0.014492081438828653,0.058362844155667004,3.840223941076195
0.28717993386883844,-0.30205695927178783,0.040766775424939394,-0.07504218572516563,4.577485494443187
0.0022673601644681808,-0.04630418372797134,0.0361659495480485,0.05462180212878162,3.9746166840628074
0.08336399209786023,2.138348623351696,0.10034579861505769,0.06290199919389414,3.4903182943337674
0.5115931597556959,-1.217159949237463,0.15300339554248527,-0.0447317730279158,3.826244308068312
-0.7029282852594041,-0.5034135328549246,0.09269612594315613,0.04036114423955051,4.00598387393168
-0.6657143040842664,-2.415191759437524,0.0072399592150863955,-0.0664209518457463,4.567511627312289
0.37098827782453336,-0.238499009478269,0.007972451692808835,-0.006779394707713209,4.4791113119120585
-0.6321016408156535,1.4969462254964672,0.06482499834214928,-0.0030839800994977343,4.4283745633700695
0.6674935600877214,-1.1206765683635218,0.0837053765535617,0.02126536551777554,3.714194516725678
0.34901032095646334,0.7517193493486262,0.0010045567995893847,-0.07092668047377824,4.578948010245686
0.9498267446986187,0.9581938116209616,0.0979930640519404,-0.021921431800600077,3.7961954088589476
-0.20922349988028427,0.8830228079200078,0.011149307382779137,-0.032534325852984346,4.584981378042308
0.814920258679146,-3.460910995387658,0.08671403036833779,-0.12191859544373305,4.541305168150718
0.5981287917595148,2.7492477498073282,0.03133665083839315,0.11212040614746577,3.345427002898922
0.5603099872000735,-1.067870872874035,0.010407372334141015,0.017011598878687306,4.251307661491363
0.53300643100931,-0.29306571069184806,0.03785190567911582,0.05341926451282021,3.788401997414169
-0.20920581020689663,0.31860144266064794,0.02359666883129748,-0.041616614542369,4.585457066892435
0.7101187846241138,-0.8448810111046398,0.006309624141637139,0.058034567528976455,3.9086485173793553
-0.9785873068242336,-2.5312524149367173,0.12935487801632178,-0.022303950871052754,4.387566677734606
-1.3650739500165379,0.03188463655110461,0.10274749821683923,0.004584688955836572,4.394041562830724
0.44947613415238147,-0.08246945597834804,0.09508729020399309,-0.01727276287973966,3.977430810123273
-0.5135709230264194,1.16248179719972,0.023876245291169412,0.01049508941395531,4.530292635142349
0.13444432421741473,-3.177453662471985,0.043186431373250116,0.0069615085417505974,4.332899758130839
-0.10470897867915502,-1.5468116290159446,0.015560587900249992,-0.02026076430043723,4.586566467594277
-0.43192797231441543,-0.3092516419934172,0.023469058995143226,-0.12141891534164456,4.575349521407906
-0.3290495435068023,-2.1091916118486838,0.07335124310700607,-0.010876954840491827,4.400582461346105
-0.33337342319039887,-0.29517847276716735,0.06318742756298491,0.0028421685657009504,4.308914867746953
1.2965956837459618,3.0344457616596117,0.14905454240367033,-0.013754227534955697,3.2293871300079147
0.18081010413734586,1.3563062599268445,0.14153034969402514,-0.0035583844351040252,3.6857104011882282
0.11831364947357322,0.2369446792673069,0.09563525801379702,-0.012063410876370757,4.055643996611669
0.04296381294726032,0.31101079580548147,0.0038721875205574466,-0.0015293694867440464,4.562335093203497
-0.6908248246419713,-0.4436627174031272,0.01694539253057851,-0.049369057475358934,4.5705170184583
0.7085267542699991,-1.6474898909068871,0.01433559892303395,0.04453420098129732,3.9873075034522936
-0.3052071965555756,-2.7139002375336014,0.03256222286723435,0.00715193234672043,4.51991154932732
-0.5472401169572293,0.5312442538253043,0.05657868632211102,-0.016518799451256283,4.5422558245432905
0.12509118977717323,-1.7366652474393205,0.10017175406732486,-0.03280889332350591,4.231582822508964
1.2334929005302084,0.26728190087544523,0.004414349302899404,-0.046407710703324,4.511307192441253
0.862205288271654,-0.011905079502842171,0.06007311745916811,-0.010329752032739097,3.9945122545238383
0.4456303293386248,-1.417533985985861,0.02116885098066216,-0.03872987706874914,4.576129823187311
-0.5959666113146568,0.5824945801915743,0.02689193279043992,0.00852401843392441,4.551826043225235
-0.7703171666880333,-4.096617819943641,0.1312347266619212,0.052296956030512834,3.85126310426205
-0.7091385058437422,-1.9026259802706154,0.012273433020273514,-0.0892785985626432,4.565813435160222
0.6839070967430679,1.260993793317293,0.0695669706782851,-0.021358925408911374,4.081665359503447
-0.016357949202064383,0.8810699213526385,0.14498318321806428,0.07503939410822486,3.167291281108984
0.07045293183083157,3.266527882825895,0.01991961512082645,-0.03673162609497836,4.5853773645618805
0.2138049439728353,1.0789358798278188,0.029458211752797513,-0.025786007657055694,4.528473564206004
0.11618078384737492,-1.1771030493724586,0.001988925013921451,0.04020951244864564,4.2834737097793605
0.23812167234676332,0.16862005752731682,0.1066078516794008,0.0465240707765959,3.5107234074712634
0.20114909246324522,-1.7960312173203954,0.04379388516790619,0.032858075166934626,4.075188435667056
0.20425656215394325,2.0083980434996094,0.004239694379473161,-0.016411779104796662,4.58510993646857
-0.36957757907262884,0.13583544556587418,0.034696678130000484,-0.0016360760185795686,4.5090137766355465
-0.0200392767602191,-3.8855876297481595,0.05675600137128375,0.04115062246406379,4.083476245003677
0.5563339945806873,1.9370542756591687,0.042776653822827526,0.033060098177635944,3.8918955894158005
0.8456572246163764,-1.6820473938531202,0.030719018240008136,-0.08637641517547753,4.554046632015167
-0.259768843225154,-0.117279202178745,0.04116899518983353,0.012644382122202395,4.3387093265915695
-0.7430889497302371,0.8888238455012989,0.05637931303822147,0.023361499249404727,4.326997052185389
-0.19348904815513712,-0.15666224540293613,0.08772936947757842,0.005576288316986627,4.093031259684498
0.3108484633434557,1.836620398145706,0.01799324638755191,-0.002039364897398297,4.3945741058346055
-0.7437487439083754,0.17166146351610825,0.028181142116855764,9.518966340827822e-05,4.572485375425905
0.006241286482075441,-1.2362124244922712,0.01859921083862844,-0.0047886191487530195,4.545328982091619
-0.40300669948644896,1.7691865816769803,0.016870306383207523,-0.04744033498851433,4.5809477783723285
-0.8588941952934088,-2.014166131331579,0.14179724908957708,-0.0046401577251353075,4.144438634431168
-0.6137452847249709,-1.2158508020354621,0.0827302075949093,0.002093303967360366,4.321894089737271
0.07608233532366827,2.535629903066389,0.03003704554310374,-0.027817188974945513,4.583301181938089
-0.5087261058801139,0.5014241145523217,0.06943535324513148,0.06330950591907897,3.8927847787358982
-0.17567761856465974,-1.5952120453447316,0.01973134066038837,0.01890607469107191,4.4375990906074225
0.8991985444565935,0.29459690223450935,0.07656465588912666,-0.0761295792527572,4.369774735944927
0.6750272797312626,-0.910760819375521,0.05982253646615453,-0.136794237089681,4.556891030291907
-0.46125144176378474,-0.9377174090253244,0.008727549401860742,-0.03975677858091471,4.578009724067192
-0.14013249850870277,0.6135553767632217,0.1328262587572339,-9.997071021700089e-05,3.8393207352140317
-0.006736616498681706,-0.3653698163023721,0.08048991926675028,-0.021842571369921224,4.27423521440717
-0.336908127651983,-2.0192576055640736,0.0574700956460789,0.053999812186632135,4.03520814088096
-0.6467897006827585,2.852688698401055,0.05575456375318747,0.11368636069094813,3.6574236672696916
-0.13412879420149315,0.8560281010913642,0.07025594187321382,0.061809407974172975,3.76457371790627
-0.12359320709089446,-0.5353290504617322,0.04499510133953675,-0.03385873970850054,4.587459748048864
0.5378342524072607,0.8304253454975234,0.07766223218502406,-0.010563438846009575,4.002805495908303
-0.7036812912153275,-0.3659858440116436,0.02464715635445889,0.023049085696510027,4.506155641891344
0.026127090175609543,2.087321760204163,0.07472653858856454,-0.03254906721343822,4.363140845494967
-0.35119792410914225,-1.3953121219740576,0.04256258800037208,0.04101964033165689,4.198292481763898
-1.1521406559908505,0.8508871484164325,0.02325238932372139,0.06079160491689433,4.373746481733307
-0.07739790128095711,1.3273095955512682,0.08182637616191979,-0.09300535676155679,4.583073937733618
-0.18787337872228105,-1.351766897796192,0.14369516868256146,0.10674994989114382,3.0670129270349347
0.48912675337777317,-2.985288554550981,0.04478969600540368,-0.013046832287597772,4.3428677012316665
-0.7142170877959102,-0.6551653834681768,0.06562829693933585,0.007192988570308478,4.397996473312468
-0.4375504927826638,1.012446894736621,0.003984200224360029,0.04948817501179183,4.345274563459059
0.7403443467010027,0.860649884676967,0.04415506512042373,0.02599799315859136,3.8675553224848374
-0.21618999722213275,0.869022098280777,0.036982525277415496,-0.02706323184662099,4.587628728597518
0.5609441763096957,-0.07513426211671928,0.07225248003326505,0.10575544344841387,3.148346041637014
-0.43886844338722086,1.2860363806823534,0.05038073345796079,-0.04246599017771105,4.584964903205784
0.015928896754107413,0.18267328611807765,0.16835848345843185,0.04552714837190105,3.22742426022453
-0.07679074940785134,0.2997595789635269,0.06760603538024278,0.07105964121234222,3.691516972096545
-1.1443100168576181,1.5766423809936323,0.022154373840385943,-0.01570477568104146,4.543091929190726
0.10869617335635458,0.9606230263143478,0.09933242201747838,-0.03986421494012978,4.237338491653737
-0.4743924489332572,-4.445336832188328,0.010524645439103253,-0.025176622007252167,4.5765239526200645
0.12600321079198656,-2.397407687844759,0.05023384823930933,0.04079936033865756,4.024684808997338
-0.186394891189865,0.13596620295545023,0.1219480119475596,-0.04156757835454991,4.2168364650030785
0.31379246562169655,1.0611662420112804,0.07113841225588702,0.011381134810710231,3.9641592458947104
-0.5552794377904937,-1.2901313802406293,0.01894001146520939,0.04250541579878289,4.384394178686815
0.41137384658534254,0.6129041536603895,0.08207348106776964,0.03673642786172893,3.6693187966340544
0.2754604920907059,2.6405778339878183,0.19918724453644068,-0.003893032568292711,3.284653717284489
0.1315386080216505,0.1716988525504819,0.09105058100382842,0.02284687563483212,3.824147875950525
0.25610792825628026,-0.4130987887180722,0.048296790348033546,0.02662794936448472,4.028331697437114
0.3712162041466656,-2.5076908500550674,0.009316070123709023,0.060938474989207306,4.04392938993539
-0.7460164449607681,1.1396523357973218,0.05286328055414093,-0.08705779648627045,4.573328184377422
0.08141036170571148,1.1539139244702312,0.1468181908072606,-0.015023834297651693,3.7760909358221477
0.514403849586731,0.173834128682,0.039024008364631345,-0.06986153594053765,4.568891580015171
1.2318446138513652,-2.414494716512959,0.18318513344904577,-0.13615777961346281,4.062344087109047
-0.2307688692597537,0.02336953849077301,0.054384804516000904,0.05504895600573875,3.9429083333943473
0.3911097981708013,0.1383683382360021,0.07212538862515554,-0.010652056390343362,4.09247348180965
0.25939192312585385,1.4779539532544559,0.03170589239384124,-0.04093824168190213,4.580863461774523
0.5553326239330385,-2.0950564628872543,0.008042509417813823,-0.08306929377934513,4.5724532650926974
-0.09220229985730836,0.21815346292400994,0.0151681260154302,0.023000710002164526,4.3605595826359655
-0.04525657612385509,3.7269125197601136,0.07997203905706046,0.07320756134401725,3.5890655196548003
0.8452115149506184,-1.1450224456582818,0.02851187604249407,0.010653582841760469,4.086261377038248
-0.7692218999551873,-1.8700454357721512,0.015511481255105397,-0.008374132966915259,4.566649256611372
0.22366006024892818,2.2653992575987254,0.0020750639893891898,0.0077524362657435675,4.449086153165144
-0.216094270081637,-2.26585054928925,0.07994520632692981,-0.007581948596281584,4.3069942092570175
0.6243151324645134,-0.1654069079976162,0.08851630968343215,0.07621755838689621,3.2464094889261896
0.057955769778807835,3.069647164778588,0.03958710324940337,-0.013747483518738335,4.43021256745005
-0.22498004908052222,1.4820135699667347,0.19703652126791546,0.05507075383993973,3.087818736888057
0.07842354135555618,-1.196868605325165,0.1305624156021755,-0.08253535600787282,4.399502336245331
-0.6217882954161736,2.712056124747781,0.016564338028310886,-0.008554180378333116,4.5757712481698825
0.3255524477074296,1.8207936077079028,0.054981139189239116,0.002027084914972495,4.129866079294836
0.5186662800815989,1.374535369214235,0.023864769259739443,0.015159282804255395,4.160240582066742
-0.8530514085652688,1.1077356012097532,0.09126873189462315,0.01314508410259816,4.237653445917745
-0.19184474592792183,-0.17411121392628723,0.03318779993166334,0.04067910276035167,4.164279165432525
-0.4348951995654716,-2.320465028784544,0.09958188388550544,-0.08494295329099016,4.585580715710478
0.24211392421770983,0.7915129681401881,0.055850293128479445,0.10027459955793071,3.4233112228725306
0.14735769291930115,-1.5840532355389265,0.023249220704842984,0.10012787662971985,3.717224998963251
-0.4488127639521286,-1.0581991563684898,0.021746401008335005,-0.1034264527628017,4.575744053969303
-0.03037514007279095,-0.9663975359634804,0.05569929006706059,-0.06349381082698,4.584545704051843
-0.04296360034447755,1.003021453754885,0.054445429345170035,-0.050465549518822074,4.5858157024228285
0.8894181410952501,-3.7869810462657094,0.07562976502050515,0.007293978872704943,3.8804622262328494
-0.3866217664136402,0.058693036556595676,0.06622219286585121,-0.1117340895377898,4.582072176224255
-0.07037691924887618,-1.8442079947915262,0.06174683495267403,0.048373598813094915,3.9520462840897395
0.19686341594213688,0.9744883980618309,0.04630582846707924,0.01956383676747254,4.100028507384191
-0.6976385064298474,0.8168730021324734,0.020424992744757585,-0.07276836946850028,4.570007869002439
-0.08850055750612705,-0.7532977397559082,0.03491466838032448,-0.044058767151519504,4.586094190441924
0.6476197280596935,-0.6281575536700627,0.035048085782186995,0.0074149905909418265,4.122036058152276
0.9714400881435841,2.487223994880175,0.05819365500446761,-0.009155197058366413,3.9563847542639694
-0.15157126354345507,0.11237669142616805,0.09255655195432373,-0.0012827323505996543,4.093468007984056
0.2841779976355733,-1.924524472129368,0.0353812327876283,0.03826891715453538,4.062116610516146
-0.33795018231676865,0.11831674779263796,0.07082980444774321,0.052253363196056446,3.9039993770297015
0.39367625023636504,1.8087010377376218,0.22223686343520854,-0.04897240431182486,3.417601515236359
-1.0573485093405135,-0.23487595168135295,0.08403827688023378,0.012323559925018992,4.3552859139539395
0.04869547540180087,0.8177277810741833,0.13840358777787634,0.05571382345692799,3.323141797149627
0.04526070701677258,-1.7484285430378959,0.09133015959907015,-0.010613182530643,4.154826085007346
-0.7700763954842983,-2.473445480791965,0.03415487243182352,0.0882928054635041,4.081662051707541
-0.025649659816595127,-3.683950537945294,0.10289647700147601,0.010179278503134126,4.027232590555677
-0.050999184851890415,1.3448011657101817,0.023300913760866147,-0.06544688858436601,4.584055124992263
0.1807509787322226,-5.047099137997419,0.03440757116182799,0.054733854287901264,4.087540408874133
0.22016579495820868,0.8749364430271507,0.08086736439690728,-0.023898047962549945,4.196132414524024
0.264034907329112,-1.4946408349648455,0.1204626077999206,0.08327360798151896,3.1952300167413767
0.2849494826850934,0.1092105697799528,0.0021249805091178523,0.10291829167078592,3.721110696602493
-0.048329584959391866,0.9946525810964728,0.0801680039077034,0.12509731394858567,3.20394647937876
-0.18419911589179666,1.9251478764093795,0.048038921704143624,-0.035239834391044354,4.5877802978026025
-0.37287201131431685,1.4871078586958304,0.08928376352530283,0.030327639620320947,3.965338139168643
0.25156626774501256,-2.2065462294796014,0.06362584789646362,-0.04701290138808034,4.526713559783074
-0.5623027602911352,-2.464543734451482,0.09966152608331934,-0.04249611773682119,4.553776853955501
-0.8074658971897173,-0.372118837339279,0.02446145826418589,-0.03784584016135717,4.566822258783901
-0.09620670416092919,-0.4715249169774822,0.0940101717836351,0.03523815242554788,3.8173891412294605
-0.4450369739059708,1.844585304275998,0.03279487962475374,-0.06770066706346019,4.580709762280482
-0.26926253568665537,-1.4693432904716865,0.05731252354204546,-0.10348355483156119,4.582261379022118
-0.035280618084979364,-0.4467445696944692,0.01010138945107383,-0.03123978962791817,4.585935863047349
-0.5066998859026172,0.25442303964557156,0.020366059858066176,-0.045071084397791755,4.578743200545924
-0.7580289285323399,2.065534882411356,0.08609557878668321,-0.05719861896506822,4.580178456747578
-0.5975854596792849,1.9985398536777204,0.04585567690316115,0.044967708384753786,4.188301579616682
0.930655961007691,-2.259122686508307,0.08521228951136427,0.0432710089430948,3.4716246018070365
0.8270303216567602,-0.9769635896220281,0.1304681911966334,-0.010290641154016216,3.576563937141878
-1.224528536372587,1.9343906213248512,0.03805954814037939,0.03231321413204589,4.510947480004176
-0.036147829648746896,-0.041972709315136955,0.04650272368267512,-0.026280012192020315,4.510074985519312
-0.01845598407777063,1.0049386298500111,0.08456819442560141,0.028437005754235842,3.8789146780057666
0.19451605821457318,-0.43321446495905147,0.10892045043985432,-0.039108711467406326,4.156282534083921
-0.8509448839185036,1.3594649156147942,0.03641169465844246,-0.0886054780116835,4.565504934279172
-0.01083199591981782,-3.0289757847453336,0.03557694698527141,-0.006079552339868234,4.512941818180311
0.017831033365276076,-0.3580185366815037,0.008815633457336448,0.05015906583769987,4.176654758929617
-0.07039543953731094,0.2608341480848268,0.06912431552278842,-0.08386442497028418,4.583749519383912
-0.8461236429241167,-1.469331995631548,0.027962881696550257,-0.09535170728577624,4.562787886518845
-0.6927976145710472,0.4248721009536492,0.0481015837279099,0.01335808311098419,4.427619345999919
-0.4815018950741447,0.5004155299384542,0.12648114066016655,-0.06693765750266524,4.467970005940998
0.08193646541465022,1.0127778197111383,0.07787164770954515,0.030514183469197504,3.867424312228613
-0.9958682508901119,-2.468844817885511,0.12433201795134194,-0.04759158210115307,4.5750205056630175
0.06323703296488431,-0.46326636851594244,0.040509406787490876,-0.02525382982552061,4.51947443678765
-0.8012058105667874,-1.402821165745659,0.006556934750785665,-0.010445023475667295,4.563019580401659
-1.2861725830755277,-0.7264766041353659,0.030435939404601715,0.03288371789264947,4.527246095090888
0.4480977040741805,-0.25081328779619294,0.07206039553202112,-0.05704149956780689,4.421425223026759
-0.4998380799409188,1.2232521917899486,0.18612248214184596,-0.03919157727886748,3.9361049075378856
-0.05382919332757587,2.6370523142847464,0.03698046033173091,0.018329230987832658,4.251430107898765
-0.06848064384298537,0.7645290821346575,0.0761160741461181,0.048802609396735044,3.800056989682723
0.36272794089746335,-1.7572117492892625,0.12017319854509602,-0.05164370196466931,4.15949917741321
-0.6038926464871786,0.35739059512524884,0.032377841185728,0.041819168405791786,4.289292977294116
-0.4101382434747823,-0.5583712408378775,0.0027818452986662807,0.030147574251450787,4.497672322264039
-0.6853535532341933,0.816592845500317,0.06302635516024138,0.0006594987877120171,4.429307638447162
-0.18442858343310958,1.0428139148710809,0.048606836491961514,0.018696402894492186,4.223141337422743
-0.27321119424150675,-0.9223164972950271,0.09780600432934666,0.031506742716120854,3.9019132072464444
0.26870212226803114,-2.528755301611001,0.04070515024913185,-0.024564191958901176,4.509534805061452
-0.5891665438070318,0.1293884000567745,0.05138243083405013,0.00730908133077481,4.418893083142637
-0.12240163691163772,-1.104886566836513,0.18201391971752012,-0.016686520720618086,3.6937132380216164
0.9813651260094818,0.9317921993962655,0.004374135868968748,0.0399704573481249,3.9320909368816532
0.1605861257239677,-0.8646486837081444,0.04801287298576,-0.002249170235755963,4.288664935483309
0.0005363921843597956,0.7760809247259226,0.011483968095993684,-0.05603627176132802,4.584154063981931
-0.36180421421595815,-0.8528159549125841,0.023931054228117088,-0.008026274447697641,4.585222955770427
0.572170294952038,-0.5944806348132368,0.1516617242602715,0.05649488768676386,3.0252781439456653
-0.35686671224705757,0.8073101155167217,0.024609001856148786,0.01442847106347347,4.450095074929177
-0.5051328707426931,-0.8507751779574078,0.05435183902927069,0.09132022251913223,3.8057542133440516
0.8117130942242086,1.5135576218063322,0.10775892246357105,0.05920917249091832,3.16202274394772
-0.4157651307783974,1.4253925202075368,0.016577293628315313,-0.03795770636984941,4.581258865586346
-0.2731628581129263,1.0973901977757219,0.001228290561946821,-0.017310854529628383,4.583940429791232
-1.1482350571848758,1.9159746540026819,0.062289861644233106,-0.018547160172673972,4.553150202478771
-0.5896580829440844,-0.7954759535932079,0.030453603934924738,0.007119618134563018,4.562507754006267
0.31287601919761193,-4.115735686312133,0.1773101341314386,-0.020872460704317655,3.685449188758363
-0.15147839276763658,0.8387383265678626,0.023001930477333298,-0.017726685613478232,4.587679726992769
0.2451729548714209,-0.07789303030024494,0.024322694916839686,-0.043884691833072975,4.581610225696022
-0.17776559937904862,0.17798028989124842,0.23740354093226848,-0.02233002258666014,3.381545657380767
-0.15314212885379722,2.6790356357374074,0.002332859999142738,0.019995934886987962,4.477501388315224
0.38256098936025074,0.43730769423589455,0.057639041613981895,0.09281333733936527,3.4124086491026637
0.2914241314858762,-1.6296227086938027,0.07010901730584773,-0.048600696689122695,4.46772537975943
-0.693663331881051,0.4148205650186964,0.08574422672190428,0.08009386071743767,3.744481123573555
-0.4448685911057799,-0.84242975842192,0.17441902858903055,0.039933320360613755,3.455693910267448
0.22841515154428743,-0.6941303162805808,0.053644504213468606,0.043642586580668,3.8892585153169286
-0.42065665696853244,1.3615320124730548,0.044384472777183666,0.1026111080669437,3.7234375083757865
0.25078810969663523,-2.3828755339455854,0.031627546098243864,0.019616981918407238,4.247366065410726
-0.03409225400796933,0.4670512555747042,0.01975196160392956,-0.05742087041393246,4.584489570091314
-0.2755560387149052,1.474727798123851,0.04948213031716604,0.020942768030184387,4.232286976661316
0.4158144271555542,-1.1849735139169972,0.19835732261129002,-0.022584061348794378,3.4115902311946207
-0.9860342187697094,-1.3995135730605284,0.050453056120673904,-0.04377211729551442,4.561275911657759
-0.142864395749603,0.07991109259594453,0.05398840050640914,0.019762141379471694,4.169488253389598
0.12672274787310664,-1.5769123580153437,0.09786324728489505,-0.06830262392844494,4.492352549950269
0.6514633704469028,0.2956735146842762,0.006624051034607045,0.03376846740520076,4.083677506133385
-0.11377503844420012,-2.0685834962009295,0.13193494372563624,0.08186851426715912,3.315837435296247
0.5861551409054984,1.9903242588899417,0.02272969432424919,0.021215026568969907,4.098377921996092
-0.31933322635413025,-0.8176847091780723,0.04951331483347814,-0.03595452270522544,4.586775587096129
-1.137914143922114,-0.12935414599258543,0.15666942915189064,-0.04245233972748437,4.351782413826024
-0.7202148811869842,0.11288895477001235,0.11297185162696373,-0.045674320807673724,4.4772108895461935
0.33750178536107495,-2.6422669823935556,0.23678023990868016,0.03848384546895764,2.809186651865563
-0.01019544208228288,-1.8205569157796753,0.004820898436188026,0.019530696365148727,4.475730040558427
-0.11636737211300069,-0.6827233111659785,0.06995606945048528,0.03307278893311962,3.991344058455886
-0.027074868276184605,2.7459063211102634,0.018900141726519312,-0.015051222585437965,4.58772442955971
-0.15530086715610458,2.602099406009141,0.05751664418888722,-0.0351917028552957,4.544525592809673
-1.0516031187851584,-2.302154277913491,0.05391565967316427,0.04984134791757797,4.322552427766756
0.10606737267950536,1.2363682532084503,0.0051597453929842245,0.0430217178626832,4.21040468496609
0.014910072272011268,4.81547755811302,0.006513835173123836,-0.047186618857398825,4.584594467908555
0.027441319500010778,-1.004932269036342,0.09252679093778847,-0.008378476537446479,4.1136619553523985
0.030596160851483548,2.2519940135283667,0.06819833998513185,-0.041030149273197834,4.4618131670405
0.4200343246108227,0.46658960234001534,0.0063775914165785435,0.060357153003787904,3.9664768350117003
0.04441356091038691,-0.15737832682578312,0.1340270160272447,0.028014025420320846,3.561438584274376
0.42848921159012393,-0.5560986362029787,0.016297463497232254,-0.04171173184785687,4.576997605485189
-0.4687445456839176,0.8615266593100395,0.06458953610713676,-0.07458178143190762,4.583708630876297
0.21756525053576056,-0.36986531262964106,0.006986704459232896,0.06977674835787005,3.9757043506294085
-0.13646189012959437,-0.625567482088161,0.036834164883596,-0.03185423146568442,4.587244165599078
0.2033746596303031,0.8918859452894783,0.08792722951521681,0.06091397947058618,3.534079473046334
-0.16313211928844815,0.1051478178054488,0.01108674778157216,0.08226520233878065,3.977936451585575
-0.16796448952109863,0.4276737943865155,0.07154997349977166,-0.01454137780208455,4.318901765371677
0.23398981147930628,-1.3677804590971765,0.044350619095162636,-0.05805732857896108,4.579780325730773
-0.6368368289549172,1.0138440407004166,1.5303805980233308e-05,0.03144712334250551,4.55572349689349
0.38138709147846717,1.3927815788522342,0.002002965002770242,0.02979752408158617,4.235486648833251
-0.3134965261862193,-1.7713519742833452,0.05914840308580287,0.025288093416786797,4.213200566112407
-0.5479190479197782,1.3011010204887206,0.04606916378722553,0.014808078764288616,4.383706261191567
-0.7699005004304719,-2.254661849655095,0.07072530379482667,-0.08239493294296313,4.574406879719598
-0.33097804096512073,1.7974346759464899,0.004336728673406792,0.03323276530062749,4.426143282945499
-0.36932726950635514,0.15158146662640357,0.07717358808493774,0.08076519227690165,3.6722587377352367
0.5402806078555189,1.4642115012957861,0.011671844486720144,0.05028215224517727,3.9660779368002235
0.346527333451717,0.48203848065957383,0.12262424660895194,0.02656206593354847,3.5142641908355237
-0.7064179164358968,-0.9740281818548624,0.05092388916201217,-0.02405527455402658,4.577199450948366
-0.2585174647521852,1.266273430229699,0.0879389935485907,0.13974530084960657,3.1331554524063923
-0.20041094865489045,-1.1687340124982875,0.05503970075348152,0.015235780724368684,4.251838713149559
-0.42176712302342034,2.011021955516317,0.14450412774859694,0.1279744908205598,2.9527381733684446
0.11271389432843106,-0.9789209798924696,0.02775571788150366,-0.04618702882380621,4.583962504331387
0.2532729253758269,-1.0826610498799374,0.10842813093590373,0.017271679223137205,3.748581623299072
0.48641645004370854,-4.208400644175511,0.1561148406505415,0.042274246062596194,3.286883489366215
0.18910560547669553,-1.4703601508545145,0.042700594539542766,-0.036719318299435096,4.578101588008277
0.31051561109968506,0.12088858445002242,0.03546601534235252,0.03797290177348389,3.990915338523738
0.43207479451742176,1.0069216861909358,0.012810201596848408,-0.023572716481899045,4.545549618605421
0.6941790293035617,-0.48363001121279703,0.10354337808035644,0.03753906759485152,3.4269992022308937
0.055504783893798953,0.3472454552076843,0.0004820179273954359,-0.04415589422241778,4.584468157453723
0.13101474241388802,-0.17070196443623248,0.1389239283521418,-0.01226426090154689,3.7912750769703427
0.6664509886920938,-0.29851630106013954,0.04345918654870654,-0.0031309184714156824,4.129653720929187
0.4608741436128306,2.273310177004159,0.05749960399124159,-0.024446404175558187,4.26171654604464
-0.2764198225949377,-1.8545036701437834,0.04000755763873869,-0.06788147880201743,4.583413846593691
-1.3288180829565288,-2.4102510694880364,0.013579442603404743,-0.018770113282761125,4.522355312608991
0.8089990585444587,-2.4962020379107854,0.1595321300148263,0.0310054529821861,3.1361554030532646
-0.3959949734694891,1.7643552742987847,0.05994264598945228,0.0030869601989590278,4.337528825530077
-0.41242661716219126,1.8930065947896084,0.04356276696543352,0.01727457418339193,4.337596308179033
-0.17059666958977696,-2.349261780331298,0.01916848451583648,0.028777845429624138,4.39201973972173
-0.1450461076386149,-1.0182367912134238,0.024337831814888872,0.03380442131460914,4.276848008113242
0.0486423060472911,0.39916943377180203,0.046678577300150945,0.0263042796669362,4.10020603909739
-0.050939729169852226,-0.2672234117865691,0.06029478426860001,0.02031076210333571,4.104744963475464
0.016830121828327823,-0.9477455387434387,0.023218813954245222,0.07833131661882514,3.903371405776194
-0.6336296441001509,-1.3702031224689994,0.014400597503186377,0.011301073425585293,4.574604128293153
0.2671095027189818,-1.0073942989556626,0.0020613884458627026,0.05051421094850862,4.15215103817271
-0.03837402993594049,2.1462182381062394,0.005747376778970459,-0.009994157013156615,4.587510691955096
-0.33887515025866455,0.27477319070939776,0.014199746081313129,-0.021112717016896113,4.583993092113779
0.2857843262835117,1.0979613799694246,0.18410650259006442,-0.02979553102557783,3.5672369616286224
0.01826530696016629,-0.6694403642040775,0.0001330758345959732,-0.08865701127499531,4.580723885468138
0.35183438439732656,-1.72239673383113,0.11537049363772234,0.023467114684889132,3.6436741774726626
-1.1067820584689496,1.7102774548929247,0.2566058549380547,0.01962076558665482,3.3655729555748346
-0.2960636620006454,-0.7349980399670468,0.07909195703948708,-0.021572411964449614,4.389243645083372
-0.17839418721530248,-0.23329572040811783,0.025624517954952526,0.03955536155320841,4.214454144152544
0.6395795736413344,0.11359085276920175,0.005050454710754167,0.018711304406839643,4.21156225688384
0.5040358874994711,-0.9912652783629989,0.06555519613265903,0.016953020933309727,3.920974449034013
-0.07291426021698563,0.3194638059379711,0.10971249103041723,-0.020147243553769595,4.097447388215104
0.4320602586528113,0.5185689151429558,0.030543813882842663,0.018018899392401148,4.127018619421155
0.12372666538621255,-1.2471365222187873,0.0417645263866556,0.05876070033554745,3.907201366195947
0.1453536008471907,-1.8733019946131495,0.08531985170027229,0.04594662005958696,3.749839389926348
-0.8623369804237008,-2.7875084682622866,0.1638780994101944,0.029463184119298425,3.81644930225045
0.826316826050304,-0.1635137395762554,0.03886839710130914,0.03735052840347149,3.788229064279225
0.4791546326186602,1.0518812855149575,0.05713628175245991,0.016411322265012195,3.95400015714385
0.24390604332669888,1.1065983297707482,0.028205139278898603,-0.06093306294235021,4.580387837687859
0.5739975063001957,0.16403839320193836,0.12141127094785656,0.08689602675523725,2.964856876620649
0.056603551499347114,0.9098958538979823,0.008854792426796848,-0.01983532263778141,4.586608458432856
0.13080143782133644,0.3402493818312827,0.06251327420118469,0.07462442240375501,3.617622520273545
0.02928668296681796,0.7765461858855355,0.03904115387091953,-0.00021562943348765848,4.34535006060778
0.18004148674817286,0.9640648576104875,0.08957196302964081,0.04237961476743902,3.6707214502303716
-0.00022765025674554583,-0.6675125471650288,0.07481966418063418,0.011455341070693195,4.0765114412135794
0.13799789461322784,-0.4390392209159517,0.04707063336916652,0.10314100503419964,3.5126411946745626
-0.19129373149511228,-1.4017964455059226,0.050711144335168774,0.06276445065597325,3.9412781427419166
-0.4047541533179633,-1.6596676252725076,0.03210134691345613,-0.010249685702192078,4.584693964054501
0.646399532566792,-0.40535846833333206,0.14176305557754024,0.09832312863276492,2.7248844953274522
0.618115032255684,0.30556554767953426,0.09071160622362621,-0.08809379414285906,4.464329331030098
-0.7124717652738346,-3.005175078213159,0.053895254352769636,0.04336536698560105,4.284183749175059
-0.8760147256751882,3.7498943873486676,0.007890845221757403,-0.0418472504285847,4.559296891690832
-0.5995974439185159,-0.026518772593411982,0.02668993442933286,0.07387319872412944,4.093588554235271
-0.18443662780111916,2.04527736314622,0.04033664885534861,0.04583147118383915,4.0767429853111405
-0.518364553369243,-0.5741877383918355,0.1190374933394631,-0.05765916911526295,4.476494609712688
-0.023057316990492734,3.135099805444594,0.16791791752151206,-0.09467382443505673,4.256316781689609
0.034518553900534994,0.9842740580405771,0.0910668949762521,-0.007158644818624021,4.078342573540524
0.25952496557708715,-0.9287170255769929,0.07216409576570597,-0.035218523137727206,4.347707817102009
-0.1737463238494233,2.919058492585161,0.12817664563791506,-0.05856570676411789,4.295120524704085
0.07043024351772628,1.4039817384599587,0.21660538875363064,-0.02706265299943122,3.4355350249473116
0.66231049932065,-2.382083067374147,0.014426633737585896,-0.05368999863583919,4.568085026736826
-0.07646937624550128,-0.5986325047641932,0.009486409315653088,-0.03579969200755439,4.585396719702257
-0.28722225619180497,0.11810002373270237,0.1649527635097791,-0.04423778227941999,4.016319889859535
0.3172595241683561,1.8655742720797486,0.05778176022689377,0.02749887437402737,3.927027678843555
-0.7830776352824624,1.8396799221791995,0.034004784046452206,0.047303794071731645,4.2975950339060205
0.0536070742531159,1.5121519860560413,0.018812921796254656,0.06227479973387906,4.003959579621663
-0.18878065847836065,2.8997932768886083,0.028201210341781534,0.01950685211564127,4.3394918338666
-0.6618252015871201,2.522069599348722,0.05307351606438749,-0.01943996592066326,4.580311253243387
0.20615897310329345,0.06390786296041696,0.17699968988887949,0.023842570240693937,3.25048675510299
0.21596144732908606,-1.3521478932696724,0.033381833437346714,-0.03524723455316328,4.582371598463141
0.07163867306573725,0.8991257805609256,0.04719415012433925,0.020207114353576975,4.13352719045442
0.9012875576113017,-0.591422717381605,0.13234098989213872,0.0267280461286327,3.2322474296243664
0.1874873006909845,-0.9963147277082114,0.03330557882244897,0.007848577456533076,4.300062344921405
0.5854520752008731,-0.8798392552562295,0.0745164046060177,0.03865150477952875,3.6659501018011147
-0.19015104753542228,1.6083032664773647,0.06915797990285252,0.10266578540591416,3.4925797450962817
0.42292231876712705,0.5676920670312431,0.02300069391775805,0.038591647272471274,4.024212887177309
-0.8403149123967649,-0.17709017747765388,0.011495440516008872,0.048316989457407214,4.438495699774
0.1583403363420363,-0.4223013445497886,0.051875374798752524,0.03491547002435065,3.980632789403299
0.49694283250009375,1.0576781554091417,0.08410105111732605,-0.08754285240884624,4.543579636085291
0.2465540792409373,-1.6514102501833074,0.1613053103585499,0.10010559504376433,2.8273157170109613
0.11801378194345788,0.11082121695463777,0.004574440170775109,-0.05955461451407136,4.583056650327757
-0.4109811782954046,-0.6687488315746826,0.023969504970248533,0.04683235025989046,4.2610108060222265
-0.13647246108108685,1.3562677565944978,0.015496891367797626,-0.030907360903290354,4.586172595509882
0.6605634488520227,0.3384923092447968,0.0681562487379154,0.029903862289078445,3.7122843365413405
-0.07249150958419401,-2.1926875142872566,0.08676713729749654,0.0012881652087932014,4.1529644774132395
-0.03939935982514976,1.7229365711988338,0.082805871929835,0.04514177256705205,3.7755502211689658
-0.8779288886514298,-0.38933438215703486,0.04821507895282595,-0.0017396630030698777,4.568750291717004
0.3258720114311489,0.8678790336105964,0.048925791962415345,0.012346857804209396,4.091397730851706
0.3180561918485378,-1.0669037720254915,0.043459722238963765,0.044427958564424094,3.9263206992284836
0.4384426136110241,-0.97549010861956,0.01720327211456404,-0.02091472260160605,4.525827158454742
-0.598045008274957,-0.744670124514584,0.23549716201661025,0.027881219688469152,3.2455651296339902
-0.735909396126607,-0.33822053849609707,0.025410354334967487,0.04204297562372874,4.378174083828084
0.28037507682558865,-0.5295730995638684,0.011137246306503172,0.016434462698958537,4.3276793859383895
-0.09963216501471368,-1.004821286147295,0.011740290856441675,0.01892366862557728,4.442785035279964
0.7083168768766763,0.6401648624777094,0.014537554332616423,0.05644590958866924,3.8395004924792726
0.038528149742625806,-0.2755039747563258,0.09405647444448738,0.07811198782684745,3.444211311300211
0.17202988250490703,-2.5155050210862244,0.03933761349996964,-0.07650129030540959,4.580465843592559
-0.17736587592348857,-0.23549286685346277,0.020752006541519916,-0.1347628319868695,4.577713073947071
0.39263213963644045,2.6134695634517415,0.08656423410669614,-0.010588836715772097,4.000437033731458
-0.22950064594229524,0.21811843393367536,0.003155334396364602,-0.05136713377136263,4.582325516233854
0.7182922781097857,-1.2773419648590787,0.02063916999437148,0.00038134943815100155,4.263284777711723
-0.47729318746631716,-1.7588865967420206,0.10826501959319217,-0.040395473543098345,4.4420607134869154
0.7302208123459958,-2.206831021073242,0.08076848899318101,0.11504901843006665,3.0317342038816864
-0.5330172813303526,1.0478766263090542,0.00515553961868582,-0.05053868454306451,4.5748622448610305
0.4898148602109176,-1.9371667481175412,0.002704513212883417,0.068043395185032,3.9716210101374054
-0.012987810352578016,2.4072524058612106,0.058948085868825384,-0.03341205030416436,4.477497545112587
-0.28942792580467686,1.6842103575743317,0.03894397853510311,-0.01128330038218042,4.527335486095777
0.16423925924109184,-1.8983057806142463,0.019741452426090298,-0.06057098791168743,4.582189908792197
-0.10855796481506068,-3.3918596421614637,0.08830191463605791,0.01235535080591571,4.117279533354831
-0.5068133243772898,1.2121362490567518,0.03945072188763927,0.03877149937605465,4.239448548126572
0.31103996822149454,0.45804549175266523,0.12060806451429786,-0.026109473626037844,3.9310153091927917
0.2565394960475681,0.484560549151956,0.007853951207841966,0.002567327661093542,4.441001484500464
0.7669736099475035,0.03138784615423985,0.08215481417768292,0.08662237219705937,3.1391093737337075
-0.19906851439935405,-0.25115456340460024,0.041400162292395695,0.015916675948440616,4.298308314597093
0.0336328524323169,2.979623428224958,0.03211676706189076,-0.028425793040729154,4.58644867761573
-0.15685101091933715,0.9897146856521583,0.08669027693117305,-0.09284641481722453,4.584265196630632
-0.49160201720750835,-2.25065874517691,0.04012508371210433,0.0061390110507297795,4.5274320981015395
-0.12260269749039485,-0.023750340651606333,0.07295170759791693,-0.049732964538554435,4.54572049994763
0.10348008015460651,0.24748520635552712,0.05040995323912127,-0.004536898275651606,4.282861625125016
-0.036805245850155904,-1.0875634123064357,0.13994305548439295,-0.013557856722400383,3.8909233882328063
0.022731232377896073,-0.04175652393517348,0.043286552563847114,0.028431290918394865,4.115567253294203
-0.7435599030651969,1.364449249540849,0.12750517214919674,0.022171957647694463,3.934022279842017
0.26922844458502704,1.1683061897610936,0.10653370759166053,0.1189578930513317,2.9521898717176374
-0.2506789948288745,-0.012865721137236196,0.07090046106520229,-0.061004633904603645,4.586968987003948
0.3714557078021484,0.653943412576059,0.12215113180331519,-0.006104396345268885,3.7501964945272355
0.26700746411848564,-1.3372256167777778,0.20262353964043786,-0.0552508569964654,3.693125681932818
-0.811682523090491,-2.051786491514709,0.05432322259312632,0.01697197640214448,4.465288394015191
-1.1413929782557883,-1.280136926010132,0.04570158424878468,-0.06228036976372739,4.549759767540344
-0.16282696209550418,-0.7735900131401552,0.14107910658354633,0.11068833351176546,3.02036244672367
0.9061002305095103,1.4875767944230622,0.02480176478972564,-0.03805696837301206,4.421151972669464
-0.15720149704929612,3.6779936006409506,0.08287987811043086,0.04984517343594347,3.784644575782232
-0.07359295783728992,-1.2982947224372126,0.06544662442163904,-0.09919911391691283,4.582451564678394
0.510951906688015,1.229892881641473,0.01067533958124078,0.008127890076254694,4.298741693808552
0.13117148219369623,2.5362733581275494,0.14156107821327477,-0.0006666946775508525,3.6842484878492554
0.6506861343891444,-0.5872894943041813,0.1457614384058336,-0.01175676861525396,3.5469560555429585
-0.22109456630458252,-0.9288729020447288,0.05931279700315468,0.06886391257357795,3.8413330255434657
-0.09299554316708442,-0.06795675487844022,0.019778013228049788,0.017195496847644997,4.3772381226163
-0.4103815586806809,1.0674089381814977,0.01292258854666991,-0.061256778801625125,4.579165286291081
0.45634929592596724,-1.1646004675867245,0.031794622843097683,0.027373119077832155,4.079122790593375
0.16691564488011768,-0.8655123013203487,0.11681046639793838,0.07233234078819714,3.316539299155922
0.7085485450991381,0.27728585372463105,0.09069406112391348,-0.05671316554979305,4.200083881198689
0.4733067456483478,1.2636450091053337,0.02125176317707667,0.009205028642665888,4.236793366787336
-0.951283923559722,-0.46915924999719866,0.08671011197427195,-0.01430540990780187,4.496436181036414
-1.054782558673326,1.175749856522947,0.10836564854260916,-0.035126712623532085,4.536527918877985
0.30371376728627386,-0.25916600388963124,0.0035996289219712204,-0.10214692592363175,4.577779191043749
-0.37098337051816055,1.2035926516217856,0.0616762610116435,-0.003281990324250769,4.364235460277606
-0.00533423521968028,2.5078665398159887,0.020530880274907286,-0.007891720973714161,4.523139608337075
-0.022475584088351316,-1.8879030867930604,0.11090809314909557,0.0008160433050405562,3.9845764400537487
-0.48923896058240257,-2.1709464055058265,0.06397214394853509,0.04305783883046524,4.131480512212257
0.28593884570167255,0.5281876643575245,0.08457881388006293,-0.026707992701326184,4.170190943593889
0.30893905145177764,-0.7195626452031042,0.021247938595487178,-0.06228413586751308,4.579163728275937
-0.1762581905172361,0.11964216780066811,0.0996315661739077,-0.03350615944498488,4.289268522086837
0.11788680828410247,-2.584326225633443,0.08249534968588833,0.062495717058708926,3.6815924478736224
0.2665415337641188,0.6576203146220236,0.041616166392490016,0.07676827965211498,3.6792806532101165
0.7772241795460556,1.488101754164823,0.03431388757272108,0.017702380147360777,3.9812307898774986
0.23695626551593457,2.128215197455502,0.016274774343945607,-0.001186584640152975,4.423024690788895
0.38743464201129024,-1.3683628352647355,0.04062805470576563,-0.04373474624571278,4.5747890427890585
0.46157363981798755,-0.0980437095521001,0.08992462972887547,0.05152579688525682,3.491354104305423
0.33565995355973915,-3.0683610718509033,0.020621665443331116,0.04036376938986958,4.156547792238601
0.09091597443589221,0.8077754805860218,0.024832887221088527,-0.004276088422802541,4.440504841278678
0.4715082451933533,-1.323366015527044,0.02405656152435798,0.03277061167972488,4.087333168413853
0.13340156633975545,0.643805135501997,0.01348025713738935,0.002479692015635856,4.446789912743857
0.25916265064751376,1.291491899764216,0.10081337605399764,-0.07026292233070923,4.394581348232169
0.8351562422023954,0.22983995620125436,0.010475644406282599,0.012622276182121953,4.154744857889513
0.3329313388544812,2.056435250473297,0.02281515011369427,0.01913862061097124,4.201355916258324
-0.34913389704056147,-1.6555205715813446,0.01287798267291259,0.025537577243020283,4.485925956349811
0.5311181508246916,-3.4552786912562596,0.15210064089930284,-0.024676956832237733,3.7574755055326463
0.2261654547848305,0.943706113099487,0.0061837658078952645,-0.001961393421897229,4.494017655159022
-0.5771001138029791,0.4269349305171538,0.015890804952524415,0.011962473580433206,4.578573984121549
1.0356229241686181,-0.5621570505150911,0.2201489425963872,0.029822971458122845,2.535330486248307
-1.0953280623887989,-2.912506976353524,0.1030445224893678,0.007466355602227019,4.378121184968606
-0.9863950262344541,-1.329067457702821,0.05363394572292125,0.052545539679752076,4.2559364198809515
1.1007934227182794,0.34830712776335027,0.07004506993506719,-0.017883575393246014,3.8942030810800485
0.18832623025260628,0.8190095140102833,0.02458708108226074,0.017140915864036703,4.254110105563765
-0.22187379320187764,0.06375647607784482,0.09352857055447424,-0.004892142081064574,4.138180615629368
1.01008841920744,0.3421183869250966,0.026831838635399584,0.07367991492413715,3.50757096000088
-0.41384693950271145,-0.2696687959975003,0.16628883707834125,-0.015609119020422103,3.8637686475100246
-0.29917753706753564,-0.46506443875462433,0.10046788677975065,0.001456616043228781,4.094211509359217
0.47309780237581994,1.5637430167360236,0.0359436407584611,0.04108668398102305,3.9057206634786574
0.14483214638680275,3.1625500880204327,0.00016328581307144588,-0.007178145717309259,4.586643530423815
0.703850597076531,-0.5847752663902731,0.04941846356891918,-0.016186964365034067,4.185197076543861
0.2944802539685682,1.4290299072988177,0.09270268987351907,-0.04551909406099198,4.253594655122962
-0.7257614800892903,1.7584486905655985,0.06887111035928781,0.024664365535971608,4.242021403177582
-0.36229182700587326,1.3904623569377725,0.04520986717828669,0.034524365076684174,4.189096229654936
0.4682441317933286,-1.116039856266699,0.2018182095376309,0.050274574128256005,2.8165504977617646
0.7545558194657951,-1.6793538572102613,0.028011257533104267,-0.01899038443720078,4.361147319876332
0.4966353158405634,0.3044534642736978,0.055833859438171256,-0.015394039103591273,4.192753527613602
-0.2297772699716773,-1.9238848799860642,0.22415016201885213,0.06049179012126302,2.9641833207109656
0.1349429995816812,-0.13217690087494596,0.1684295700060205,0.1495201793427353,2.396579891824096
0.5832117984107604,-0.18921791930271456,0.12189729995019384,-0.0065352416610467675,3.6765612153331255
0.8143526971644914,0.10478762967707186,0.006410931729803604,-0.0124855254379697,4.378815623471701
-0.4074040840973318,-2.1423484133319115,0.07396486184448983,0.049942926286164625,3.9972728614283835
-0.6741189868093616,-0.12091220934899145,0.02314627193225502,0.021754579024791998,4.507636625556195
-0.14223670887682932,-0.9468487881081085,0.02536875329509522,0.047794488599646856,4.167018417144291
-0.3219753349054291,-1.6949227858357467,0.11495564482968507,-0.011828113228452494,4.1508922890033535
0.49171727103688645,-1.726492559061226,0.01674985352046273,0.008846837222620207,4.315945570438578
-0.15775914083403605,0.823786217283341,0.05438838468595017,-0.08613206363315402,4.584071992606972
-0.35746268121616603,-3.3920878766033953,0.018113785171097015,0.031801008441605584,4.46637658348908
0.3196913792657756,0.7729738933415515,0.033064330720307886,-0.0345721507843896,4.536009849926918
-0.3198267797327623,-0.14141526362641818,0.10220643523136422,-0.01878620850611544,4.223843185955867
0.7235056232026494,0.5889849943190726,0.025054608132174284,0.05346989112773231,3.788346129408845
-0.14764121378882558,0.604726673011114,0.19037629666107939,0.04775024348465131,3.1475727838981786
-0.19230205852837465,-0.26302871954798973,0.045900916628291384,-0.036448820298199756,4.587472185567454
-0.31189904578837935,1.4374933606424136,0.03255120451830939,-0.0027013490464125826,4.51106879068524
0.6634730846107983,-0.9627605344744933,0.1903153984189654,0.07494327654386164,2.5991951217794527
-0.06312791098428207,-1.7161522375262002,0.05352344014507513,0.01930310712799977,4.202997381082036
-0.5671810954011208,-0.980572322473181,0.03726731578733807,-0.0016567947991340693,4.581476775360473
-0.07906608836604011,-0.7045901542809554,0.0530182018589053,0.0025075296755942993,4.299682367151694
-0.10471997259514414,-1.163298090004334,0.03300894674268269,-0.009663853579490296,4.527189886293074
-0.3207192795806076,0.19383898789018766,0.07775908228264675,-0.1003973696551374,4.584264386326748
0.7303754606941892,-1.890975400077364,0.07958221084716884,-0.04530930765749225,4.241227276621509
0.10603753213706132,-1.4458760353128888,0.032144972298820754,-0.015187274249096133,4.513459357604992
0.70728195506927,-1.1734891447317848,0.07886942555962512,-0.02633960313614156,4.089404034713295
0.07889349533736253,0.9998659964781925,0.1081372910367688,0.06732760091020387,3.4113109111236026
-0.0008029623793913996,2.4585446388158925,0.017280225380861897,0.0029044132716194437,4.463568357228416
0.7193093237488037,-1.0520652864616666,0.0817969308512614,-0.0005304458107898065,3.8682492163229627
0.04878001358649043,1.428711479184922,0.06818083153177944,0.012162836062628232,4.072459948553658
0.07429374964854757,-2.3091448744297773,0.11972215637268029,-0.019749131635674655,4.05717819982371
-0.5208976811923484,-1.2345825594263975,0.1078578962092101,0.05850000830511276,3.7519350954716204
-0.4273956193092678,-1.2997393743632606,0.022977622224284656,-0.0615954364585356,4.579460322253006
-0.4161573643256876,-2.158928396060742,0.06319323800496819,0.04194035434009208,4.119007403668014
0.32541417713582416,-0.13819471241094403,0.07228347230052312,-0.008528824072755986,4.104081892516991
-0.2893292417733074,-1.144151813064786,0.022428958756149676,-0.004829961168378415,4.58655342276314
-0.025086438065672505,1.3418027701930773,0.04003930156798132,-0.05510236448311097,4.585192958891947
-0.20204187102859403,0.8747364179801834,0.15429266020956506,0.04614918517912067,3.4006280875941806
0.13296107936083748,-0.011519931531032567,0.10706594827781699,0.020993176163526615,3.7387972997092613
-0.27620297353101253,0.6944276596862091,0.048281175805875515,0.008511141180775143,4.328144801022448
-0.9884892098059307,0.4486839103090966,0.061168205258098025,0.06672604757490319,4.075444426618568
-0.6260849913483764,-0.33116939186845906,0.009794069821592942,-0.04685628044557855,4.5721178979638735
0.10134783860301128,-0.8305756833230271,0.0874579876086319,0.034348674887194834,3.80192960500416
0.2209580249528575,1.3233007963096983,0.09711714004271768,0.05219648825616781,3.5347287715920492
-0.5050593659533484,0.8485071631838162,0.040911284138546763,-0.1406015481442523,4.5748360443266
0.005339233763692657,0.16534793478858428,0.01805288674693575,0.011314807217540138,4.396291323024655
-0.4602458762772069,5.211800645406354,0.06692608629046413,0.025944570558709176,4.156684348728282
0.04668348495709732,1.8332397214311897,0.023732864796328416,-0.05090608823473417,4.584607749161263
-0.451160132883176,-4.121858445577095,0.014190684464510486,0.059121116760160346,4.348468237833141
-0.46003604344936133,-0.11860484478863045,0.06049907358339191,0.00660460471734512,4.3339423590437205
-0.4079670692848307,1.5199047068920986,0.038582445007624096,0.021904487277684202,4.332220063052535
-1.1537033338163947,-0.11792946988799544,0.027440515730064122,0.008751473009387396,4.54231694834601
-0.43790398317612333,-0.5131462527847351,0.00814800427232372,-0.002778535291985296,4.581319543539738
-0.010112857380493454,-1.2382302762401733,0.0736631887845975,0.05019766045502425,3.8254109044813545
-0.40342921048365793,-0.7287509992574168,0.022091880751564593,0.02134690191272145,4.451787870588073
-0.33771110770635904,-0.6143745199418221,0.18505686138492197,-0.042096233970015474,3.922052464534665
0.8508299590888833,1.7128608539230898,0.0888593131525137,0.06069660389686911,3.25971743268295
0.49394025345736586,-2.189605031591695,0.03869833163764143,-0.032967013184692466,4.499067065159642
-1.0490097929118454,-0.7427192964731589,0.048941536162760445,-0.05684360717248658,4.557240048433586
-0.8419400175994919,1.899883542955433,0.08821044308853299,-0.004762087636313986,4.374701068701789
-0.13132476241304997,-0.2091580126848425,0.023965001674259533,-0.07625478885170413,4.583101510679298
-0.5809278097939913,3.3204814656582258,0.06569391129220345,0.03701783263525577,4.125766260747307
0.5190080470016838,1.0032580937686775,0.060238019173824126,0.026831955556893168,3.8411943205933676
0.3748181613629083,-1.4805579277057266,0.0893909037094965,-0.01895173755928155,4.100128311193938
0.2692037912766927,0.6080531002732191,0.02293572318793483,0.06234163383135919,3.9021798636542915
0.5590344823369374,-1.0867734809912133,0.042763490252001074,0.0719515506408444,3.634857741563077
-0.5228588011163418,0.4216227925337449,0.03887832854022059,-0.02652986202790581,4.582397591346426
0.34804405938063304,2.282151078220564,0.03290724074694566,-0.07302246087624274,4.576369394197452
-0.2356562234925019,-0.840944923667494,0.009770808256631215,0.016074754681248825,4.512036607926528
0.6634024536073522,0.006857645713932849,0.09078760515538643,-0.046975173931995046,4.143361166751276
0.03882342175292379,-3.267805903037294,0.013000386240027107,-0.038431134867652164,4.584527770715067
0.9144908795630412,0.32240316738365704,0.021358710366875304,-0.02426989586231738,4.33648330902382
0.6693904675304024,1.0569464263277695,0.14136391986026584,0.11957396708464454,2.5326474619967105
-0.1390906921333111,0.8257233162819024,0.07409511244216192,-0.07746999312958355,4.585097278705847
0.530800675467571,1.8650737295200561,0.008707803281485548,0.016971873605098622,4.238482114677296
-0.007675501275749599,-1.7399032567664796,0.027137086873173805,0.1007122777697091,3.7509730328211113
-0.5179715773797452,-1.373962045307711,0.051932421962562036,-0.008219289718377617,4.542309021773541
0.2954936255255859,-1.041683167871521,0.029691844692054034,-0.022043589657617938,4.504884504968377
-0.18884156938906232,0.9602507718001378,0.10158540722394338,-0.04461157326716203,4.360399713204472
-0.12413640105361923,1.4151272652843248,0.04128156281013261,0.018034572415243675,4.2512870926736595
0.4420390295228687,2.93184807775996,0.10786800566833808,-0.1203919621444528,4.557547875812933
-0.13611865564829728,2.167848498034832,0.0887017970490923,0.026632073506843042,3.9102312810697053
0.27663873621264673,-1.4387539775811917,0.04699404598247606,-0.00904575019698134,4.323019981773401
-0.040146660681369656,0.0455063459049518,0.03423448257087191,-0.00016148056798375297,4.396600621972255
-0.046586171407071414,-2.059602226870579,0.0030677914051410703,0.09630335810882588,3.9504482460193313
-0.43702238095056734,0.22238501840102315,0.06449697793772549,0.026618510222571418,4.1581808592400495
0.5427365923913207,-2.1023929497386913,0.051353441219509355,0.11587173645826206,3.2904046240161593
0.3098637685928729,0.8508514366541418,0.059571921086659624,-0.09533142010260494,4.573721853678952
0.17052181884670617,0.9236569334202495,0.031443579727615745,0.0001567947745105628,4.342071452378271
-0.28243845909346416,1.6280667721633009,0.009396491268846325,0.049356069155691136,4.265891641240882
0.7477175426352298,2.063541019266408,0.11323130319417338,0.03137749434425669,3.369062180299644
-0.5540111280894486,-2.170391583636879,0.16235872446620994,-0.038957553538592364,4.16283644179992
0.2835119948174668,-0.03660055120710941,0.035337538602910924,0.001448015688881208,4.271919684105818
-0.2169938356283825,-1.4073220295785371,0.003534692699904458,-0.05883883342036858,4.581258501047232
-0.3978902980415912,-2.2904218137833143,0.06026864246537132,-0.05664657075395042,4.584567137440042
0.49976446890219134,0.266337112324876,0.030928689274488056,0.012458554047885666,4.1422805335984325
-0.29316295707043893,1.6201243863543895,0.08650218145579885,0.06414552104992759,3.7097083503837007
0.05772415107840616,-1.2134150468665545,0.1283785150145769,0.07622191878254288,3.275331213552497
-0.22950840008060655,-1.1230036387734679,0.0075430427240581336,-0.029332030960809365,4.584001889415549
-0.9697779523452686,0.7255482044200815,0.09612404780128188,-0.006055766892768554,4.380078748725153
0.2653438861767621,1.734331476791013,0.011332364976440594,0.04472911218348305,4.106249217753555
1.0986733975750134,-1.6724399573930433,0.025227687292740955,0.006977424002765364,4.0619529822172336
0.6490962380292977,1.1107643629963015,0.10731001368161884,-0.021797097048880134,3.8529618367402563
0.3070614540430253,-3.396835029326986,0.03674774647680906,0.0024713871199876247,4.353611234401653
-0.24152401823936875,4.466134051001175,0.0014546079840398035,-0.026773357704496438,4.583852456123583
0.10352447605843941,1.1038024168527072,0.02504373160439535,-0.10933510043332575,4.579769716467463
0.4134248811000911,3.8122965555473054,0.053708153490947534,0.07756996256011622,3.5406263372853872
0.11283232864365318,-0.7489017078248968,0.044250930922790886,0.049750738445184156,3.9454324090147086
0.16568669793140028,1.2326934449195905,0.028568345319348903,-0.06106159334517417,4.582103130687228
-0.10342169469705804,-0.9736895927260717,0.0631224768549393,0.00484389030704522,4.239487039642785
-0.3724707243146941,0.6041978094690725,0.1120428078755067,0.05368335155592309,3.6644074634150368
0.6634690008676165,-1.1656291386092983,0.1316705091022294,-0.006489895418581597,3.6153773763710015
-0.4783886179566008,-0.25102139713450317,0.004467880696470027,-0.04067860593057245,4.57710754064834
0.032821243147447464,-0.7326777598552369,0.02070348101975285,-0.06609612186882982,4.583359538808319
-0.5925232003734598,-0.39656156845699864,0.0174334723825421,-0.055582744653044386,4.5743607818905385
-0.36062266342791627,-0.3980247073122748,0.06321176332780414,0.0022091303399264053,4.32534926326574
0.246692954406293,1.540681717321771,0.08292081695414344,0.05090814689234222,3.6227410210256847
-0.35108829868767055,-0.312088686503337,0.05513335273881045,-0.11905159295431143,4.5806631755861975
-0.1083660405487216,1.293362239531487,0.013930549184193657,0.0369612414457905,4.272336096744461
0.07693448698676733,-0.2076648341414613,0.0745069674071751,0.011413401306489747,4.036149598401046
-0.42675653929047913,2.7159565485540678,0.11651820083530133,0.03211323229856864,3.8128557489479626
-0.3299304690541257,-1.790175271421545,0.05862872247048742,-0.04718382279716966,4.586190520625941
-0.027689245191957736,1.7360532697185163,0.009321145745408013,-0.07835147791458831,4.582292996270544
0.15001302124646804,-0.8542519076449971,0.1212837243508243,-0.022942880974090092,3.99368213660827
0.7751030340187588,-2.3531178371631274,0.13589369931913173,-0.05200549843771429,3.92598222476395
0.22068026704236676,-1.4751256607660257,0.09705715464447387,0.029371648168831168,3.756547109078042
0.39959695240911075,-1.2089628231634173,0.015290100773598245,-0.03949377870789682,4.578322468537911
0.7111976261893473,-1.8224725454095374,0.1504419848115091,0.04699074018664609,3.0916353328021167
-0.06803663985055833,-0.5178108342087131,0.02189459216204741,0.07856452113278399,3.924981026301001
-0.5538640563295757,0.4522075134933478,0.12941910885687954,-0.004172317267906495,4.0401210066165305
-0.15501574170958474,-0.9994855341024124,0.09927068852398581,-0.06043952271280073,4.504482214278897
0.5162188092436528,-0.3104015054062122,0.07997979938255151,-0.027186931497665323,4.129822971548086
-0.09529083354841693,-2.9303069274500895,0.00743823336621034,0.01305866879131899,4.565568237606593
0.12591002535164086,-0.4269024490487625,0.03199188816382943,-0.042907226843433795,4.583926702144513
-0.27775779506499887,-0.7265499571407279,0.06748073613147852,0.06369717762182081,3.844060974763046
-0.17808151040185846,-2.2007978325965185,0.044956866201335516,-0.04888874877935928,4.5857742517112685
-0.5010268585561212,-1.4723168821304622,0.03645456147869091,-0.022842504936711173,4.581995252216642
-0.06457118060442017,0.21690679556118944,0.017607827834614547,0.013359524151671348,4.406627496478012
-0.19655303485983938,-2.55759329899675,0.13320178866657134,0.06704284779270105,3.4672617886142096
0.9146496966699328,-0.3052576527250363,0.10021729288225163,-0.07925188114589882,4.24109547897363
0.354535088908172,-0.7549254789492735,0.012892014218217743,0.027301735360496366,4.219218674095904
-0.1397459887675414,-2.2361439608165528,0.02646444235205398,0.06043978365015987,4.109840451329963
-0.3793700600856293,-1.7257487021095592,0.12726732564869767,-0.0024883178162727285,4.03532584848266
0.5385750174554641,2.1413177358932214,0.023442909951897996,-0.06613665024903638,4.570651491629574
0.1458765968575886,-0.3176827993789296,0.023684046833744258,-0.0010638452373899166,4.416043204243928
0.32824082848733027,-0.2519760802715078,0.06159174722330693,0.002610128944191288,4.0915967561849405
0.36860067610115826,-0.8696341499188538,0.0719306933744725,0.07345171107745249,3.5060521222693506
-0.26874078738883894,-2.0556499379886,0.1113489482926668,-0.033520841134748285,4.316468117597853
-0.16554098475351586,1.052647167074781,0.16792447830742702,0.035932262830576656,3.377498584205064
-0.059049212055477515,-1.5090984721815914,0.03970459346487439,-0.03014694817505291,4.586978390499237
-0.010113006143831435,-0.8100091886412113,0.06708296459664462,0.04150572552330061,3.9136931541640734
0.5460016382834105,-1.2875506639833696,0.023814510724036803,-0.024630903848886405,4.486478631252565
-0.8361764235531386,-2.225565408915924,0.097632469859872,-0.012173895873092758,4.43833927817634
-0.6758254018674771,-2.531361400191624,0.0921458882013995,-0.019830144933393926,4.479460862204584
0.7820800736039298,-0.9770544042191942,0.08995913789118136,0.06099489650672434,3.3176527557120963
0.06610142358101087,-1.1451593287035133,0.0010133858153340868,0.028283204845353085,4.391029726879407
0.6647812778162019,-0.8925721744519235,0.012873716931129606,-0.02798050792091114,4.529702793206302
0.44151536308510764,-0.8775542252608252,0.1292709181219327,-0.028985530865458315,3.877265435128797
0.030266020663897067,2.1296502757238125,0.012500510108023152,-0.009134092642957526,4.569143958907224
-0.6265535909488373,-1.897815401464094,0.05491017627026802,-0.009147584671238848,4.580429239029843
0.26490591278270903,1.6533571214955471,0.1563956397681947,-0.015607414098240386,3.646843128016896
0.20963263563615475,0.24890479437501117,0.019290084807194782,0.06976745883679764,3.890703156960543
0.3661773821629958,0.03141292925370669,0.03854125645169165,0.02225974000069572,4.068566588262138
0.4173426622516157,0.07733249986392121,0.012337546069189187,0.035833924818118854,4.113700811225555
-0.23279413603829768,0.7232978637381312,0.009765068747424466,0.016915971574452543,4.480472493799086
-0.21538134966156375,-1.7749053531958698,0.11723726374055572,-0.01587363800899495,4.131062470944228
-0.24982993693896027,-2.826505665549333,0.09857529063247217,0.04481370577195118,3.8587156974487904
-0.6922923528727052,0.19394294136407095,0.03282911905169629,-0.04863949847346935,4.5738921948504965
-0.9657843999162371,-0.4405992709083019,0.029972805132986703,0.007320893507177912,4.558417472505726
0.7949615487220257,-0.14226823181220438,0.019619454576943113,-0.021518572576576002,4.372165287118633
-0.30401158530667177,1.4896519783226665,0.030102486762635442,0.09764990602823967,3.801959042515281
0.3486348690448637,-1.4547346177534504,0.054668611489246344,0.05460206853121729,3.783339087898076
-0.11722720952893595,-1.9229614486441746,0.10872694509129158,0.03520638541733697,3.7875915764962365
-0.01406055857610697,0.15537220005983715,0.19377030333804818,-0.017150684284325222,3.5411151378526986
-0.6561779440112083,-3.0193121224865944,0.06840233937740377,-0.020374188085784666,4.581043946899548
-0.05525728172434593,4.342650717046271,0.06264521813031272,-0.011334084704140747,4.311380804816775
0.9959281914746734,1.964638739232968,0.03180886403698045,0.06837988344978507,3.5214577689791176
-0.13651898199083143,-0.09557721036710412,0.045188412471960024,-0.05397051908395876,4.586092027149869
0.09372237160077114,-1.566966725739914,0.05468977721973516,0.03598933049276938,4.016608506240875
0.7584989141604999,-1.9062019981949214,0.0038473907397152548,-0.0015718620554881547,4.391381381849794
-0.3376363506794403,0.8917978813961137,0.05177110497132682,-0.026631934053292707,4.575479789230985
-0.3077704767937782,2.666840149529504,0.09344390250196016,3.698393025100349e-05,4.133590924191229
1.0315109632066883,-1.7620642767292378,0.149036473858511,0.03462031107284868,3.0447409088510105
0.09721243466878131,-1.196997140836686,0.017126074195251865,0.018104394485647008,4.3595643905442225
-0.7206545536409488,1.8379510607588205,0.022308126302099354,0.003980717690519381,4.572589542225927
-0.4347958739166032,0.007502167743266379,0.018442768115349905,-0.042192011033141595,4.580740829181819
-0.5161001621077558,0.49755225184885543,0.19233396852526968,-0.08921408021212933,4.2512299904900965
0.7703815499338119,1.5734417859117182,0.04570457943003991,0.027562066145802144,3.8340857989733763
0.3002156773607981,-1.0695814543813713,0.034886397274971816,0.04231274560635689,4.001471304290755
-0.2753185387963985,-1.7023807250421124,0.06890802601715747,0.03760755514899801,4.0540581651304155
0.032537323419287244,-0.31739548743002766,0.074170120383054,-0.04069062544644063,4.432299471393632
0.6420635424559074,-2.2786919354837516,0.05862887983592213,0.029946894835496875,3.860629505624926
0.2604366193955785,-0.9968854783177699,0.03298965436797673,0.10058272449190092,3.5916030562223864
0.4809622993435737,0.018237240044291274,0.07351364505779366,-0.05552872960141197,4.3821409270258656
-0.33540780468489984,0.3644812453947598,0.016606498054517457,-0.02476276752686446,4.584114119124837
-0.008457649229041141,1.9535518314745157,0.023919178490706218,0.009401169244519926,4.379324913961151
0.2774555604811465,0.03582143059490467,0.011643508356080186,-0.013912879355823346,4.53132653419755
-0.21347512338938793,-1.6277591962386908,0.0880979481322515,0.014425487901294927,4.08265900137291
0.27253002945558374,1.8595094154445033,0.04711714808628991,-0.06859379949221428,4.577600569821631
0.4232067539361417,-0.9358164605669,0.03064895122437243,-0.02485279009544241,4.474771821563321
-0.4110800745130117,-0.6443066553260313,0.013215797586776991,0.012238222239650813,4.566823425298228
0.3963175819210042,0.4615192269579098,0.07472531502541149,-0.00420772645020242,4.026563910868961
-0.5394472734235202,0.6316816443166675,0.0911807940267683,0.028437808685503357,4.026069739887693
0.15703432176321275,0.49765897661224456,0.10098678029870632,-0.0705951378688321,4.43093235562207
1.0739988863798986,-0.9346551423003552,0.0884181459093969,0.005128083285404891,3.6354964569534456
-0.8463289814768381,-1.4442753734570184,0.13197456776863425,0.0942997299594649,3.488989931261028
-1.1011775273489768,2.5377823793050664,0.03962781949276755,0.06389773883794286,4.248176639632995
0.013757682735757688,-1.129219284492899,0.02380127663659391,-0.0031682190622670777,4.49722511051327
0.9647107717169304,0.19081880193476897,0.029018792461162516,0.034566246253898585,3.8161971885871986
-0.3280732278348446,0.878177017552701,0.011109946462929796,-0.0003415377195872274,4.585307830758193
0.72763518893979,0.4725535735313706,0.010069440241869206,0.07146765609868444,3.7459840217854117
0.007891075980101487,0.6527121826774148,0.0705588926236807,0.033748618199918805,3.91551644682219
0.3372442163723649,0.9719024722077303,0.0209578278781825,0.007485785651577488,4.297431761609101
0.7232803715327314,-4.845876450201942,0.0866214891991006,-0.10305280683985021,4.548389431351519
-0.5689279975858489,-0.6152396247382084,0.03246564191715321,-0.07174736829880869,4.576626658113171
0.7521850033679236,2.460906040932083,0.03664166254215529,0.03419895491876169,3.849504013453088
0.4695189204722015,1.5372857167207425,0.059992055854446565,-0.026047229339673628,4.254766051384911
0.282488885056453,-0.2698644444588964,0.035072852827842366,0.08435993387387182,3.6664455158120846
0.20078773235236544,1.5689875157319544,0.022196889672447328,-0.08965178194808385,4.579798867948783
0.4392013339491679,1.1426701244206003,0.0262647104500149,0.020022475029520138,4.136521349193303
0.8409918185773568,1.140692344083765,0.08541007449307307,-0.05222926022341277,4.152474363606514
0.10206044552515373,-1.8015111924738945,0.17418262212303406,0.10360436928706362,2.7942149771698217
-0.9455592322351558,-0.7001112210354778,0.06459460912589965,-0.028685290528679304,4.5675690427938545
0.14851843757640082,-0.7263329020227526,0.10469348015400304,0.015619040987227235,3.811687531236857
0.08222601818256774,1.8884649441110537,0.06780472488839416,0.02614536402789668,3.9608450889296556
-0.5675681670608658,-2.3650003059768077,0.18028364492873197,-0.01624366967579484,3.9163329667358804
-0.18366023745759516,1.8841292723155654,0.04794230963356596,-0.005582104070885352,4.400314988939097
-0.8384657228001902,2.4973918367871955,0.039760811889618934,0.010283812530732331,4.539966394370099
-0.08728129544234918,0.5643756670367446,0.043381799136587844,0.01274803786765842,4.264516809426901
-0.023532471001507304,0.9602523828339524,0.03462388095515255,-0.0964948770857903,4.581950507852309
0.005468520373302568,0.32845166504122547,0.08009539922814508,0.01813533954635506,3.9722097296512637
-0.5406083253589988,-0.7225677660375096,0.041933251958072994,0.06249227470618199,4.090495100462551
-0.7205288054841862,1.8359669544483759,0.05723119795220361,0.08541432933919585,3.8773004902848247
0.8622564953446951,-0.43275147690571636,0.036491285015461866,0.03887400628536469,3.7878191532869967
0.13232552895444216,-0.0883609802707144,0.10562212529365195,-0.006466875444032895,3.951324918191112
-0.49414543043500325,-1.2714560619432813,0.17586676717368668,0.01573040443397004,3.6533920915091165
0.31475084895889127,-1.1472072830207045,0.024628207094953086,0.00716042545349983,4.320436004816779
-0.06736266166715328,-2.15515643977257,0.005122530955041598,0.016849738161444184,4.52075353680162
-0.011640491130115432,0.12190769782802745,0.0079836506569039,0.017076220194732986,4.420499091483257
0.6349353689953351,-1.2962503152571916,0.0666682587909515,0.02164316125964062,3.8399357253060895
0.404259923539543,1.3030718154778267,0.06264263935957759,-0.006510037785715484,4.1168277850435455
-0.8510261326539732,-2.354953810253676,0.030754069986818473,-0.02450509104864702,4.564655528326876
-0.32789756808379983,1.0342614661931087,0.012122065727136038,-0.0381613143158564,4.5826796820464555
0.26927929871548706,0.7965298330486726,0.05353003917207671,-0.023448777757665684,4.345007035793186
0.04512980588727324,-2.6861438317665387,0.010836913747003104,0.028518360510335045,4.3845834739770355
-0.13905369558639055,1.6077783489621895,0.10311296528982147,0.02019072896223214,3.871406833744655
-0.38458643173880935,-2.299507308901605,0.03145069641783372,0.016644315717793734,4.472108050223294
-0.4220087638039406,-1.2570148689594407,0.13331074065827245,-0.024610650738541778,4.15447939278165
0.19729606050563914,0.10844816001237298,0.0882242425881433,-0.0250402821895302,4.16707240184666
0.003885080122377403,-0.905642124816277,0.03976671414140505,-0.051808915110544446,4.5849512562850725
0.20457427932288555,1.6129129059758518,0.04930799977856957,-0.06512977684112121,4.579721719385297
0.16059012735823505,-2.980181386661398,0.010808883497305823,-0.00033761421360318844,4.563696572980772
0.20959499219184752,-0.8753770975003137,0.06703207951602186,-0.03381164442593942,4.384312943618511
-0.036787751609569035,-0.3964381389896852,0.006440556843864975,0.04358002070238688,4.257931780860663
-0.3307317191209166,-0.3358041539336407,0.054904961480858154,-0.015619637413979905,4.487658032326406
0.04844129932807915,1.0068986873373227,0.04218300863419768,0.08595935476420337,3.6888872128368106
-0.1414658391210314,-0.5695414905162428,0.0032990843684200712,0.09421788898493826,3.9477155354184386
-0.5828578044920474,0.1599912123258448,0.016522640208728966,0.06547046989534143,4.205166606301297
0.06461018930182638,-0.5166353508051637,0.04389097375301119,0.05947811842603489,3.885713151680868
-0.4419989195883415,-1.3188381707798986,0.004999457437856499,0.046317998373777855,4.402768011125398
-0.5726844305725676,0.3498723161864228,0.10877972036173737,0.020964483417949348,3.9891433451841696
-0.23509604248204263,0.2805912816071605,0.027186646179116095,-0.005735875437255843,4.540065982851558
-0.6450555662079818,2.441426954032663,0.008861240819241303,0.035587045688797087,4.479123841145702
-0.5405348729752335,-0.3133978093063705,0.027974585414047407,-0.03784321505420714,4.579180147864159
-0.3079950127086976,1.0321210665130631,0.01761782871469975,-0.017088000498037926,4.585356178688091
-0.5671688028687942,1.1099389605802832,0.04294608711992372,0.029793439722970917,4.302255016459708
-0.41917026639603805,-0.3168252879059522,0.011420267828764217,0.018536412621880043,4.525733194430553
-0.41051152385748957,-0.976501073062499,0.2216078120176407,-0.09357250560297925,4.103660441744706
0.543936878958618,3.403393302415977,0.0876102424874059,0.001620341649826382,3.845572829107438
0.43784107665097544,0.0714701138533186,0.022733154981579514,0.010686803433636973,4.228594703293208
0.3216583881957341,-1.1285154918729152,0.03128910372943809,0.032603693375632244,4.089699851397107
-0.7194049763484647,-0.9549255171649031,0.033051586173409246,0.010077852256757228,4.570828923446239
-0.29000553884798425,-1.453210484283664,0.027760641572234963,-0.03957296016372103,4.584380110263802
-0.18771563052648702,-0.18671149451618035,0.06831751809589232,-0.0027052719448262003,4.266259568997287
-0.14027781033703196,-0.5982978213276504,0.021222695848795343,0.014945301754230152,4.415908192799309
0.28873577808472267,-0.11811750853472164,0.08061726655288812,-0.06609744287636653,4.48342263643484
0.14613899454729518,-0.039387494523470526,0.010641696549317783,0.08960443236063481,3.8199823314280588
-0.09638036807621911,-2.449273814366335,0.08694778910842399,-0.038940685301748046,4.451712224895551
0.11512074482405266,2.7829756036791564,0.1043834640484813,-0.058841870832289214,4.340387649837224
0.12363745348434847,-1.2061617696482598,0.06407963463594488,0.011092427923413061,4.1180177637956215
0.2698089692124564,-0.8063035721993919,0.0668066852950316,-0.03260323829938592,4.354450886160911
0.3207016720838133,1.1425169186390636,0.13353268841763152,0.01295476990691378,3.5571540083500244
-0.17387438401094776,0.547340869094977,0.07478376276072783,-0.07658749506334485,4.585515755814714
-0.1131952549736966,2.2919027489355615,0.03063923000020072,-0.08388517541640383,4.583020805366441
0.4356926223906969,2.4745332167224303,0.00026980955055483423,-0.01585187865033406,4.565954353972513
-0.47844885897652506,-1.1645551900001,0.025074313881815826,0.0030757460087356236,4.582700254472871
-0.19809395867890414,-1.4813339759436936,0.047509341349869845,-0.01563173929961134,4.522997938750952
-0.5972615670124014,4.216246205527046,0.07790878387726473,-0.002169851814643147,4.336356773739005
-0.21777038395650858,2.1881074652714263,0.0348196438552461,0.0815747297533361,3.861307985155789
-1.3509768110058058,0.8458826717595271,0.10609323877665032,-0.042371592343662855,4.547417234934097
-0.43504111510722976,4.628479433995951,0.21345299997227757,0.019141453274291235,3.339268227559504
0.023365809958524403,0.6628945943265615,0.017876943347382882,-0.01457554770284083,4.578063657476007
-0.34826184038378133,3.6556103264421784,0.005128505214549899,-0.023030669764867853,4.582363891838658
-0.8936534295243571,0.2589928408842117,0.1114934299649192,0.0037551862448338526,4.202958660829824
0.7886340851121059,1.7336442159544978,0.018244025700885392,-0.005691163416728061,4.259373244909974
-0.5154367961013557,-1.218014487902304,0.033263270853105244,0.09507700602012209,3.914961901209253
0.9519470682881735,0.14456744144701156,0.05344795445257706,0.029471868509644835,3.697478400327027
-0.0358910690813261,2.082981855556402,0.029843273653927863,0.07094313446461953,3.9048978474943565
-0.1522655926663384,-1.0249404637909763,0.07524924404401323,-0.04200541449317762,4.517122426114465
-0.8486298462191513,-0.9249781676882591,0.14036081079581048,0.04053274675436086,3.802008607603058
0.16257789644074677,-1.1829845272648374,0.04417486039126867,0.019327585525917033,4.164877966124299
-0.20513554590144747,-1.3082229591582375,0.10389413577421681,-0.02652457712502427,4.265868650182833
0.15252684638170017,-0.03782167494908346,0.022765300009217507,-0.00020327278921844594,4.404738692425483
0.02339453599653392,-2.701230818430659,0.0027247700644004442,0.07439789408956841,4.109324815186913
0.19954474544957,-0.006811175432361604,0.07791200304195504,0.010243139253299366,3.9726441887883155
-0.2634571882788497,-1.377238490111006,0.04913236959697275,0.07313747526139994,3.9001276960756823
-0.07850890320984348,4.221958732106703,0.048744679123469345,-0.04235294575323653,4.586769620705497
-0.0551195091755771,2.343894792963674,0.08541605464471091,0.05756815143066399,3.6747614956758534
0.12643201865135867,0.8387751847482676,0.07424953974852012,-0.05420417837467865,4.4876140796811335
-0.510068769772495,-1.4458171245684703,0.10425845355317238,-0.0319430384289754,4.407957880010459
-1.0490616476239267,1.4744698120969082,0.12109475724529073,-0.056263609816058525,4.572958456752783
0.7254026653207483,2.7358379569683153,0.008498732454010175,-0.01821973495265639,4.438012936986593
-0.29179283354217517,-0.8296316939043779,0.11648299608398592,-0.02595764763924556,4.202650708746007
-0.48319760030656783,0.58151705555461,0.03185158844422072,0.019391144847485962,4.41262598177842
0.041436608996093895,-1.1260919045249524,0.07770057447455304,-0.04646244152386269,4.4737890617689064
-0.269499908572961,1.0071949065153654,0.13873231299245517,0.02388675344754877,3.6813727962523957
0.6519840992521145,-1.3448317917390498,0.06096739975628202,-0.039820689229504436,4.329651650033382
0.4862829520675435,-0.2110927357332863,0.043385345785835513,-0.0021285791173188385,4.183600123066245
-0.2163488172910747,-2.4129669489637013,0.04776064907083276,-0.019046807982588503,4.578787289325086
-0.31577159792329196,1.288310078299765,0.037451940610711075,0.04583967458696216,4.137951691001141
-0.15983898534111957,-0.9318430678365819,0.16240295714515443,0.07641045818356407,3.1488239978045116
0.23164795767406507,1.2509073333501575,0.0006103445666552327,0.030592222583811682,4.287979009492993
-0.08709955861646712,0.372893902176782,0.06319268449659671,-0.07253909333337753,4.584786986349559
0.05016492138953999,-2.061525977230431,0.041823377601691795,0.031831269270036114,4.155251437376294
-0.3122684111109243,0.7290568727062068,0.10030018364188077,0.009933712754694901,4.024486804247616
-0.29376520682243407,1.733283653800037,0.06264650465379212,-0.03351355693367935,4.546441581527076
0.30368049995399543,-0.7970050740248349,0.06835969489675772,0.041248676410054926,3.791373716026066
-0.48142349177510574,0.4733569353746606,0.034468456573510046,-0.04070233509250684,4.581971935163238
0.8117368723692198,1.5706495076176665,0.1622570083695989,-0.03295389336360193,3.5070159253241346
0.9387712682434768,-1.6708539164420926,0.046631415318428814,-0.03478527612326847,4.295329948873059
-0.3006900446015615,1.8068548166757359,0.05534034460108967,-0.019006530221358852,4.489427391070283
1.122995126147298,2.1973257304722678,0.04902240167717049,0.025933492715478547,3.6867722590765357
0.23569942745830327,-0.06535371198858536,0.007076465921609435,0.03958939477068636,4.182648322609542
0.5514585432239417,1.5724395283867012,0.09724795301720404,-0.03256696515058773,4.036001200752274
0.25578420563817267,-2.655126355785649,0.004309588961160079,-0.05771704275644605,4.581198092770042
-0.07457408945773673,-0.8917016831710325,0.08862431741664731,0.040778242395506106,3.8159141137849
-0.8885619778750578,-2.2344390544294557,0.040284951196288284,0.03746744870779433,4.430216805141593
-0.06417586122513359,0.08409056081939799,0.18112944219428084,-0.0806150061892992,4.092002830938024
0.35105694962526285,0.6977566930484145,0.10074293525670129,0.022894487539313026,3.6783585305471247
-0.004945403840043267,0.3936862595581706,0.032449507548424295,0.02442752489191835,4.218141153126577
0.24805527257506568,-0.5864137109280467,0.027355898146554793,0.026817984880268667,4.1644408496808705
0.18007177066852012,0.393325683837832,0.1325848226687191,0.026791558103295716,3.5184276120931295
-0.6384828758899327,-3.7430707254000932,0.052804968050517424,0.025402775468398132,4.413521392391749
-0.46393080749443144,0.32027456561312284,0.009018802479098862,0.04720943412140376,4.340745797316844
-0.4151671319372484,-0.6652423980342288,0.032299741918126665,0.038047214765303754,4.276664633992734
-0.022608405457915683,-0.8932589794523719,0.003661698775471084,-0.09772474066469478,4.58004584352833
-0.6219039353544807,-1.2962702140365006,0.009053523613547452,0.032970825817816615,4.52710465565849
0.45905739735328355,1.8281978590932493,0.0884885353123626,0.08529457381107655,3.2414191049829757
-0.36995792994234283,1.3946979565236546,0.09108057233354452,0.055262092431558364,3.7751374725827844
0.482988150475326,-1.0475634370024856,0.017700364412876927,-0.04100823333912252,4.574971514942428
-0.4179530876913409,-0.46539959885072407,0.045823230778746664,-0.029958385944662297,4.585476857884011
0.5526933949176653,0.12401531555845667,0.05056509632427557,0.10456321561651871,3.2983037725307445
0.2169409942626149,-0.7175660810083827,0.11397739138278565,-0.007018678479650497,3.8932463086535862
0.3987826075671317,1.4030859300230734,0.014080365408270432,-0.03054167675744689,4.578669965173481
-0.3643204769929196,2.535318520575503,0.039769288492087836,0.023678407625874254,4.298685866413302
0.3389829397427708,-1.6659795096564172,0.01532227297851933,-0.15963728544394334,4.573324432584752
0.24101761309070863,2.438998334697608,0.06903853389726228,-0.00017155728152709918,4.08870462171069
0.08187816834378743,0.7097147742358296,0.07197215886021967,-0.02841457132136418,4.331311268774183
0.04018038520559399,-2.096068060185714,0.032205047578350736,-0.0011570229743485786,4.453525335441136
-0.6388966174948018,1.4483046869154825,0.02910153943308959,0.11898862002165358,3.7679311087255414
-0.3740835799016351,1.9142170246728285,0.11205949532893306,-0.050241005373479045,4.400469218434778
0.845133732502767,0.0526196656013926,0.05314737408563039,0.015095579579959035,3.851987446024835
-0.8170489654748982,-2.7134186740395365,0.1614391040200527,-0.011799399887167538,4.092825400546485
-0.6922533151793856,-1.8863908029244665,0.0869501582337617,-0.11005571557267267,4.578061955891374
0.24311062346889517,0.905474606939126,0.051296503819568066,0.02890450370087765,3.9839771770536547
-0.04001338629258796,0.5312994483572955,0.05703761638030011,-0.12638558904973887,4.5803087294890465
0.18159680710516976,2.909462846993501,0.03387707211117916,-0.021312953232915165,4.479409104497089
-0.5377686706426245,1.3168252838877552,0.03896263745510071,-0.0036581109877704254,4.550457981387148
-0.6187041073812556,2.553752405699056,0.0686263245629293,-0.0401952791940039,4.5831267735799095
-0.3044601193613269,-0.5737363167736268,0.03755954495076769,0.018837954079468484,4.344127105948889
0.432939993523678,-3.152462331830522,0.011119862698495884,0.03766731091344864,4.204102628358454
-0.41036987869514535,-0.6231859287582596,0.026516488452227427,-0.028169626045915414,4.583157041509181
-0.1107996315681566,0.901862041610524,0.04440066770576351,-0.045900129947655514,4.58660887961599
0.5518746492931726,-1.5357548297765338,0.127521123284549,0.026964346865845548,3.451413329990517
-0.5678224271470353,-1.400313668073425,0.024771533402256418,0.057064268845779115,4.256223834899065
-0.5474952805764045,-2.2364195018568847,0.09736729522952847,0.04465500033675088,3.9527150645812643
-0.31152791553645603,-0.1677345891803279,0.10508510509106582,-0.010580606094649022,4.146995293039871
-0.3317998219445316,-0.9055118834240781,0.01507882844559104,0.02679239821164226,4.436793765921179
-0.057216793681016107,1.9282729617182566,0.026253642729800363,-0.05637180810101237,4.584916371114206
0.27305249230482787,-2.1010890027458764,0.06046810117165448,-0.048135454752572034,4.543750830228561
-0.1368610840651408,-0.0301085238857222,0.08434515196108158,0.020425166646545746,3.982377346725367
-0.9530981354194137,1.8004931170274483,0.034263950899029706,0.03733003904977848,4.417487473835546
0.6424531197868265,-0.5191853813915285,0.049810650473464405,-0.012425910883860053,4.174235180508697
0.06906823322840695,0.027925431158499606,0.15347629093973286,-0.028129686463658467,3.834837318166671
-0.0035933765140723144,0.8853206156069844,0.03522362772897849,0.010374911889341483,4.30274758765123
-0.5593016508952112,-0.7241632005672723,0.0612977655249454,-0.05312962540440204,4.582483746116125
-0.21988212794812376,-1.0803074177060712,0.11458220515928574,0.015720426227823932,3.9015311133230286
-0.05601568921141339,1.7756177114044296,0.03245410225690518,0.03618147292533108,4.150021485276422
0.15917740984674708,0.6666663390411856,0.0445609756224172,-0.044202422847096856,4.582538812877658
-0.6279686178344651,1.5321222202092293,0.1030220618436998,-0.003366314526710295,4.211495341779497
-0.4813772056513386,-1.4986232690253,0.0643562038423321,-0.03770310769332047,4.585336715886482
-0.7885371613480271,1.619941417873672,0.1127629861532859,0.0037500610463663837,4.1608667140741
-0.9655774761755932,1.6855550296653914,0.13661704160615906,-0.06677741609600894,4.56591696848853
-0.2622285607523221,-0.10373674179596434,2.6400077526645434e-05,0.12343667175074108,3.7782943116740024
0.42445600118589677,0.20368580820865978,0.008811092697731065,0.0010690026973556508,4.391527285282304
0.706205602930595,-0.17599629844476877,0.004062624621992897,0.021416331264425555,4.180188680235593
-0.1767404762365369,-1.584387214485282,0.04288468434068207,0.10855569794973503,3.6558083744252046
0.1951374338784274,2.786478905669064,0.04988140531496492,0.01274928479649839,4.128594124153906
-0.42215003597102196,-2.5259246417233348,0.08103109695358043,-0.07425123431051775,4.584856812914492
0.9944856443257664,-1.079251478639951,0.007122951734141251,-0.04177375869952641,4.549378526436638
-0.7615926950978029,1.8103381854180083,0.04784469636206509,0.01880339836164044,4.412443236690539
0.2300046330780296,-2.328201322020825,0.024674679238603555,-0.06360245680771835,4.580715203472634
-0.6723672880209199,1.993296752424651,0.16202752892981953,0.003408763613236554,3.842757607780413
0.35048585667688037,4.868299977600589,0.23342886809394162,-0.04916649007665757,3.366334417987699
0.20807165551243062,-0.08040043400711538,0.017079270453037927,-0.018110037961701235,4.552835412078799
-0.15032153429406894,-3.226188855211322,0.042228440872906406,0.01350054636960469,4.386461510051427
0.08980197433182105,-1.2672687516894325,0.15751098410932987,-0.062276774793455114,4.0902189528780415
0.0417610732166085,0.5250759836522223,0.19412214622973875,0.06001124746782591,2.9490095900433144
-1.2579538610568282,-2.147024727319044,0.10753857255102427,-0.10919195502480948,4.555389497460758
0.9468150534442976,0.8719747802214868,0.11037611607705311,0.02769345931121255,3.3298902398416996
-0.8868483598620023,0.4459534238531407,0.05579026868505243,0.0777167403167555,3.995160357408388
0.11072834581422827,-1.8943281652067288,0.0301099991895564,0.005977085026778288,4.3860398313526
-0.5822834086090602,2.566485038731423,0.06676876247969975,0.026496908582315723,4.194269167668887
0.5152942122855717,-2.323351665643977,0.07492126255126991,0.028725866549369407,3.8162266596771106
-0.5073216442981593,-0.20765582670354388,0.04283351928621654,0.018319104847997137,4.370960335937454
-0.06016930060565889,1.5791241945516532,0.015430959655659172,-0.05274549735362225,4.58466814201511
-0.3019683685907319,0.3574304122620394,0.009036345495876695,-0.03541867299358208,4.583010979089459
0.09897437610860159,-3.7226938979963995,0.05193219506220168,0.01911989289910007,4.223214987041691
-0.4093325525581786,-0.17847300090345153,0.08966470742092711,0.030830195318022714,3.9782745051187467
-0.6508188830289504,-0.23986833795221954,0.05242856282141879,0.01668227569982312,4.3740375080590805
-0.6189240265529837,-2.187879001486504,0.07627189866570834,-0.06105381764077072,4.581610714199816
-0.8587469516705982,0.8017119512307256,0.08609520197659641,0.0048185458199984845,4.325866742103645
0.7535771350349527,-1.0957760418190825,0.07823615535521822,0.011548430172458088,3.788410326519638
-0.3722385171465359,0.6547927309136691,0.0991200372106244,0.008010905270957772,4.066257089959359
-0.535200075466079,-1.3552971033992187,0.010448069366172553,-0.03922520423102353,4.575564944092488
0.8488353119114572,-0.49346068862277104,0.11873324839892475,0.028935522579776187,3.326149659609487
0.3994537011623106,3.396244733704437,0.07091737033716038,0.02058147349720765,3.8653328398918867
0.7221019665537162,-5.842302042853214,0.09199103454996659,-0.011639786692172659,4.051630651553304
0.5398874999506776,-1.4057203196443246,0.07516199686783052,0.007523768177551852,3.931052422462047
0.644802950063799,-0.22898909518251281,0.0065674310351568335,0.013855903065267969,4.2438893606063735
0.1472379230202851,0.3063987732944498,0.06287365441044358,-0.06196681023439189,4.5805347389488675
-0.7375769962187035,1.0606768307815067,0.08117929187423206,-0.04631113717068447,4.580726015483839
1.052121066554579,-0.7308790340100435,0.0033861708399778355,-0.02225004368411443,4.4159626061732435
0.20247624870408815,-0.06553244513477428,0.06755164236825925,0.028383113853682602,3.9042304684812317
-0.02187522420947872,-0.45259903973308996,0.061160834234024596,-0.03766111010200182,4.510926100669261
0.09434730504937816,2.69727417404136,0.017313025233861287,-0.038987074534046484,4.584925246821154
-0.43465479235754373,1.7706189038829674,0.06033395529965532,-0.0650058645181995,4.584514793645464
0.603626771222162,0.6030510025775014,0.06745031645226743,-0.06497633017312021,4.448224927361732
0.2989326903396874,0.2536036713638604,0.05375815002918188,-0.05908413456554931,4.576302988579776
-0.07153906571469049,1.8186184815179147,0.030446093206202125,-0.010751483655127424,4.505215466487407
-0.09009941539461709,0.3581761705065467,0.08712924017848986,0.03737369087919484,3.8249242132788397
-0.5057758152093252,-0.38898766041644234,0.02581569120768886,-0.022136998332712255,4.580898098274334
-0.4960516645252306,-0.7457840304394546,0.005584198200022412,0.04212557427388032,4.428538854536049
-0.18781282299065638,-2.6881688841977587,0.09720720981263226,-0.011279926405805461,4.236062135603392
0.3065098738229509,1.5239861567249742,0.022520777799685615,-0.07881817312076828,4.57818562924494
0.6424340634905166,-0.5666873194827303,0.07824490479301634,0.026663798803328583,3.698785477280703
-0.4518569800149231,-0.0025017845506324476,0.01035987010147024,0.007738995440260389,4.582207470677979
0.2590309478965106,-0.053208294937236535,0.03867847399868342,0.11329367615465998,3.4271717141427427
-0.049639382270903566,-0.027027875613806984,0.11300194150501212,-0.06227124167161995,4.370166281929229
-0.2422531216822013,-1.6690581637457602,0.14573236408570076,0.05079557352445119,3.4956827052481874
-0.7998106306664416,-2.541045911923627,0.10585689616166503,0.027113273978225286,4.122852546511056
0.49498316531062914,-0.06007278181165818,0.011254631191997525,0.03827721210360938,4.077127894033592
-0.6613382023522861,0.22290926890586618,0.02081486462531374,0.0987248631450751,3.968344910812621
-0.4089124290012778,0.4605564281214349,0.009569656123829333,0.07330548476095132,4.133304027849665
0.6030832655751868,-1.2292217662327716,0.059937294837383144,-0.010408027090682417,4.13188856972621
-0.23786683636838993,-1.117712360037849,0.056173077881173365,0.036308619893947285,4.105947003396916
-0.47104601712413524,-0.3956709417831215,0.015052539036087347,-0.041005852111021375,4.579007246238683
-0.5512402380627651,-1.6266992538616365,0.20668885794691322,-0.10742297490900968,4.356168844060014
0.5097473512369791,1.3981914503197472,0.03885158772576769,0.06280140611124278,3.7096082654046563
0.3797112116472427,-0.7777324131577548,0.09176734070868016,0.02235044526856328,3.7553034173060893
1.2115804026737742,0.017591328716199155,0.1433362450682902,-0.043747459390530236,3.5452858377892276
0.5168957475894097,-0.34876113122440444,0.12309282685115687,-0.041600100842446724,3.962206189662651
-0.43150537918518705,0.4568041272199299,0.022508745541643362,-0.025514218073933777,4.582593978979757
-0.4636182825009682,1.9227063523962038,0.19736526646498345,-0.03491597612573174,3.8268027959019633
0.8507982301382169,-0.04850391592533026,0.17528764676525657,-0.06910689567715665,3.6795591292931924
-0.14819483261750444,-0.1871656890724279,0.07562684024600046,0.03285143567048139,3.954084396829068
-0.4768667532991962,1.5490678955952626,0.026306052854498857,0.00785821076661236,4.523700801169754
-0.25777671722599604,0.638922911119164,0.06522954053257798,0.04788299149260307,3.940093651599567
1.4525785845596197,-0.5864717950057012,0.011753904151708332,-0.04104375534029375,4.364173151239769
0.6641489072559933,-2.705346107290417,0.15743019695298727,0.001567687524704171,3.4454950648259173
-0.1521352351589087,-1.6421358848403482,0.10128441280965572,-0.0208561547414228,4.233714831886943
-0.09482955672637619,-1.6768364204983504,0.05035908271462794,0.04031180525694318,4.080604001262191
0.094352525024713,1.6888111069332044,0.05373085357639737,0.015143776363899892,4.122732112156585
0.7131386838409841,-2.2170974767334086,0.03997196982094047,0.03255220356411242,3.931445060363753
-0.7467640499868313,-0.6799027487974997,0.023620615631099278,-0.04128841587039256,4.569432478850122
0.5017113689620772,0.9982786870837818,0.014978830155901424,0.045624509021253666,3.9940173897116167
0.9780083060266527,1.947663117805436,0.024732536154334194,0.004844215474604289,4.069307378144638
0.22130715305265422,-0.0899481319308797,0.04054712729118406,0.05267134238664431,3.885458772076284
0.28763541918221364,-0.14234659021257812,0.0173389275548014,0.03638764577152562,4.127813754041394
-0.02585536287744118,-1.2040787706457605,0.01020359165244433,-0.06223927251770767,4.5832370337987705
-0.19633956779257913,0.26951177976392393,0.06939261084093684,0.030209895209649062,4.021165659819324
-0.28159801515678085,1.5586522029514085,0.08948421206583529,0.13009716616543074,3.204781433241905
0.1801823599043682,1.305255618573419,0.06383682821362259,-0.021311158224675192,4.296236664326015
0.42863865760744807,-0.03378701642358682,0.10111437768611388,0.03692369402323583,3.541032584789252
-0.5336528446077337,-1.027714678496599,0.0219242724321379,0.054761933340068514,4.266416199879329
0.8315946909614134,-0.8312261910483343,0.12403938490490485,-0.043874806257212115,3.8665408328316184
0.7499639520076068,0.6450204540581153,0.09581547528977982,-0.09469703038799993,4.434374916771532
-0.5686132371581144,-0.5992126650160206,0.12310376439149927,-0.03356150359709232,4.304779041518753
0.2958375495791367,1.1065114157872071,0.08322636471583256,0.04709861910221791,3.6299452647772945
-0.3112096809087619,-0.8815720444735364,0.017417871503316775,-0.0008450870331362826,4.5859638681844235
-0.22472663452338726,0.0398338420752944,0.27708031135449895,0.06192594538017231,2.5509209320310395
0.43089912177812456,-0.664255120945518,0.07615425971967552,0.01576983866049386,3.8790136648719353
0.19389607924289406,0.28377560730445683,0.0026085717662377673,0.033724886721497066,4.265134962253527
-0.45428921698310215,-1.188399015845233,0.08384655610139316,-0.05164094266252109,4.587048545849635
0.2089098647593608,-0.1279674368160481,0.06790765982460593,-0.0026133703840521627,4.129168717219476
0.02777145957204757,-1.3560884608693087,0.0982809006902678,-0.03473562105368103,4.278512746471713
0.36526473910834767,1.6563805530036741,0.011269563387086423,-0.12949085854814388,4.57481722919929
-0.004795784263807284,-0.6556220839561562,0.020056717508967998,0.019920760109272555,4.345367874774661
0.4366995757989279,-0.180753088796362,0.020553701790736092,0.011823544785209342,4.239952108258161
-0.5783034085939552,0.23764496526712003,0.1651147219420459,0.006842943198827148,3.76581406054777
-0.5398728089056054,1.3327622282242277,0.0460647570259885,-0.05498949065583453,4.581109643191949
-0.4996053208314774,-0.2022306134587885,0.04342925012797079,0.03976724018400285,4.2134569703271385
-0.9648223324074098,0.6649482072780246,0.022150265152571562,0.00867058324676294,4.556849280681824
-0.15687277436524613,-2.176747136151522,0.10495265064877693,-0.007364811278946285,4.135844435560865
0.21601857849742512,-2.05414073393176,0.10826116226439622,0.0007955286052191506,3.9179337288388454
-0.574968600013881,-2.6306235202445216,0.005209220094338836,-0.03665627928472974,4.572326625137277
-0.27547646262995046,-1.926471759586629,0.04894149446082815,0.03370058598352944,4.205063037181608
0.9695686259864034,0.32576130598769243,0.038033992170958014,0.042198416488527755,3.694816819433667
-0.5235729347588449,1.3363687899032954,0.02331066494501283,-0.08632838559460089,4.575871118835796
-0.7946476508645942,2.498480450934301,0.04896596477111404,0.08527161429144305,3.949552795690826
0.09859388530974639,-0.8075594899758702,0.054678795839252725,0.056129052256446134,3.8423091748244054
0.3063230865678533,-0.38852519862786594,0.04760042614150256,-0.07260042640502837,4.576278442724894
-0.09099544924929304,0.9623493700839367,0.01878624874405391,0.007340681803360717,4.4512756184869815
-0.7627260092561992,0.9422690106801037,0.10545721674399419,-0.01614232971511535,4.3307889392657195
0.44593678798733766,3.2240569431797637,0.003120323416822991,0.0622666591653315,3.9633952093114675
0.3467696193473589,0.027163456075182182,0.04331165247054595,-0.0009875949453194072,4.217450554196775
-0.9583431428039826,0.1697916742620258,0.03563370416836904,0.0019784771647089355,4.560754829413502
-0.3965447668771328,0.10306248044362551,0.10213700044159434,0.059515271745133706,3.6895697619453642
-1.0871117754581636,0.764137837621238,0.08341870273133176,0.022610751607467606,4.290357205651359
-0.27303263894508467,1.6749922185688058,0.08422663177141136,0.036480528992947785,3.9154118978126533
-0.19155629401826904,-2.3610677733301833,0.04490345122524898,-0.0341514960249285,4.5868160871712425
-0.4961194216604865,-1.1988980577341652,0.1466432526309337,0.024269538265489835,3.760384917564944
-0.10277637069643394,0.0505102866165899,0.12870533956422703,-0.08435588098684485,4.44870836338193
-0.8777727418415423,2.692513912312908,0.06277581947543853,-0.048687643864318925,4.571004699291885
-0.8633551866385205,1.4048112729929847,0.0029804424078271625,0.059925418833072425,4.406087976233934
0.4711093325398687,-2.2564175585976005,0.010034717733902026,0.05126227837841857,4.068200047875491
0.06701673790813883,-0.012758774324680687,0.09010518406934978,0.026863443318180764,3.825283850111428
0.057839336978971555,0.002583265199833331,0.0756954987735749,-0.011956063806097122,4.198289307783425
0.08780274553175937,-0.040165869613171125,0.06531208372799262,0.021625456152628314,4.00841614063656
0.35979331224292616,-0.5677910779838291,0.011714260983860577,0.003977427341505391,4.390625205410866
0.6379790402525037,0.6720492638315395,0.00489499018950313,0.05153414926102602,3.964801352195285
0.25302353174484105,1.2761745330671905,0.01165841216878672,-0.0005435017687681274,4.441492319114095
-0.6761871588288751,-0.1574895583964409,0.12359373603524679,0.08720495893423222,3.477291366766636
0.23864769848010806,-0.771992494875398,0.04030448373467087,0.07556680239597631,3.7337069083940384
-0.6956920474953372,0.33500033985218436,0.11105298071335136,-0.1581755510242127,4.578668343804546
0.2155741381107914,1.070570751698557,0.07399842601675288,0.07340045482529922,3.522687302223976
-0.5410742882260127,2.740953061598108,0.026156062744231177,-0.0037478611708540964,4.58108194146285
0.32555217893112703,0.9987488822887838,0.13918151768354,0.046399811287507815,3.269373106368077
-0.1992057032210837,0.7588868191314567,0.12083299097482363,0.014030669124105489,3.8320787119036446
0.8350923408850621,2.348321215423689,0.03310272388988326,-0.041661246580858166,4.417994170819572
0.4445888920086178,-2.44252972788005,0.04237483670216664,-0.013637635768446323,4.359912522715402
0.12117499646172508,2.3411655470622796,0.07502586739909264,-0.0320780033378784,4.3256753601635864
0.10560389095011259,0.7103066470349391,0.05482594682513685,-0.012474950052326406,4.312714575591839
0.18256969598212436,-0.2758215430219243,0.03579879583869046,-0.08688545710196964,4.579837817401351
0.9780109900093995,1.3033674990200392,0.05187601949642411,-0.027243212484644064,4.134735004275354
0.33617641722666397,-0.4580925034893957,0.009780301414978992,0.007712002281445057,4.379524957611035
-0.18865605233918167,-0.6362653538907503,0.017087255008877252,-0.011193881852241194,4.587156084767019
-0.20763721053724069,0.3252853249551647,0.027418536399147233,-0.04587854247851781,4.585460602789601
0.21084947477349533,0.9150297256839145,0.06947100196887357,-0.044939270689882786,4.422149684734142
-0.19107421515822348,3.3289043845797215,0.010637951890570705,0.049206598585872424,4.230205852738798
0.791989592217043,0.512528053671311,0.19676182013319207,-0.0611932384004233,3.4989809026684378
0.3056807936201299,-0.624178661860648,0.047734407687906585,0.08719180387588263,3.5700567275936823
0.5821046340052503,-1.356817290444764,0.0348174035106901,-0.06614176752710028,4.567162279826231
1.0120148136947196,0.16492072378661468,0.007170600712800821,0.013617850701330002,4.106230707511062
0.48491683405305336,1.6701326211473593,0.03310300692735694,0.0030407315876680606,4.203865186411227
-0.515739868252378,1.2383293008954992,0.05288595349768947,-0.06774244509275287,4.5818063712129415
0.25540137592899553,2.1010576837236536,0.012607958672500875,-0.06218385896296977,4.58085959856692
-0.34954186603964776,-1.381465757090397,0.03928678035631768,-0.0013884395263783727,4.5152001676644415
-0.36168561938026617,0.7696118127956013,0.01761145351115696,-0.033557202270708644,4.583031746392926
0.14123242570261202,-0.17846498953553275,0.09109133534741638,0.04803618260813955,3.6409063381811273
0.1828320916959974,-1.230604919791445,0.028756354212260964,0.015236005798205225,4.282949743516975
-0.6358539222449316,-0.4602650349872496,0.035968903009689454,-0.03133061802028244,4.577388134998147
-0.4537573428060287,0.1356941535967448,0.11420401676890574,-0.0224560209917716,4.221110544613451
0.9179049675976428,2.1284186191564016,0.0365687649590228,-0.04452139296051355,4.3886861014670515
-0.6915240832705898,1.4860895521674744,0.12070623432356603,0.009828289867486378,4.04053450432203
-0.38056950348874274,0.36068463330522027,0.007836434965449618,-0.0851400834612016,4.577309444069696
-0.6985747348375674,-2.187631177045724,0.06463235004661949,0.0030488784211824874,4.4730871432371275
-0.4163715038196906,0.45999004734362436,0.05260693288008435,0.11524040038291435,3.5820441474065987
-0.04197155898405611,-1.4709364662599087,0.0484286442966548,-0.02285442317563638,4.518741445322158
0.5829677581702637,-0.4828293146302157,0.11022242824331631,0.05491565492735903,3.2982573494606515
-0.4930247404578539,-1.7070042513462036,0.04057841445663148,0.03343766135825097,4.31861644678749
0.5048960182861869,2.4997386352265396,0.019591664316132663,-0.00453905392942627,4.338665391148214
-0.06259177042830295,-0.9049635200034662,0.03186769033291307,0.04408466995489827,4.127263918214011
-0.22920912037979913,1.1476289755735147,0.156118673943901,-0.0033271656595411387,3.7569166609471645
-0.4897400117786219,-1.7784171520931864,0.10309644705653877,-0.020898474418257276,4.341964065272674
0.34056963662759776,-0.6389847204225075,0.054994360951976955,-0.040172668475947006,4.453338307478568
0.3215737017812888,0.10569569977696211,0.0737303985315016,-0.11464823217044551,4.5707268331258515
-0.7646415370414812,-0.07482225463178961,0.04422502944111383,0.06445329558669768,4.1161491986620815
-0.518731924112801,2.4467113332301373,0.02129251420150654,0.010979058446687978,4.543240852676001
0.197160377877768,1.4914337701774825,0.011094161680287746,0.055008758169883876,4.055039001573199
0.23299370221829593,2.998814753956969,0.007406693213148947,0.009274296818392916,4.402286645803357
-0.13348417116207623,-1.2739836430299218,0.011014058614724938,0.03560225362084334,4.346486818464484
-0.4695423787937625,-2.125971830126469,0.13286561038067826,0.08246571200567199,3.449952748926784
1.0544670270949084,-0.5359840114567755,0.15366378603989486,-0.0655720215109603,3.730758219858681
-0.3285242647713082,0.30591031024974147,0.10249617258300442,0.10480433119177367,3.3325650631954824
-0.34609256917623266,-0.4660522710166686,0.0075530860681793256,0.07118919849695914,4.154448547992462
0.492061298936164,0.17229584565430456,0.019464439552308997,0.02175505540254738,4.148054461219745
-0.5017002889050812,2.1525287502085098,0.11382731924318153,-0.0831047402702797,4.587307931884242
0.47588610920283275,-1.37307822511414,0.21912333115590613,-0.08403903243955117,3.7111493476089974
0.39663791108831786,0.4456934016440295,0.12152034075550909,0.08213574877674093,3.0807370308158166
-0.03816125638422154,-1.352268398325429,0.01659330859061099,-0.05641072757824618,4.583999289995446
-0.07279386655374544,-0.10992743050871379,0.015074063737553477,0.032949829891681395,4.286348089597212
-0.09896625380412744,-0.9033017276865486,0.06688629634580627,-0.05245356297956273,4.586243655346718
-0.35940778098545945,-1.183524377412638,0.049239616621174695,0.010130735579217362,4.374118549087479
0.20047253523291284,-0.9124471447963087,0.061604321587545335,0.014683136609440052,4.070259354418754
0.08998148167685238,-2.1308487745179487,0.137817135930481,0.01423734418357073,3.6913885047101527
-0.21491156176050866,1.1451524457329572,0.08370381571536323,-0.03826469379293214,4.43041289904362
0.6383228620039431,1.7052836383672312,0.03092121778664515,0.021420992588140262,4.025693601983644
0.00999448543322664,-1.0060620291625784,0.08729603392001681,0.07356599991518055,3.556573018043492
0.14681155759869985,1.0268318172956064,0.08215759479635708,-0.028359993850267735,4.2463022971481
-0.6201720847685845,0.2980727889915464,0.012147311473797169,0.01320380252370433,4.575903792916982
-0.05225427803174483,0.13998870232676322,0.07483366460462917,0.08736359296309605,3.5184331739047905
0.0962031203175716,1.041251476416385,0.1749052955899838,0.07305129832409296,2.9467826501363015
0.24044586575037322,2.7250328662036254,0.05428533600004916,0.08544303654300878,3.5453562679732613
0.22791362598669895,0.4275357802649886,0.05643695564006257,0.038046550029437264,3.8900786181324527
-0.6180903292517099,-1.465562391821871,0.05258680270190606,-0.024488498455984796,4.580629792940136
-0.38464756426789976,-0.9325877464959135,0.06098541287950718,-0.019043863965774923,4.511144804610637
0.23161449114073016,-0.9731320443454182,0.012468677517306664,0.004853389837397998,4.433534002721264
-0.35158630555952797,-0.4639642916626097,0.031449193707827505,-0.030372990614815177,4.584980645716094
0.5253509614614731,-0.11863641529069208,0.049114862311128056,-0.0061371394156403344,4.160324123957149
0.7062676119570626,0.036454592834465775,0.11756629128837043,-0.03256474293855451,3.8443799559299476
0.7751413184776248,-0.2950675392983651,0.10275059193533607,-0.07447410295083383,4.239304439057357
-0.1681849294158935,1.0001756842827052,0.14464557711370557,-0.050340411565153224,4.136654272093179
0.3031344884119446,-0.10167688078751982,0.021663638905280145,0.0532680472891979,3.968952093186468
-0.2693307928252556,3.335861579326461,0.07256770425209653,0.04666463254261422,3.9096453537974716
0.43557675245927896,-1.5643648684076517,0.004925903742686222,-0.01984850110764123,4.579284977970596
0.34273772126671004,-2.2216533148207143,0.04892191886829021,0.06236110346064873,3.7902747769665024
0.23073736342774787,0.31313545861869935,0.09944821131326056,0.05076946569095632,3.5268697033798446
-0.18205066672010597,3.8884558635958166,0.0016405450992806015,-0.10282919857812192,4.578552300604967
0.06690338111068378,-0.3341374953421239,0.007431336059998814,-0.021029678675448846,4.5863293688238524
-0.04871665978009681,1.0214237744599588,0.05187730651045065,-0.0023599108164879044,4.309425064908631
-0.041192542083414066,3.2170405964995696,0.08845611746146974,-0.022113910211049415,4.228496265622218
-0.029095024091437254,1.262916386366981,0.0673867686308721,0.05509009770667603,3.7922485584116497
0.0693212316957759,-1.9128507996929134,0.10081643198712043,0.00022183012342494462,4.01682713554639
0.11078766092928259,-0.29256380553584593,0.05506128309452212,-0.11722005451897798,4.57867009075611
-0.029697336335854713,0.12952412531846316,0.05591161822973383,0.002787165602432562,4.2417457039864415
0.04129543041564735,1.5042327452116337,0.005545818986757461,-0.01210400811622634,4.5871950792989145
-0.057446334538205586,-2.3749492200011684,0.09692287684262954,-0.00880847825634938,4.165065826422671
-0.14359386407453256,-0.2833618825029873,0.002295176963907955,0.07647153002210984,4.074849638597112
-0.6873458894818071,0.2536376330949721,0.019883070490336347,0.005800659041551499,4.573880663305205
0.7041332420738506,3.4563689800439095,0.034601609717477624,-0.011002170371138768,4.222849180427698
0.6388114828412603,3.62701836993757,0.0001889501555793946,0.010112146952043127,4.307535521428218
0.28551484874554584,0.8564960573303748,0.04608612970882359,-0.02783907286641817,4.4175940470055215
-0.010441061802247771,-1.5222492733261999,0.06036587778679677,0.0013146518301254536,4.26700697972326
-0.5309514238901174,-0.6808100064146396,0.02144401273660119,-0.0054569634385563765,4.580076305558145
-0.5563902352413795,-0.932558327271515,0.23939073576768116,0.05502892492629759,3.019869088013535
-0.19932168006782577,0.015014821370393458,0.20279717474214387,-0.043855159995934666,3.7533375078528226
0.04727979399590313,-1.1820927079210575,0.11717353616025646,-0.0056579698596594934,3.943590124641636
-0.05397186193725633,0.36857844517975785,0.05209155874719883,-0.07601189537964073,4.584067660618048
0.14891359638784352,-2.4031022685099757,0.010649210346852374,0.05275648752804766,4.16798293525679
-0.6820957355978308,-2.583759207366652,0.026872386866436254,-0.01706815929357096,4.572821524794849
0.7713335229569845,0.5131152268552517,0.019846317186655634,-0.06575519430705307,4.559631615661363
-1.017733351471962,-1.0397587207357737,0.04353076350542301,-0.011058304924579904,4.5577073188285215
-0.1359782138640157,-1.5870103582838122,0.041146460460821335,-0.01211954502362222,4.519096559260767
0.3215570273040391,-0.9939014246862851,0.08725165697591007,0.009216992852176528,3.9103140625745407
0.34254420496916,-0.265085798137353,0.06653704033794706,0.0039331988812273564,4.04625088567912
0.3608388002479599,0.26983233225430175,0.07689723236626873,-0.026800574132341583,4.192182283178969
0.23914886801629479,-1.4082284733473558,0.04126922317995329,0.0020115763976041637,4.289481990018749
0.07599629199463072,-0.6946771761030128,0.05870492530257389,0.09231201374936458,3.555158017277074
-0.19596765197247526,-0.22626935637855722,0.03813292077726418,0.005876717116302455,4.387464185274342
-0.09181826801341372,1.08469794738516,0.008044388883783317,-0.0404185145763196,4.585092473844735
0.19761368399912171,0.9440374770844859,0.037408016062024534,-0.028544430441117694,4.504946214411871
-0.37310990300623226,-0.5655932084175657,0.017343266624884543,-0.09740524163836937,4.577545583494447
0.1762745126215299,-3.2839460747159475,0.008994134487953928,-0.037155203966676244,4.583555396421931
0.04228199025444198,0.1228206723562972,0.0731910023888239,-0.09085082726874705,4.581023542624157
0.021880061436321905,-1.3406872572312811,0.11062779797546737,0.006685302483093961,3.9092163978479464
-0.7601187475618364,1.4544234114275674,0.032256868889995606,-0.04505238109452739,4.570873058828976
-0.0996392891350723,0.4222793903577782,0.07233883375030448,-0.0006916558983241814,4.192043106162869
-0.2098283012526335,-3.454121088415403,0.21225087910429388,-0.007599428870082099,3.570391601162395
0.49302747356019905,-0.1930019248608884,0.037553339101492215,0.019426180235403587,4.057020315364469
0.21032513909464257,1.4490182388583184,0.03348738389521329,-0.006324207525606074,4.363542657656594
-0.5235623982827314,-1.9178220592788309,0.04095778231553858,-0.0457591403110495,4.580274943141082
0.35758463848077626,0.06668494746504829,0.07702297174040643,-0.012354183851860066,4.0863842139955295
0.28869189825607117,1.1813595544764504,0.03804895833100138,0.03330667795648069,4.017261280640143
-0.054962421188372815,1.9838391717794477,0.0009724850621932671,0.08381443477739191,3.9900885173048457
-0.3597463463828206,-0.35153506487470426,0.045528519886935764,-0.0048693030232900775,4.476220600611889
0.23273090017023254,-2.3080639170995227,0.02129894211464122,-0.003946889332115874,4.48373559722968
-0.4188393946784341,2.8247451824344596,0.0019386632894252864,-0.006221725458823499,4.581018315307941
-0.6812704524533743,0.301404591025483,0.029454395456339957,0.0196816217251185,4.485186221952465
-0.7292855180041463,0.034146523703439596,0.005728193674416313,0.04598237214166391,4.448889533527841
-0.44542544588611804,-0.44466295173925174,0.05093259036823062,-0.04091328712235542,4.5847752510536175
-0.6499638023830794,0.18987605187446682,0.06748040741833476,-0.00879354208805013,4.458570099500293
0.799724992985366,0.9089196660160451,0.0760344494265771,0.003048115882901242,3.8106817751895212
0.225712545847571,-0.4988016191222333,0.0144380452003311,0.04852751331615853,4.088729721773173
-0.532866244565885,-1.4384994049869988,0.07065600605506771,0.034293542768618596,4.146201384223408
-0.05533902742527051,-1.446866849602409,0.3272651593870753,0.025129757640631568,2.48680510791714
-0.23789430862059927,1.5243005748685845,0.11084721603370022,-0.06977875335467715,4.498471119582561
0.05620733822200748,-1.2364345102859124,0.23657389044968583,-0.06692985419991304,3.650815352898254
-0.15054210766805598,0.419731990349476,0.11536730054131163,-0.0006692260421362659,3.95217253299726
0.07079436905330881,-1.0498357488786547,0.18049761131965297,0.053682790709521415,3.1090876599639508
0.16662321838549193,0.08905112101549431,0.016106263850878547,0.06269942256748316,3.9779611280176255
-1.1634848862161393,0.6346707878173421,0.02553913128218543,-0.003119385789063834,4.541685875099935
-0.15896362126211427,-1.2419300877767454,0.03287412647659926,-0.010252630461598971,4.5514350922353755
0.8868278955597472,-1.174496408968391,0.14801881971912964,0.028565071870068483,3.142249790421526
-1.1976441891786063,-0.3785497944287298,0.05911594329594078,-0.03649020312069715,4.548652016842311
-0.04491778729005359,-2.4257588312804126,0.08577122256738451,-0.047532302542569724,4.501173953955116
0.9194134605548928,-1.3574028122338602,0.007953443136709936,0.038204750918887635,3.990800139869876
0.4344141950704849,0.46991395771698996,0.03924897967448742,0.04718660767273867,3.853255885073904
-0.000806900446611995,1.6411602036475554,0.00860087666492523,0.06700941905627758,4.04946120648193
-0.8336282528467799,1.4479340121886803,0.06606316841461478,-0.004317980284390395,4.492646743880638
-0.9685112330736945,-2.16333889615335,0.028270994195151968,0.08045724339847886,4.220411115006962
-0.7456215478970143,1.1762723512107096,0.025329051550073037,0.03931113691098665,4.390688820193313
0.2932414681239987,0.5365876362142774,0.0858857232279617,0.00024378444931466678,3.961722813674532
0.09914589365119426,1.2952201092632145,0.02912146652772278,-0.021067132042727067,4.533034632695976
-0.8866634907270093,0.3623222493259355,0.07320897441060105,-0.02697304602508357,4.573282409843302
0.27995584734330126,-0.8940065869129561,0.042472044745250175,-0.009542407052457876,4.336223171987863
-0.713267914600195,1.2276781340381597,0.12486443305756635,-0.011438318066181967,4.172129046725819
0.46807884000071553,-0.838030582563042,0.01712472853720668,0.05451326011170753,3.9536588998601134
-0.4953680838433839,-0.823790413740277,0.03818348600022656,0.017944556507218632,4.414919797853031
0.15043715878293576,1.2532772281872113,0.010365328544051968,-0.0574924488783969,4.582918294758802
-0.5029308789480517,1.5061838009103932,0.04175875497898815,-0.06604065793027857,4.580694362883543
-0.23608419547389523,-3.1778399374973243,0.13117860718324365,0.05891816030913147,3.5755190689586263
-0.32321822058960664,0.5424657888267765,0.06906867234951264,0.03772550942574878,4.013455782856991
0.04787624571763514,-1.9363365504476318,0.0681641082038618,0.004660522432066941,4.189731055523292
0.025111321209766634,-0.43184904241130423,0.07184863065014167,-0.08389646266888613,4.581905157352809
-0.1429795805613245,-0.9959260939441019,0.05886565543757739,0.0801097272169905,3.7363887332246803
0.07068633910926009,0.5822089611063671,0.10355251647097935,0.04375771358813241,3.616987163002129
0.0809143929544388,-1.8394043763656565,0.05117346741161202,-0.0035320276972192945,4.336022540248786
0.11156093483583666,0.7401527116371933,0.023652820591705922,0.0370365256106529,4.140034859689557
0.2971873529638416,1.4617224664714152,0.06812691639769733,-0.02906270339603195,4.28582592588558
0.07034910138193237,-1.4103905548363302,0.042359642431228,-0.1092722073283206,4.579950741138088
-0.046191003821148914,-0.2729986125425008,0.025930152847961074,0.11063829174433298,3.6483271608097056
1.2471920176014955,0.999096640054178,0.016820972268319908,-0.060542451481556805,4.524705109849398
-0.2232212834403453,-1.7055363728331208,0.13028624440839043,0.059970734076158154,3.5147680888780375
0.134980707912766,1.3973779744378316,0.018827923525800906,-0.09978007529203253,4.580088256118652
-0.22713299288201655,-1.1681884136955911,0.02531926643962607,0.039717000494167286,4.260093308273479
-0.5258902876957986,-0.5680248893714226,0.09453065211456815,-0.010045352764380584,4.2901603719288754
-0.12680591726800938,-1.3718793093852661,0.06344143689579253,-0.06223964123326847,4.585638053146913
0.7233883538660488,-1.6303444420138824,0.018218012474183077,-0.1288061824181563,4.5637969335969775
0.5004238456643558,1.332030978305038,0.11035193835520887,0.029052871668081306,3.5103239720778134
-0.01978019040072681,-0.5373127865821136,0.13110188114633048,-0.025298702491932685,4.003366775009347
-0.5500530010394251,-1.9169253629512735,0.10182816182117599,0.04041893325977032,3.9473876939722814
0.09466794132005901,0.9068837480076677,0.13668878153087544,0.026205436334231842,3.5321947760968717
0.5098812242777341,-0.8617337975260009,0.04925912046930072,-0.03387977349852574,4.39341279334743
-0.3129101951851822,-1.0277089743195953,0.09070939312673418,0.024364050276958066,4.012061137742482
-0.7551266139997436,-2.045061369989263,0.10516448615430793,0.03141040308411527,4.066088001770799
0.48050714674568207,-0.09012821046343478,0.03761255948126757,-0.00463133155601235,4.236758256543598
-0.7600911589712929,1.274489276896336,0.02543452397782753,-0.028493295778774932,4.57009990442979
-0.5544874006718341,0.33948859632161776,0.2619714864178674,-0.08654622085999579,3.8423290551143108
-0.2654255796486043,0.9261826149448913,0.0320681721809686,0.08201044970784677,3.890977696894404
-0.6342651680623954,-2.7644399165570808,0.1776879987873975,-0.03644702409186441,4.10685005970041
0.23145009787919704,-0.5034871716972728,0.18344877547318675,0.009603124488148866,3.323469283542547
0.6194191549154048,-0.5167867882825035,0.0894051482435807,-0.09118972303561765,4.51092300732892
-0.7451290979201234,-3.031503101641574,0.02368782345817284,-0.013687639677903206,4.568780352865459
0.052785937046052535,2.0876887638724386,0.04747112526939111,0.0001619138824517566,4.283799750504879
-0.026048102395035615,0.13703785384696077,0.051112560199688545,-0.05704585135419609,4.585124450479544
0.07405412968845072,4.3069959451486906,0.033865666551915946,-0.04075041345961469,4.584974990956244
-0.9283333024586763,1.4118720831763532,0.10552364558022884,0.09583556880282555,3.6044212939653444
-0.3540201805159233,-3.515015019640179,0.0959986180425809,0.07437784414533381,3.725377545910573
-0.4139622604167204,-0.9347051453746404,0.0027734668304697924,-0.0060484438075224,4.58071258878616
-0.37758770851195983,-0.039834681959841634,0.039901878663286705,-0.025989169516812904,4.586057075731096
-0.9633424915499381,0.21643700674583127,0.09501124981271869,-0.0262779776162541,4.521971115040413
-0.02077052097257126,0.3215890264738649,0.05744789908472026,0.07057428870913178,3.735590905920063
-0.20084462391452534,0.4520532963179712,0.06195021467296636,0.013295333150654846,4.188312073906802
-0.5450786360126375,2.3861167804408723,0.03629954685771751,0.03459454943968641,4.299328412240462
-0.28046246692833265,-0.07622792480843368,0.058377523750008715,-0.007593682770899481,4.386849852266437
-0.8660609955886739,1.1449318003236164,0.013340799507995701,-0.0028246385450693386,4.5616937503907815
-0.2535081893810606,-1.1634878721486386,0.03249305030283406,-0.06560837278946748,4.583430932474774
-1.0745712617307557,-1.6335506917960658,0.01272151620306071,-0.08257738507808594,4.546417948385489
-0.55533561663795,0.6125166998435182,0.02262819515660142,0.06403377179494023,4.17182113008523
0.061509925133411913,0.43214965922780674,0.08152121588597944,0.05142153303127948,3.699205783720555
0.00593070069825355,-0.3256333179404506,0.04866984201100336,0.07227177054875192,3.7775166789639094
-1.3330268805396754,2.2566837964500883,0.007550519532114213,-0.09083484088355069,4.5271704846106715
-0.11982501725565502,-0.7600065280556036,0.09637631894768442,-0.06248170094912663,4.51713905118431
-0.4761978685352704,-0.4509778236693537,0.1376253259155904,-0.07969514387859754,4.503001815884922
-1.156081013692281,-0.10053786078063046,0.03770105479751385,-0.0666508833539078,4.547584787298614
0.3375404549395619,2.1780835100338614,0.06918316434619377,-0.02576859787136226,4.24112405768452
0.8814944608507497,-1.6093442246149903,0.1689791752957649,0.09238659204299293,2.5235237498507184
0.26696760084333304,-2.738980252185283,0.07655976335029968,-0.01637416837675326,4.240072104544575
0.2514903347161909,0.810785581317145,0.07470390566402864,-0.05945662887586185,4.4810020822439975
-0.7660414473280305,0.6057762704061658,0.11187251719775831,0.04157756331203156,3.894465305945472
0.2043620312028486,1.771250641235412,0.08016950937947664,0.019491666140360395,3.888695450142333
0.02561317815746943,-0.24450892588499507,0.0792648454181264,0.017857027419476933,3.9800947310452126
0.7746843910004143,0.19532649984040762,0.03759213957112967,-0.020454630568873512,4.249916279370945
-0.39648500169181716,-0.17284840844255034,0.03254684059402295,0.06435130346237171,4.065991858267813
-0.5991428273082093,-1.134807108763216,0.03796772879618384,0.05787217984845436,4.1777168725887055
-0.016653395716707615,0.6521603187405902,0.2021070928845348,-0.048096576626558085,3.7137497945870983
-0.21573094228188,0.4867556473298253,0.01839313313210256,-0.014038877444971988,4.587062502283589
-0.09200905595766501,2.160930308628216,0.08225658966172647,0.008039779401569056,4.067134252974374
-0.46233160589401284,-0.4058543508795434,0.07699980645910437,0.034863055636121,4.048908667515086
0.24560544603843842,0.21276069669195685,0.02690784428999233,0.08704641848641057,3.701381836137131
0.27703485987517573,-2.18450928051706,0.042277006028418065,-0.07820637644164564,4.577702292797331
0.2906753770710525,1.6873741281176367,0.11648290527575803,-0.018512687906574742,3.9089761700210732
0.061035973511284786,1.4563449774520838,0.03548419715639419,-0.024274681908363207,4.529719135795469
-0.05606897259674759,2.1600364360461026,0.13017172212730407,0.056519956551857875,3.411100229092556
-0.05575653340177366,0.7723899556551932,0.040218042776874185,-0.052334006989632365,4.585661184013546
0.061113080701350714,-0.2294134800260004,0.016187517944415558,0.010182822585881261,4.404690298313079
0.03250867004992294,0.95420394778964,0.11668219838239555,0.03902855761333584,3.58624323359481
-0.2830922712807789,0.396578183865745,0.010771686910335634,-0.01661028335653641,4.58501290003178
-0.9120079670608205,-0.4927601963597472,0.03203179647185648,0.08344626322641584,4.109880017356789
0.6199515095247662,-0.06001214642570436,0.016790659884361334,-0.039508159624823014,4.568594749884735
-0.6411724412164533,-1.3782028112985993,0.07861357955292428,-0.02865145425179151,4.570333200199249
-0.16275717223354638,2.026312200986862,0.13382074152240003,-0.015040997707168763,3.9488455790286796
0.20095164385110226,-0.6830800710368183,0.010550121216281579,0.01691808969592677,4.3584794502313065
-0.016163671098462864,2.9234369450180715,0.024866563144229557,0.0038336027464980875,4.41626776674165
0.8199191942218644,1.2889987309027977,0.011976703877376312,-0.11356986502778194,4.559940510342656
0.439881016454705,0.6555495183389679,0.03589043711844204,-0.027776028854057527,4.429394871038644
-0.2531770043059393,-0.678691324809255,0.03543151102729768,-0.028127219778830467,4.586844564913859
-0.3157551788460766,-0.3024383355075325,0.11599486426994902,0.07323827742698288,3.4888502415963965
-0.3662689034294723,0.1017521320100509,0.05189503090558747,-0.07488730133997594,4.58383438551933
0.40494578832673606,-0.6694581190567424,0.025846966114831393,0.01058343403629652,4.242345449545496
0.3300309564017915,-1.4712207823387933,0.02751344649276699,0.11193618871623774,3.5305927399033186
-0.0620339032732739,1.0356148495292916,0.00806679314641008,0.07298324657344442,4.029592924968922
-0.0033211106024306877,-0.18353794303795956,0.12685125239212192,-0.07628467575329974,4.374505999915496
-0.29610848712064625,-0.5306541273196246,0.03468709280219951,0.09595573700926431,3.8024335331033856
-0.636054805298611,0.024713377322447664,0.044028878517095985,0.054617400215808944,4.14288963165383
-0.3721085599754545,-1.126331857776077,0.1836112538483412,0.02810390095102358,3.4670076039166444
0.44875065045455176,-1.89318874968384,0.009205717354956462,0.05566972908292586,4.036395112719304
-0.4644623210187272,1.593690267831132,0.11441220060426976,0.018908875867074224,3.932629370398714
-0.07590207110992915,0.10956714660594352,0.04472332245323828,0.027106898413000742,4.149028700418968
-0.9662989792326157,1.6302983943485923,0.013064081141757429,0.07423703037307576,4.280624541312136
0.7049951318544417,-0.11287872747718802,0.06131250397024221,-0.009826403957436636,4.044476040320639
-0.6497526123225957,-0.3228260128131061,0.008313543367984169,-0.015981360892472367,4.572249625076806
0.19121526245707932,1.5998973784838342,0.13256763139152025,0.027660181005445372,3.5075352133286177
0.16389700559057346,0.9345529444114357,0.13315429074229926,-0.03418415030223628,3.9676905664528945
0.44545060939028774,0.5401204994637496,0.12140106082790653,0.039958940740128714,3.380012794214462
0.081162545311294,0.5367409422869525,0.036444978194613835,-0.020194084175101042,4.488130380727991
0.1453969004740397,-0.6127659288647804,0.05300888098395207,0.026103566538031437,4.049138842462038
0.5385377850599096,0.6748551122851849,0.041830963523171776,-0.0794908705488484,4.567046213917109
0.5784379111595711,0.25314419077481104,0.00635527307369903,0.00664838664808394,4.314468302973876
-0.8838243546204305,0.9188137440689294,0.0996958469931128,-0.020733337010692535,4.433425435447201
0.020069398751439687,-0.22347902334589503,0.011292640088866551,0.07313679039547284,3.988303853690099
0.11359564793544548,1.8265596441224767,0.1424969603110371,0.02844672241665184,3.4719338017321175
-0.530610701950935,-0.6781656686318813,0.022910679275055804,0.028141718740059614,4.436977900057524
0.7853067116726471,-0.2530712527568956,0.08664892864814128,-0.09168541153432784,4.467401421598312
-0.20710425380420852,1.3204298663906266,0.03432424251932622,0.08659704992846586,3.8237995839053647
0.07690594909232863,-0.021103742832359874,0.04582393904409053,-0.025177985529934978,4.46915866577976
0.8623008929039666,1.6633291251968243,0.02732728834226242,0.06704129175106453,3.615172026918037
-0.0020936318553242215,0.16005524097986837,0.05690661891769966,-0.05163116823554037,4.585082753980638
-0.5264116114997772,0.7916086249811907,0.0749716916673727,0.01345945888013497,4.220492788889492
0.708589822112422,2.414808527233311,0.10492226552773494,0.035064129995110487,3.4124940521233924
-0.3758337141552398,-1.8195783064686282,0.09603637562792351,-0.005811168402936407,4.240907669847154
-0.38801880580451803,-1.987277220350978,0.08312942672452359,0.06299685302736262,3.8399520133615694
0.10100887498610077,-0.11207114976968632,0.04551372393691599,0.11270331198377584,3.4530898638280676
0.3890213446943577,2.953481078147334,0.08425174089656899,0.10896863629852838,3.1175793032798054
0.6756193450194714,-0.7639009593676369,0.05035056156025497,-0.022408446370821983,4.241477557829641
-0.3111021692702011,0.1903702006436646,0.0015792685047492398,0.042870433024610896,4.367122738255156
-0.24732362000108737,1.1663327407959656,0.01854532890395327,0.011472932439370748,4.47229386948622
-0.558129023878399,-0.3821949819756981,0.04243904794089343,-0.02370278851231801,4.581779264932025
-0.35614062927626866,0.17219642813193464,0.09505894333049834,0.04003736482264053,3.856078681923524
0.07504050501320639,0.14425527548613565,0.0001752695450797964,-0.020973395351467528,4.586177236360451
-0.19759964124600715,0.020152842983838952,0.036875810353501744,0.03071990087262526,4.210628423286138
0.697854746559114,-1.5323978990236522,0.09108014950740465,0.008628817136354416,3.764485596748419
-0.003625861562919708,-0.6150882533210281,0.0031394025349065964,-0.0074209026748027615,4.5873828284078835
0.3083510171154056,-0.8617000701288955,0.07085410974826968,-0.026597201630823866,4.274404369223663
-0.4329196963307242,-0.2980283983059227,0.018078030617848656,0.046862538023566415,4.290367965914456
0.4903168367442995,1.159669414164758,0.06506654994999793,-0.025758913012879383,4.213181394155181
0.669433307608685,1.8705201733731016,0.020816122990357414,0.032845073270274215,3.99302303112854
-1.4531269344344215,-1.982590104808388,0.057486188642265824,0.011940555078459576,4.517742155451842
-0.24232179238607723,-2.2954523192024308,0.06674747983805068,-0.039160353780873375,4.58765765724665
0.19105338706768957,1.3674524811949382,0.15495480858385283,0.007061282010789598,3.519599247630469
0.15951606880939095,-0.8558535751965218,0.11937490849985388,-0.0355228626101417,4.09269850923945
-0.5475455934981287,1.6016247190046649,0.034951608957929266,0.09411704913798354,3.8831911314952516
0.05138793433216109,1.7809657557262897,0.0548957984825642,0.05116273675862423,3.8673658058339173
0.2497034040693127,3.387462929616398,0.2227468184832638,-0.008888634715254548,3.1832196480592136
-0.33823076160633186,1.4565679987547169,0.1536836889903468,0.03365402141272133,3.5494256779733697
0.25465334799413436,-1.902775244462826,0.07341303588333269,0.001848829425112391,4.104640197557666
-0.6961684928767573,-1.9305224492333033,0.012930118214803752,-0.07284664325901509,4.5673303294585414
0.5939270126750701,2.730787700054652,0.17759829080174147,0.06849522758619973,2.727006252498617
0.4838850925222933,-2.3073659461387592,0.0026452140676892395,0.01750654563997128,4.3605473780979604
-0.7851137855372557,-0.7079375457341051,0.10634090181507279,0.0038138034051318106,4.2175710028587705
0.18892032117125301,-0.42854390019046995,0.11050337434353111,-0.061695504171663786,4.311000600927802
0.019685993532323115,-3.474146495258551,0.053081092202666505,-0.03681807444277949,4.585390619310248
-0.1800031500523844,0.4683811741751661,0.00016424136610194737,-0.04594435568222677,4.583131152953666
-0.19644952150571315,-0.17934639061799174,0.13193239952963265,0.006365645061328125,3.82581505255413
-0.9767438641555162,0.20946530662212587,0.001175004102285354,0.08942003593659213,4.242219864036082
0.406856492989412,2.1970789015682604,0.1306425052261341,-0.024455859641570078,3.818047285241338
-0.18849374644313296,-1.0238301830384564,0.08490723597081982,-0.027288488197059563,4.368560842713788
-0.14385228197490452,0.06723595762989998,0.0330066438954938,-0.010836136122498152,4.51343177203523
0.28609000290587167,-0.6668120868795658,0.01158596781976016,0.054805377983778714,4.04442110746332
0.9185995794049594,0.20877305037096,0.013043369856207215,-0.0686449923742165,4.552694740761436
-0.563585858775141,-1.0550955703649174,0.09263112556928847,0.09134042345767496,3.614348554510202
0.15066911135392783,-0.23462116118414816,0.03578188549454993,0.001994859050738709,4.31606471533432
-0.32022398951807807,-1.1686937895354288,0.12782720981233184,0.04962760674920119,3.6220012232437484
-0.9266652965910712,0.10792467748738832,0.08792572713607961,-0.0159887196506529,4.479786243034041
0.2755011002230595,0.6629858255335939,0.06893502366968311,0.06003512266845609,3.6307441102702924
-0.6294898781930447,0.38428120325557186,0.01664832671349443,0.05411179595689766,4.299700526165123
-0.028270700271310886,2.2802220052214235,0.04059787493557182,-0.0634353212890743,4.5846091180019375
-0.2615118522625172,-0.30039892132525725,0.09455335805596075,-0.07708444215449647,4.586559091805238
-0.35511472363620994,3.380618227311024,0.007928943198251688,0.03674905388178221,4.387687178670035
0.22919843212419178,1.3582651899415683,0.1597900189377935,-0.020031493026602815,3.67259132121797
-0.9037849089826068,-2.043531862451474,0.040253405254501655,0.10856057648972926,3.9344864521338847
-0.005227316057527625,0.7182058296265326,0.027062172920004027,-0.03369285788067725,4.586406185645993
-0.1378055639387658,-0.6478888197726101,0.10970901502928476,-0.0219077115891377,4.154213267265751
-0.2964064048395158,-1.649176166421564,0.12440451190857993,-0.07492690466283926,4.523703059887338
0.38309808192544337,2.5537706646250165,0.10481655781162039,0.007941090250333883,3.7512449549299056
-0.36522270564846776,-2.350164276641065,0.04925411281826232,0.038407838178149745,4.212927711124339
-0.0829863955772566,-1.4484635069418892,0.026910947364913073,0.0683880273067998,4.005072435436891
0.5095487429092828,-0.6853697624141661,0.04214848144656319,-0.04663138818464501,4.526247632582548
-1.2734998417860859,1.5469346923173064,0.007590986679276355,0.1474830768900824,3.884404879880835
-0.2623742997945293,1.3208779906513277,0.08128738214069724,0.018915884202530372,4.054929980171521
-0.6075961645482973,0.40546161659048874,0.030743273068703454,-0.03140596252346987,4.577848964512886
-0.12372755701203582,0.9961400515027425,0.06334653819790222,-0.01776316764328739,4.37593839704118
0.16558211876113382,1.6206652388481726,0.061774382708322396,-0.04314536949700651,4.471542932412328
-1.0972231613850838,2.742122791097728,0.037588652885421625,0.061169018185698504,4.277052576907002
0.8621537381139975,-0.6816881574819036,0.03445182015118924,-0.025167137061453307,4.297259030535663
0.6021482569708578,-1.7252327223463957,0.09144744452537486,-0.0765923301547782,4.434909902796938
-0.34700523969208735,-0.05124814046826748,0.006047417154336844,0.03133996677722711,4.436166300638758
-0.2664239611264878,0.17260891230293104,0.029019014030907262,-0.04996452107089037,4.584720708344317
0.5446017781582955,-2.444052355231194,0.016222433608472763,0.04584850938715025,4.050454571155245
-0.17235754821507984,0.5211602011161831,0.09542363158347471,0.038607203631793485,3.7967439895064308
0.3015748197332083,0.1431771401241897,0.051968752841758906,-0.07188715531438414,4.575890268177203
0.22451810216689969,-0.43619937206673504,0.045267925591111056,0.03811573280044024,3.974415182198342
-0.3190378268451192,0.07498821543437884,0.11580836970611331,0.019844449967541446,3.8648626536832014
1.0337066352410373,0.4449867126505441,0.05663900963874794,0.023523027415007416,3.68967232062304
-0.1425771355507471,-1.192282969048827,0.08050865227561994,-0.03547386911810816,4.442078801845634
0.7076735396986169,-0.0766077644475524,0.003227751185399326,-0.01702108576671294,4.471031066924569
0.3272294031538949,-0.4894271760442108,0.030575570973957914,-0.04688050820479622,4.578614482953969
-0.6762673890489415,-1.7187496684972086,0.044101565438143656,0.028091076818244538,4.3938357445951
-0.6728501841388925,-3.2121591509058547,0.03588992874549127,-0.07164010668518003,4.571954554101204
0.45579050767655604,-0.4556746816976427,0.026043910235941842,-0.006581889618469377,4.343857599871701
-0.09690471648344291,-1.5163511248111452,0.14964009262826447,0.08920800070921284,3.1277118337008547
0.21907463980574018,0.8191840365997991,0.08399481996240186,0.00013559545947829904,4.001690671071361
0.7191627469513054,1.614863562100351,0.0395234101153745,-0.03676542288884351,4.378977287985467
-0.9006026897343428,1.02773468605993,0.02852032451164531,0.026542190582683773,4.508328331357252
0.7012877276991656,-1.0253390854288047,0.03879689130364955,0.0320062713047727,3.9065578892063964
-0.10303784637719564,-0.018278988930460493,0.012342685631535042,0.0022608388047854213,4.5302891784126835
-0.16068230238645825,-3.2603993457721465,0.00028327041949717714,0.018203609135284914,4.586733526049446
0.08507442779864359,0.2873862452700907,0.02439526958925094,-0.01130593887237876,4.495798671216767
0.12810034012190535,0.3659146069504788,0.06780817545168391,0.04180982747008941,3.8290167230210326
0.566392826208127,-2.1740929546580494,0.08170130370682899,-0.05291547776382852,4.3505553200041875
-0.017991921050640538,0.15939777658209558,0.013465989791349673,-0.04318739039512236,4.585291213972172
-0.4888808063345277,0.8866754082116532,0.10454061413165791,0.009196374845640438,4.067141630263135
0.2709060696698092,1.746572108682767,0.000607332040452555,-0.041284596439431796,4.582361862877667
-0.41557077623772365,0.20491981771862133,0.07624904493160953,-0.02626011966293685,4.455276566542114
0.6692709487022315,1.8310276183760636,0.0665750124036277,0.03177944667254345,3.704872474247544
0.24932060877047396,1.4188375370014077,0.074555072310022,-0.03372398606682055,4.2964323436776
0.2927150603096166,-0.43312083180129357,0.02603881044795918,-0.024508730635258727,4.527838640248508
0.07142937036309463,0.39789964541347467,0.1084184479312455,0.043893741977564904,3.585782681769942
-0.0644671962928272,0.1962616671581557,0.05255226908397056,0.07426182143373782,3.7541084948221912
0.5794048623282828,1.158376056916094,0.032864619474541494,0.07283453585544919,3.644839213831573
-0.497959634114967,-1.495855530365358,0.1357669035627703,-0.0422419363251417,4.296175254771655
-0.01264143407160284,0.5955686283261545,0.037643812469040965,-0.010947699892058722,4.444701660422124
0.005454778143749702,-0.08720774489901728,0.1083849915067507,-0.09803918181988708,4.579363839675297
0.7047101400166647,1.0260085849545983,0.032540898415173894,-0.023339646718374435,4.328518600677184
-0.24354507433936484,0.08652719695739597,0.0084445288719828,0.0299996226951271,4.398040574234986
-0.3353093124803584,-1.57041333976718,0.10887633385130886,0.008791251323935871,4.042084220360821
0.27200500750559353,2.1857752052497994,0.0236865175003978,0.04331904582819335,4.038008811398397
0.04418768180879076,-0.719789596462908,0.060013363288427525,-0.037834796595409635,4.505662356963176
0.28559684878302366,-2.9619539442203644,0.050495817516155506,-0.059788812309811916,4.577765638030635
0.04216933912676693,3.1778405347289915,0.03582255335953856,0.10267743684350016,3.60560098791456
0.07550271619745862,-0.4156894930451808,0.02931039805941306,0.019305325226454534,4.260346843314935
-0.02470221391063602,-2.301594687656398,0.0028872709959365354,-0.0852731299798503,4.580498772197965
0.14981606534835779,-0.07302806531958167,0.05319062124069498,0.023603227372930292,4.047077906316657
0.5860112981763077,-0.21193198956529363,0.054484168689616724,0.04170626138946989,3.747589852284392
0.2511489442596053,-1.2096201665803554,0.0017326948132051995,0.013897469295200955,4.434041946544834
0.15110491871792478,1.064969412493126,0.09262162032044755,-0.014127134355406827,4.077254838378517
0.23647315551760745,1.6564544160745744,0.1517810100258694,-0.016125306690590462,3.6912809496559493
1.2390448809673944,-0.6190430679427948,0.04767990273264368,7.14959746499238e-05,3.874946195579293
-0.8714273672607177,0.08743980574825022,0.12919474733136596,-0.05674220716904441,4.50975814041591
0.24002927525257683,-0.7848377711998891,0.18605247396189106,0.04910350842992128,3.021042399284158
0.3915998346754699,-2.27116177399968,0.09084591578594281,0.049509026387294264,3.608320399924387
0.11962582636344976,0.047707728007007275,0.0014427104209864233,0.013382069391876063,4.445018443528987
-0.17277671002524383,1.6277402303780941,0.007772674926515998,0.026234552028166026,4.406746797739084
0.21068109561858472,1.3175295900301451,0.03816836199015011,0.03238401756389573,4.050982600773706
-0.34278278044722144,1.979344649119285,0.08951031625658706,-0.01995646258669277,4.3098836806538054
-0.32032204366926986,-1.5908003672948645,0.06330468145295702,-0.020080856936271776,4.5042434266069815
0.4716327379524419,-0.5236280819445791,0.1260293327368654,-0.02896139500841476,3.8735887001597034
-0.6982451614815898,0.2638565315311843,0.15289530528799058,0.015075177709711477,3.822976226440825
0.3245759200105096,0.8428860738157857,0.017192739576823098,0.03630738866979951,4.111996585468516
-0.5365838485984298,0.017923394059295286,0.06012823898222294,0.009215719956048264,4.338843344182138
0.3613870732930903,-0.7888023620867223,0.022340815415448637,-0.006847984378147896,4.410455568937064
-0.11486455828654711,-3.7673255337400438,0.0033917619206534195,0.0203786238170578,4.568072615919774
0.36769419645351364,0.7317579031702919,0.006500085820875669,0.04404584360889431,4.106096738982139
0.006118015012550219,1.7085859783938808,0.053333214033150826,0.08946691826329012,3.610921428713695
1.1364785057434599,-1.61058108740701,0.09412798355670392,-0.09667806328431056,4.375493093053352
-0.4132065301297533,1.1403236639765069,0.16051238936187506,0.04101564236472868,3.486143423142657
0.4625489970331697,-0.5125581020388443,0.0973230379357989,-0.012031981887163291,3.93411270615982
-0.012681515777786851,1.8640240602057123,0.08198558650692298,-0.06521944789005439,4.564760937745355
0.4055913822659165,-0.38179196274615124,0.011010072397468621,-0.014143183994257994,4.507456519141896
-0.43877812115980447,0.5255142111923947,0.20973469197920125,-0.03449860708783568,3.7415634641258366
0.43514275900716076,-3.850128413077927,0.030873308850827237,0.021349549436399155,4.224194036327084
0.19499389762577213,0.07173223736151246,0.04988989750724476,0.06158078744336237,3.7682040296569514
0.028478823993339373,0.0036279452132021443,0.09749799161310599,0.02235253967023903,3.8271196412788164
0.5065603093807373,1.3650004851164539,0.0031710476748852403,-0.015960192468745183,4.5261006236205805
0.7103248864452067,-2.2102126736803673,0.03888315926756223,-0.09234339986624561,4.560148208615589
0.6854159741390546,-0.9306621599406872,0.036693210258516545,0.010073920102513173,4.088021016345497
-0.2523423907113787,-3.626495500447912,0.03176711492692644,-0.039777921126460315,4.584243939316016
0.18821289996838653,-0.7481220298813106,0.018108327670927005,-0.1214647759355112,4.5778467410740955
1.3127526016793138,-4.45686943337054,0.07891964833534323,0.04466665723003949,3.4268263355276414
-0.3847416075492943,0.7007558071468476,0.06285230219122998,-0.038708787069711266,4.587443809879352
0.03377032064894325,0.20822000470468882,0.15832509931125258,0.010883400437588812,3.535788483624168
-0.07092256023885354,0.24484391639053305,0.09953420990997072,0.017441211667201136,3.8875746981344808
-0.35571169832378796,1.2752672480122893,0.02319506405711711,0.050856843148086486,4.198282555096978
1.0131795330519506,0.43299079225031234,0.16200542950325633,-0.07174785471785884,3.7188880059470684
-0.9140663524172701,0.4677566392209256,0.09486247919044713,0.0024440352190578966,4.3111112739838235
0.24954846364238592,-2.635371547647739,0.0854680023414977,-0.042928795491580754,4.378753304982948
0.07491536751666458,-4.541208497380929,0.00427341278970439,0.10503771748456864,3.92097253813056
-0.5398236770549576,-2.1769852291407554,0.0861728397305407,0.027259732247427435,4.133238152450242
-0.34173307705425443,1.4160890993126027,0.07063377625704337,0.028684455680953132,4.075348933126127
-0.22997168823374523,2.2393087771193767,0.038039304341735795,0.015342699424381559,4.324606648713265
-0.05001432060676889,-1.8116411512892165,0.07019543055588631,-0.04979859299078357,4.585585429911976
0.1778904710925183,-0.7098482586912456,0.10488804066958153,0.010630434761666111,3.8351661726124973
-0.1729699065969657,0.39141827404505525,0.06091294646412987,0.03970857972085894,3.9948412979908845
0.6501164251366921,-0.37371401395556453,0.046422009201291435,-0.04859513134855986,4.4575520281954155
0.17355700069345006,-1.055984015445572,0.04950676509050443,-0.05413761766256177,4.581294494136776
0.5135291360488861,-3.3859417183275378,0.21130570161210305,-0.010546949627221955,3.2823020040653015
0.5045313470069818,-0.5014326575329444,0.0657197363135442,0.04204127228614536,3.7148450501500023
0.6594784037823856,-0.6246902091443807,0.07842385951079746,-0.0029137367914103653,3.9161042512368796
0.6395778767520478,1.751170512282476,0.19794611485069147,0.015045338673364904,2.980581727088903
-1.0253572786027103,-0.4026461400371421,0.0006859436392043114,0.02745138829663756,4.545215924892689
-0.15163393724835503,-0.3681130057034986,0.0687845122659356,0.07581424711373215,3.690237782145426
-0.02546318798199735,-0.5714715783914441,0.0019357987223297215,0.039900657770900655,4.313207845205572
-0.10213638991822037,-1.7857014586008897,0.05293917737459837,-0.0332933240723713,4.587295183623529
0.2631587515672719,1.360664811905357,0.1302289977211657,-0.06274042548381084,4.155681376051281
0.047850985947964976,-0.4389647458257735,0.11189474913663357,-0.051399818767781304,4.278713571692023
-0.08950964251420733,1.1616597126519026,0.04258619019220424,-0.06484322977067479,4.5849901450249275
0.8581014170382969,0.7971696930578156,0.10030980905691383,0.005947607020850752,3.603891635732296
0.050859221140980036,-2.248597874325102,0.038046392037593815,-0.07706000293659783,4.582330670828933
0.023505293639030766,-0.021425460685748993,0.033282244716804736,0.014278458897849023,4.277864080805679
0.4167331984166152,-1.9062153178667067,0.022722386740842627,0.07692827213463271,3.805873993555658
-0.2969888082533466,-2.390257005258957,0.12395634134878154,0.021277676815527335,3.879998908500684
-0.2680362569596291,-1.204879201625083,0.0203351687195741,-0.018484839013557863,4.585623814641794
0.1168036152321762,1.1080639960002068,0.07701081692731912,-0.02203024021271903,4.242527030234767
0.03968959359029836,-0.05211907015209653,0.10572744704495887,0.02021233802092035,3.7900136133215945
0.5604334598771477,-2.017732299607206,0.08657813905122375,-0.029051456545010484,4.142181596019125
0.4221382367702074,-1.1165761849947047,0.01158280664848797,0.015574503504826248,4.302562066287918
1.135141003447452,0.6879500559127931,0.08925080540197414,-0.006880924034603381,3.6636696047976165
0.4440318414967376,-2.6581379466405846,0.05976438732173203,0.05496105852944019,3.755228106722031
-0.1667285357642468,-1.5014660485328861,0.04980549745929795,4.9917063474022327e-05,4.389529632067651
-0.07135449478437313,-3.503509788038541,0.020623339077952045,-0.023292270501397254,4.586045564472779
-0.6466550356730129,0.14850427409274558,0.030823654287010893,-0.09696966868482343,4.572463615518125
-1.6668780746993455,1.4863473523414321,0.05023404595852046,0.028138722916158196,4.485540604824038
-0.031100202403177662,-1.646037067593831,0.04440317598858101,0.006342437684739817,4.336854934193466
-0.7909883641908004,-0.0597928492964715,0.22784118109576007,0.028870877049979777,3.3372982924835095
0.3803170603536756,0.4329895475273615,0.05046297145867758,-0.011407753479413708,4.237868769605274
0.761867718479714,-1.524037621012338,0.13845686792362627,-0.005286590783228056,3.5339411493268282
-1.0189122619527375,-0.7122936987651349,0.07433015423309466,-0.025089997212117073,4.5650668714905285
1.2767009952073862,-1.9373438607577946,0.0038270441171547737,-0.05208295176555151,4.530800989547712
-0.36204946992540543,-1.4060151628214892,0.15935376972159224,-0.06151785006215293,4.242717230441269
-0.7104066384836593,0.5111959350325666,0.027852098617146468,-0.011132597260250926,4.573751180318121
1.266210290170482,1.8509918303592832,0.023428931431952533,0.03881798908760438,3.703571734112713
0.4923690224969414,0.25488573574436524,0.05232517117618235,0.043775580121752096,3.774203654136085
0.11274189493374101,0.4451729088566164,0.005022728219041447,0.056952044000561364,4.106597355351296
0.1913193713161026,-1.1688686667825703,0.00608320320327727,0.019987645693729593,4.381267662597398
0.8095077868711248,-2.7360964346001797,0.05302994184135606,0.021679458520889594,3.9115422142194802
0.06437914045575538,2.209350860264742,0.11089387817033186,-0.008742679164821344,3.9578428247779796
-0.3681807704887253,-0.7948483190909738,0.10989803383040198,-0.009097322059709615,4.1482652304436085
-0.3824143594174506,0.32919205061906126,0.041993677138341415,0.08620779991186454,3.8430127674901136
-0.030698044042064134,-1.0866954124217325,0.1076649701455102,-0.034686614636761114,4.233551415992321
0.1184078590727957,-0.6590600040485962,0.1120675815683916,-0.04863431156764109,4.240037020775798
-0.11424738431631308,1.7738391232159927,0.15249302081482516,-0.007167770029525381,3.7614622732839913
-0.8069639251477789,-0.915356271885585,0.21743767084820223,-0.08132449083048068,4.187744724383151
0.5081651346859292,0.09391555099921853,0.09952976022279506,0.03642378486751676,3.5211489911626765
0.06344991457425368,0.5609813037106788,0.07984701349111079,0.012316515563493021,3.995018665134324
-0.6887155135964088,0.9588889530620601,0.10342034379620145,-0.022595607118758156,4.36261631225816
0.07978733026327015,-2.8499192275490737,0.05664824878915523,-0.11307572610368506,4.579222532706531
0.253241906956549,-0.40341392921110364,0.05118159787437646,0.035361935016523176,3.9467802167579604
-0.3905265326397599,-0.5632817952045728,0.04043232386564221,-0.01878856990408633,4.586110892780383
-0.29445454276668453,0.792082442098627,0.017910651387126914,0.1017857059187824,3.8399130419804917
-0.003233088957687984,1.2095458559411072,0.07414399832983626,0.02457274545198201,3.9646551198783344
-0.429504728277761,0.5798889412719249,0.037873430036349125,-0.021573833526514884,4.5850730342300645
0.6577270621264955,-0.6974568826562467,0.05840010998993379,0.0030794310284132805,4.003348455200074
-0.12987488082507448,0.24556082316064326,0.08904525576895553,0.06492894894852641,3.627467169222619
0.19475755527125246,-2.009222662558907,0.005816725352938459,-0.009210805707068764,4.585532575674984
-1.3615602232407618,0.7188031768920263,0.014583990553897436,-0.01860347005349663,4.520810571751583
0.08678269001582875,-0.9293970040380604,0.06863164864534073,0.054502061768244375,3.7779171554700754
0.2843934490887179,-1.640688387185706,0.08618706520381483,-0.02778454202802276,4.221735969355307
-0.2536862775622666,0.7676701733391272,0.06979351697799321,0.08293321260661768,3.6573400225566934
0.030605563071549286,-2.159289863257143,0.032012190840890346,0.010535510985738126,4.376206263707822
0.6752825166035568,-1.0078875604192987,0.006273176103548321,0.0004979890091716711,4.360039612427603
0.2903226589663907,1.3594504268857621,0.12175445247791608,-0.07648488839777512,4.298135047084701
-0.15032398791764287,-0.1634571228303926,0.11479666577815406,0.04652771790873447,3.6205193034278524
-0.015191624136108342,2.0344029073095653,0.07631731637538511,0.0016852625232753023,4.12160006213304
0.012593916408381853,2.3183284854441184,0.09918470070884627,-0.013552716351736147,4.083014036688671
1.4021369122758427,-0.16792265383183785,0.15222062462807703,0.028445584049688694,2.822459786149856
-0.4122606912002593,1.7332779720724436,0.1535349343725508,0.01947728685905775,3.680552142915202
-0.9496575054635554,-0.4824772876276824,0.12749172267980055,-0.043661335706125126,4.47017659515441
0.38315926697937813,0.1963317083780654,0.09329801071371291,-0.09706480874206183,4.564467021269018
-0.4073172792591561,-0.14582248085441465,0.09523387271856992,0.04502689987740305,3.842758637877658
0.9033635645048413,-0.5356530932349809,0.08299062610624562,0.008251545889735083,3.702740767537975
0.253026993087996,-0.7597429611940782,0.0021157496742376866,0.0665745277235845,4.029818374398563
-0.6225174554038062,-0.7852684644671637,0.022567413017006904,-0.018813963682685675,4.575864320267949
0.7522808439295039,1.8185745088323757,0.10677010936496942,0.0405779011706936,3.339113546392721
0.3566710108083362,2.3904215671978712,0.04729937196513114,0.046431329789494276,3.8370886578143404
0.35225136916463895,-0.8366335575841263,0.1420382388109707,0.019747554022479234,3.4706069268582835
0.7575542998194713,1.3003977598572398,0.043190400692770074,0.06542383563088246,3.5647343549570527
0.15414872222191864,0.45259120178661716,0.037185528618556514,-0.033211284264966556,4.553948828994374
-0.0815766040707247,1.7246308656471556,0.004974010525101421,0.02046823389562294,4.436101812468051
-0.439407011724846,-1.1007797486312019,0.006905185985270529,-0.07225689625386734,4.57600583595734
-0.01609427339056208,-1.2434118045350608,0.034685769502957486,-0.027876931546860224,4.586791651804842
-0.6050770580614999,1.0704477577004825,0.03836158625090679,0.01850871335480727,4.419591051934579
0.3125262845531398,-0.4613863537150471,0.0019477428034883914,-0.029570194771965597,4.582194188610333
-0.12923317863936284,-2.673240201547359,0.021437530663359305,-0.08516816207465017,4.581261554074428
-0.21146359101261292,-0.520036589094549,0.03392022846477074,-0.015075003165195056,4.574482812010795
-0.3856375616272112,1.6175081675991563,0.0767052591500483,0.018247410723736084,4.12922434921541
0.6725526987980759,-1.2110029250217464,0.10729845750549696,0.005761581047870855,3.6795068323286984
0.3521976051657467,-1.1922407387224405,0.048673715987363635,0.017294624712613067,4.086196427433954
0.2524261630596312,-0.1792740161993206,0.009251526284892973,-0.06009639893089639,4.5811733254190194
-0.5066401462879212,2.564504884951305,0.06458339832619112,0.013184562930568196,4.275656491419978
0.7325419701766988,2.1494371174512112,0.11993463422653415,-0.027562288027407896,3.7805455706753723
-0.8601127194026895,-0.20369160820860782,0.050827802688134985,0.06033619607796975,4.142831989285053
0.5589384770751334,0.7298705466412371,0.01929956294504452,-0.0292940409328724,4.506036375562962
-0.7106431869359543,2.7934420282357566,0.0024311531868662067,0.005412423424915623,4.568788816009031
0.7994112286145417,-0.05767461023253952,0.04212149134968099,0.020144882474826393,3.9052375424440835
-0.14443241200524762,-1.2149260108737792,0.05497314949474925,-0.02617004920449678,4.52845577312041
-0.08254605784064692,0.6446037157825696,0.049400559263342574,-0.03866450923848716,4.5870955603932755
0.4991980857554332,0.712702313185474,0.005186992121908195,0.044454652084048196,4.065629976012724
-0.027678563046524562,0.3687482941905803,0.0700071517292463,0.04801237840635992,3.8276767819793402
0.018317280423308553,-1.450877000141558,0.01784266139319638,-0.008524059819148154,4.579041748570612
0.24394342225103788,1.0612302760858665,0.015725798747344498,-0.03020291414071319,4.582971697681
-0.17391029577017464,2.0282165613105114,0.18355081841946977,-0.09526112462875212,4.2210375257765715
-0.12542963732295062,3.218160610481739,0.08378014552773086,-0.007418419191248181,4.180670195772958
0.11033713927364816,0.16449084975557807,0.09533381817570553,0.007080461488758272,3.9211115572235853
0.30696089779649266,0.23286436866413357,0.09672430771287965,0.03663838983750407,3.6187733685939767
-0.47677313266184407,2.1839734732877494,0.08693787189056458,-0.005133139491349587,4.265564388973026
-0.3885997116428477,-0.051493311597361736,0.07673544700341058,0.026096074586228413,4.075937896540934
-0.3274691219089424,-1.0058755248723943,0.14017853699985777,0.0276710489087445,3.7033378322173753
-0.11484823020687075,0.8200314602487747,0.07683527948885337,0.031147693555523423,3.9409904962250124
-0.22747010896237901,-0.07360578177409828,0.08076155683150281,0.04511426024557856,3.859750791619501
-0.1805937805294214,0.7607487732032953,0.033257756913653236,0.06228865478996923,3.998100556838507
-0.18641775187686296,-0.5268769808642312,0.05811706438994404,-0.10280738482695258,4.582845733356937
0.154272577248154,3.2334133861475647,0.057964993006148935,0.011346549532158306,4.103531738462525
0.28297613069039235,0.29871028535354244,0.09517942092382979,0.09084938685758728,3.231290634552441
0.383580044698933,-0.21493384343527516,0.040335916274972156,0.011807482054984664,4.135656372653721
0.2910811644170696,1.749997898230454,0.14262904668013035,0.03361953767031547,3.3580461291407877
0.12134637259703202,0.12761535454614414,0.013697381427167851,-0.03567031517856243,4.584840685669469
-0.08585744714296313,0.14315200094730848,0.1672774075222089,-0.027227502001604887,3.8046558625459754
0.3235770357739966,-3.3044341642230686,0.045569815008284394,0.03544941843420293,4.052437484511717
-0.03720666204109371,-1.2560540574340633,0.03470555978208242,0.026960568341523827,4.236555611297142
-0.22514873360982893,-1.9325821799138572,0.043041588914139485,0.11455779857588891,3.6407040871374736
0.02158225424847136,0.29773619620418124,0.07919902232481107,-0.0548184202629014,4.496560468277356
-0.0313419536906864,0.201033212273474,0.0840145831161812,-0.00886392954063779,4.156781277143452
0.5833078869812236,0.31354207240181686,0.01088454087386009,0.03514926502934893,4.070007004795344
-0.0573314620306816,-1.0732422248354132,0.1371434990473901,0.11232193251821343,2.9983104753523864
0.9219688384259848,0.5503574096140608,0.03241556237287704,0.05472988147985937,3.6535866817506553
-0.8078251934959743,2.149009017267613,0.02170739512830186,0.11067094294617752,3.925226103991053
0.39465040787417527,-1.5967648305600428,0.02385861153626803,-0.01786502785693098,4.495246700128891
0.13170856666300043,-1.1105323895388055,0.07551180439191138,-0.07817437381529618,4.579196690013027
-0.18682451156015092,0.12301193664558877,0.021409481407217396,-0.022513974114356728,4.586953877934382
-1.1594136219110491,0.6672283040176299,0.08540477239787073,-0.08813446601969765,4.558468024131573
0.2778570405081804,-1.142703308203664,0.14806669712671386,-0.021995612036595075,3.7815698263900606
0.7441027785077405,-0.3648453039064946,0.07409695288743089,-0.05055567078449663,4.261039062794917
-0.08245451436379475,1.4249388322918308,0.06154921848385544,-0.09419339736197033,4.583134087360142
0.32909060110213967,-0.3368921936352666,0.019974007846499053,0.13848759062348837,3.335136335662262
0.3048507695095746,-0.8864264228179749,0.20124250552168385,-0.09748297157681268,3.975149145867518
-0.02072609344062591,-4.264206189524982,0.038813547274747145,-0.011401429344372709,4.571652545911863
-0.2060290868108449,0.9178990137602154,0.006774072449596519,-0.09223900919133793,4.579712623276022
-1.009034478066639,-0.9026477739432059,0.008692595380227737,-9.417128868101119e-05,4.549406138573662
-0.19160568060649205,-0.5869763260351181,0.00013228992313167332,-0.04286794747791013,4.582932260408919
-0.11887793307847068,-0.5945787916895539,0.05213042163891805,0.11545614232701024,3.493970536250618
0.09728129319308403,0.019132771369517874,0.10421647292882032,0.0642729732621352,3.4506994662263226
0.9672892148341422,-0.6905499968944689,0.15393142071181912,-0.03245226544229448,3.517682955589584
-0.3465138667020457,1.0434122053025288,0.003247242003898975,0.08741700949179723,4.047676914720627
-0.14657495722703606,1.8549221994081009,0.14689519668621148,0.011415909924979846,3.674195746730822
0.6381769604843885,-0.6935577197117865,0.11092656555980974,0.02115734027652527,3.534762517999109
0.7895386246819899,-0.9920109834852515,0.012462016785199911,-0.058159455626163176,4.561162646812693
0.34695136723668585,-1.8942608364158127,0.0543193842728287,0.060420751105354414,3.758278827335941
-0.017554688936492854,1.1325452919570385,0.09212170533759886,-0.07619739623306498,4.582455430477729
-1.142901988487334,1.975969716728641,0.04536014318235774,-0.028669556389652014,4.549672842937661
0.0506780472464388,2.007449320945391,0.03047431519164294,0.08903463228222287,3.736446390818892
-0.6741458775420558,0.8054342310355109,0.09373776207315264,0.07252115678003279,3.746069927350352
0.6013825310790522,3.022357223451161,0.06352968425539515,-0.025857561645692997,4.184197832498029
0.1341731679109671,1.404040331846639,0.0007333279177051612,0.026314234074936417,4.350389242601328
0.7826370292136333,2.965043105760142,0.05694119867596921,0.02606134642603444,3.767144777583937
0.6457769829445746,1.431711304912275,0.04895552044470212,0.09088462639684507,3.375826064117421
0.08812164376633591,0.3763792858864037,0.01562454183914296,-0.010748311833007597,4.543866746565509
0.5096360354564948,0.3321344901355161,0.1024537096373095,0.011007636969613856,3.693233598148251
0.12146460352775688,0.21438334513216223,0.11069983588245523,0.02421617082455045,3.696755987604095
-0.167952586539319,0.4882051934492337,0.0627345801495042,0.003244896083368143,4.244429472835851
-0.49142903418741174,-0.8442318753580444,0.16232061113747986,-0.04829370077864831,4.1620428964094485
-0.19044593701905332,0.1557824498872438,0.09085337003722117,0.010104668950843467,4.0358690122650795
-0.3390148968922024,-1.055047125646739,0.047910718809499125,-0.002522848391101373,4.460352740584878
0.15347240382988267,0.6718616305237228,0.06282756634629742,0.029868930024340868,3.9381777388011994
-0.01338772210497172,0.11195034792004398,0.1802526268572953,-0.06419992773041826,3.9614680930445245
-0.48983483206179473,-0.6725850385264955,0.0564697623542117,-0.045217548323975267,4.584098130869208
0.40855915167833695,-0.8677801054017452,0.10497868336884252,0.06310145511192143,3.3587775092722287
-0.02114786429252391,-2.688698811281264,0.1486112928370042,-0.020271263464239714,3.9357497906885426
0.5754725870861891,-0.6694153034146665,0.0330702311716147,-0.018969474765234695,4.357546662370179
-0.8301642319230598,1.9032510325730114,0.1931519852614072,0.006264882207853419,3.704946558239037
0.038292760980029296,-1.8447573848538106,0.11699363898123237,-0.034653362232853466,4.177354087291022
0.0035618706976438706,-1.6550288874839358,0.1041131110786202,-0.032109928519487324,4.242802505408128
0.2629955000646727,-1.389049054612036,0.04986888689377803,-0.07077480602366117,4.577758235261473
-1.078198960397442,-0.4891910766478374,0.048624559733794676,0.030883212429141535,4.435059211987801
-0.6189534838459508,-1.1303779787160217,0.038466106911647,-0.08672118748771687,4.57471454194494
0.4849175548056538,-0.8712791816059436,0.07664162888121161,0.0324168127937529,3.738316866803493
1.1798661998046411,-0.2574268360741537,0.17763876202328682,-0.0439716393896711,3.3312056793977307
-0.9672603905970261,-4.550998473565968,0.13238506912006076,0.06924107163224731,3.8128008187234306
-0.1204351853646867,0.21773001066524414,0.012977446967376419,-0.023319695973609958,4.586670552480662
0.28733451449617825,0.003090782715580082,0.07955894791488326,-0.010664107644715409,4.083557101030805
0.6328607174690226,0.686067028134057,0.14781801402821326,0.010863410730888534,3.347590102682225
0.17756099288447927,1.0844731024401013,0.02176313261573267,-0.10574910768946125,4.5791197591210455
-0.5163670861897143,0.3528353643199391,0.08876453917337719,0.01628507370363771,4.117814853681448
-0.4137148795273295,-1.1271484726521013,0.08655213928624016,0.0027180169009857337,4.226864811479888
-0.28038741442711085,0.9693042278054218,0.011519586213843537,0.00721121274502575,4.553900267483236
-0.3882162553847714,-1.1808119859234911,0.02241227185972253,-0.022055395876144468,4.583227924327596
0.44562098004397277,3.5541860505447156,0.020391868840045967,0.06140392400503493,3.8612079368862435
-0.8203206183731772,1.7122628273478746,0.033883878168125665,0.003943062285395498,4.569454822958309
0.13044536258034717,-0.33267076092511383,0.08986007564389825,0.09305668432090909,3.323769318897101
0.15956426793859355,-0.8711208404370311,0.11087375191181632,-0.0004919560043369981,3.891904037963193
0.2570213173160148,-1.404529098728983,0.05998911149172579,-0.019501774728437993,4.324672466287773
-0.3331020597363416,-1.2301158181329068,0.0656706029617773,-0.009782498110234654,4.411813972940789
0.19921436403412893,4.274112890739835,0.060322830874097545,-0.046679536275447894,4.494816599757807
0.29885998119279245,1.2863168707002526,0.012834439625807164,-0.040911601359251176,4.581171725700726
-0.03138192483968916,-2.0014782989585824,0.08355886343865615,0.04403341985507183,3.844766997926089
0.5972950153432296,0.7847062282182367,0.09023349095757445,0.09949642391180273,3.060909640461348
0.2609430099446273,-1.433286191027847,0.0147400563997021,-0.021492418274388934,4.583208443962159
-0.30329368874854795,-0.514741828975975,0.035894327424188875,-0.023600656922651633,4.586731740937738
0.323134367703677,-1.0714929589287876,0.12595374673792897,-0.06552108397160995,4.215591769811481
0.3271470625774912,-1.2488797940694365,0.05370765390026109,-0.0031205152000088957,4.215292677948421
1.0354770448729236,-0.9716909412678618,0.09255956978363798,0.02569856025119381,3.465133944214975
0.23891190508881607,-1.5036506112545753,0.14398056099104703,0.12359272087910766,2.756256850755907
-0.027352487125030824,-1.6543136523490962,0.01747455971636941,0.057541622632030456,4.127481704987939
0.1396602881671389,1.4533732191992392,0.007341389117238221,0.048552014686719686,4.145262859341974
-0.0023732199129886796,-2.577142932015542,0.06881054598369547,0.02205946762963962,4.099513864267152
0.05229765592046234,-1.1371867967783569,0.004356498551218355,0.0032866303799874877,4.555219628772445
0.5172361828003537,0.2637884254268989,0.1355497556641867,-0.037941240288245276,3.8428051408802606
0.7901254121533718,2.7099827280336277,0.09391502629603116,-0.12100521287534474,4.536337692658537
0.7172088135594925,-1.3363138480395305,0.017368558658396593,-0.09792340767161131,4.564113802977083
-0.06703469360278039,3.015475001695359,0.06289579832623764,0.046591259335104974,3.8953018856200528
0.38227436007604737,-2.543798885518791,0.07314478108094127,-0.09366887494932666,4.56961392258837
0.9844393650740344,3.0544644056504637,0.06025626349331078,0.03833212887695353,3.5697538613451485
0.19687869287380108,1.1054287591931586,0.023824316288741886,0.02989481552620686,4.162308266164838
-0.5481050168517104,3.4682115132894156,0.07704446478865024,-0.09072271015932665,4.582514789805556
0.1793924321626976,-0.01613933578516557,0.012819493578522554,-0.01733573585671221,4.580346836873969
0.30396931104206604,1.0309581961601404,0.07879564718193421,-0.03266540078879634,4.243323683944316
-0.785817180318604,1.4100865038911874,0.011127707239243206,0.03060812705370653,4.542921453005626
0.7820515150871965,-2.469150825938091,0.0018123253846845555,-0.05652145894455174,4.56505236577241
-0.8917503281471104,-0.2384770788944265,0.07654054569544949,-0.03276825732883282,4.573348632495414
-0.10591237436929365,-3.6976082148132257,0.02660650000983515,0.03273164947701568,4.341714304174746
0.26093514947261526,0.07291964191727843,0.010908477050728118,0.06871791970705426,3.931999368524693
-0.08403829079874209,1.2496869662367485,0.021582023722666845,0.07257375497501496,3.9592917894442197
-0.3123598801631311,-0.15971800520093105,0.021001480886880034,-0.10296560478977626,4.578865989509595
0.5086055100732665,-1.8509373210379994,0.054091944069991654,0.03409039235916852,3.8934944822605724
0.3235376718918899,3.515777840799591,0.13707509254060113,-0.005028804040985846,3.6669088043957245
0.28987501018796,1.6811405831829642,0.0919216168300405,-0.022296791588335023,4.090728395925945
0.017445563276141777,-2.1150492677783843,0.00948711601367814,-0.0028492187682603136,4.587537510657732
-0.24720229405695193,-0.189825434701825,0.012927341005722381,0.03927861033132818,4.312130414027523
0.18770878004384398,1.7979141189713532,0.12095933516273334,-0.043730176828936304,4.1035282531249875
0.043813060983246215,0.725720688462697,0.10756455613234822,-0.08921313855101616,4.5612117288104574
0.24706462943015864,0.5169860119254879,0.06641040208400142,-0.025438901289388634,4.287384804683308
0.0041658685690664,-1.5828078074629839,0.03133608274759672,0.04185054349648789,4.145718379118742
-0.3070960294085172,0.24232850507532006,0.083676347102883,-0.07454529964205951,4.5866218803284475
0.15447322250629464,1.3225943057339629,0.06733748904484049,0.01644723374260628,4.0085624436137275
0.4766753382229353,-0.8897189187012811,0.07746320911699481,0.042322319828912464,3.662745629816877
-0.12378389587822303,1.8545008621674772,0.027304447941928878,0.03147175054959461,4.237516303115573
-0.5081492988468781,-0.4033405554445234,0.026297250892241816,0.024061360016657537,4.4312910841003115
0.159699585976375,-0.8487273729887661,0.09090491640178364,0.04220543308308452,3.701586131775283
-0.13719197699563374,2.3506649853774837,0.07669012969305679,0.02135920535293948,4.02055855991424
0.44351599062735064,2.5282696640195157,0.02298408591016456,-0.016986995308530928,4.429755442801291
0.46308467667931486,1.3578576149068853,0.16548534029417655,-0.063278355400683,3.8593056508134738
0.34664046231187046,1.3572310146197548,0.1684655311235391,-0.01609269137729641,3.539804226051603
0.34205605907407893,0.6942932443185033,0.011668867058740357,-0.06257117416818057,4.578930397763015
-0.26332973448504376,-0.20457724695757937,0.08415726495591588,-0.0344242171092659,4.42287414996615
0.851403638959865,0.7818447297538829,0.08543912394390618,-0.0202053812366305,3.905643282497003
0.08430258987620695,0.14126206232044858,0.007687494517148813,0.017707383788599308,4.38704155080379
0.1606043626243034,-1.3864147720456113,0.006476821848159531,0.08181104498625397,3.9430572563733044
0.8388650559681274,2.275191215961605,0.03157460072892574,0.06757246304882897,3.5922347482122587
0.2735028479845172,-2.197526286489282,0.06561781253161626,0.018336282578136735,4.035519378917418
0.5755439079186314,2.3084479814577574,0.00796173584099612,0.03950388799387065,4.058519841283117
0.4411945214641812,1.9276010783714483,0.04104591271396528,0.0053959794750174945,4.151527895461632
-0.4560721093437182,-2.625214291878412,0.02846825352154414,0.017987264109609543,4.511297807178075
0.35766839598829964,-2.9069608439162273,0.015995901920033348,-0.010610484239656008,4.542291957950055
0.3530428273630428,-3.1413760905681447,0.05123612142392272,-0.05274386857416871,4.57565103010758
-0.010089430192206532,1.1567985514318215,0.07776569970628892,0.034977640553792384,3.869414352537462
-0.07389782988148774,-0.32889297536710466,0.020887986107393192,-0.04198031039210523,4.585707191581018
-0.099851317497538,1.757348953900963,0.04097077110299043,0.0029476757880428717,4.353477166837417
-0.39636285058185444,0.7348585892252169,0.06811710133522945,0.03075530700105661,4.094000771907983
0.04870784044458692,0.6559252942646844,0.11040788708016339,0.04315118595806772,3.588020987447558
0.7744547448813756,1.1083725354654395,0.1610565994238149,0.049884294326670825,2.893731906467209
-0.45316914097595784,-3.746234736492087,0.051503856628433646,0.03602630805212098,4.289152023650468
-0.09246095927718928,-0.39067570163799537,0.026156126638684656,-0.05944978729780723,4.584592193171864
-0.27639795101151327,-0.5840207717372189,0.06585077627754146,-0.010892856836106544,4.380482170353497
0.03982807910974829,-1.310668719881158,0.00581938618148911,-0.07019348063316593,4.582310093508539
-0.11531942143404979,-0.3161951496659735,0.1800787665543,0.013955033207390595,3.4538832160872057
-1.120677292933193,1.238727878683636,0.15833259791378917,-0.024846267442446605,4.214603318190301
-0.438386799031598,-0.21892666119332452,0.036154255321195074,0.030891313953122154,4.298976500289162
0.3095252468319984,-1.9538761787371597,0.01697760955318486,-0.03592866467436906,4.581040578188311
-0.7002096978649214,-0.9727879578717799,0.11446578430773455,0.04724601285168828,3.849256124637124
-0.7717073748379223,1.477596394082839,0.03955476074184147,-0.05067003409114797,4.571546790931759
-0.6026523181321074,1.0044168278493162,0.05233821161645417,-0.054027237655369466,4.580276036531113
0.3838744450641236,1.1556313294559066,0.021415239637294265,-0.05890842555356357,4.577045285593433
0.9151555734763644,-0.7294967726126969,0.062257011225266494,-0.01520515652704233,4.0217915064723915
-0.4207031436585864,0.05519307147997621,0.014112281914194367,-0.015830026133028998,4.582284240383669
0.11448052222383275,-1.8092961174496893,0.11439327696350451,-0.03406218446435732,4.16041931762361
-0.11249813305352714,1.2472367021853399,0.03901330051703949,-0.024207286647183888,4.563004169176845
-0.1906218147649379,-3.09010612381327,0.04446105729758731,-0.042994472442419066,4.585824140452892
0.7526909864662606,-1.9580900112264592,0.0003388118547498896,0.027379725581936555,4.200634517179605
-0.10311990217184587,-1.7736419226018336,0.2135035437830132,-0.04262441113849297,3.704480791676206
-0.0331928245794294,4.2998443455987685,0.05661311292732647,0.08008023633691475,3.675206079856813
-0.15703308685971984,0.6776709620696024,0.09931773869129931,0.06320357394835634,3.5888047392831375
0.8186276072381755,-0.9535628548738802,0.032554470688146486,-0.0618645908091383,4.553679731474394
0.2050772627506844,-0.9085171862973214,0.014529273571839743,-0.023550007056547667,4.5842545432191075
0.06958912623343097,-0.5116861086481476,0.04522259223114015,0.05130627384485861,3.935656965491461
-0.7636961477778844,1.0059912145076593,0.01893239308051674,0.02163530283749603,4.5552936930549475
-0.19425208026040022,0.45675825601669345,0.03515962719955917,-0.03555473802083104,4.586948304358771
-0.29007914459657136,0.9443213139912962,0.049440633299304135,0.0516801222396025,4.016974126890586
0.7562493765896755,0.8536197182145375,0.006932666820696543,0.06629200602332794,3.795464383652901
-0.06247270434793566,-1.1541794738980593,0.01681974485611895,0.03468304393214918,4.292310709534161
-0.5055423655367731,2.0288867947186238,0.007060959761520034,-0.01934409918432092,4.57811513060458
0.46533597693765566,-1.070165652708788,0.11314142407552405,-0.017616392509219002,3.893213007979993
-0.10306669000569683,1.980718017156058,0.09633121687820274,-0.04515948845434278,4.366553230614137
0.25412152370157554,0.5454454927840094,0.027754484575278297,0.08860237352640543,3.6812729543296427
0.22612655579866722,3.1096846345810008,0.09795545588815424,0.004351522570308995,3.8814099478755972
0.07098949225785503,-0.055519957922863086,0.04037568575094004,-0.0537977028851525,4.583991718224148
-0.6399460980986111,0.35196465872066446,0.02719846430357382,-0.028518641285612645,4.57605593378608
0.09817551927423906,1.8608706092100717,0.1175293026500418,-0.005722750345057367,3.8824642085305796
-0.22557610136192746,3.07136030077276,0.058102238657092194,0.09518137880664465,3.626661459143072
0.1386856640330147,0.24560112541967014,0.004313105415098208,0.07135719302364515,3.995602659087002
0.06648866732461917,1.257164823520112,0.06506023772317987,-0.07108663018653576,4.582067714505827
0.2715576357681157,-0.8969788014116108,0.116522791083878,-0.07801070944539489,4.37669805801035
0.433267322318277,-1.3440976195357206,0.0674516665253888,0.04184500697671209,3.762483900422616
0.6050829373635025,-2.1858598534684264,0.059330732664524516,-0.0035851731453350466,4.116154211565525
0.16487830884730878,-0.2796532402002381,0.09336955357380564,-0.05034821633763681,4.338529596833191
-0.10303651219349148,1.946282490338529,0.032911328706281016,-0.012051872359659557,4.509777763891005
0.5767030585650648,2.832886260937789,0.0011389236629621617,0.022131917498191423,4.23222175151664
-0.24252435584429688,1.1397425207428773,0.13971963591075132,-0.09084803077175085,4.475796739556409
-0.8581012784091036,-1.7479155185069524,0.03184293150711473,0.03776024239754505,4.450889978743765
0.5347128652498634,-2.047580887148661,0.12762252841812463,0.014665188383328854,3.5691133071025103
-0.8497409157139996,2.9756974727166705,0.10454511888654518,-0.057335213161059544,4.57964154845878
-0.23022656563669006,0.9845183305431326,0.01815193337560469,0.00984389077812449,4.480873640631724
0.34853048936228376,-1.6333250056534294,0.005684962576030492,0.016082464151628197,4.375518700328018
-0.5848422745537756,-3.465468581879656,0.15212442451347064,0.02252883565848092,3.8523393563450763
-0.11047211778338176,1.7211982449202106,0.0025793856796998307,0.025825756856158427,4.420818051401942
0.46623926650431,1.3211231015344649,0.008782916931170592,0.11942625503562974,3.4857029975070564
0.16823720170980463,0.5053200572436748,0.08477861775072601,-0.01787348634355988,4.146627851930145
-1.3119457782277704,-1.4057020224774035,0.0919430266766415,0.09987174579303909,3.8269076023855595
-0.2123579293573341,-0.1825809407149955,0.11064260536917851,-0.0029741070581807754,4.02543620845552
0.41449429515912983,1.3257420521319223,0.10899204809041108,-0.05955484744047345,4.210658593304652
0.2728096136759098,-2.2494276571654157,0.12379223190185845,-0.051108194677553266,4.182280647218799
0.5316095208665976,0.6893004942950274,0.05449150407024217,-0.01926949809661735,4.217696677665333
0.038461932583843075,-2.3212397488823484,0.10425792266426168,0.018948591829767436,3.8867218111625177
