time_s,missile_id,effective_cloud_count,covered
0.0,M1,0,0
0.04187448175467038,M1,0,0
0.08374896350934076,M1,0,0
0.12562344526401115,M1,0,0
0.16749792701868152,M1,0,0
0.2093724087733519,M1,0,0
0.2512468905280223,M1,0,0
0.29312137228269264,M1,0,0
0.33499585403736304,M1,0,0
0.37687033579203344,M1,0,0
0.4187448175467038,M1,0,0
0.4606192993013742,M1,0,0
0.5024937810560446,M1,0,0
0.5443682628107149,M1,0,0
0.5862427445653853,M1,0,0
0.6281172263200557,M1,0,0
0.6699917080747261,M1,0,0
0.7118661898293964,M1,0,0
0.7537406715840669,M1,0,0
0.7956151533387372,M1,0,0
0.8374896350934076,M1,0,0
0.879364116848078,M1,0,0
0.9212385986027484,M1,0,0
0.9631130803574187,M1,0,0
1.0049875621120892,M1,1,1
1.0468620438667595,M1,1,1
1.0887365256214299,M1,1,1
1.1306110073761002,M1,1,1
1.1724854891307706,M1,1,1
1.2143599708854411,M1,1,1
1.2562344526401115,M1,1,1
1.2981089343947818,M1,1,1
1.3399834161494522,M1,1,1
1.3818578979041225,M1,1,1
1.4237323796587928,M1,1,1
1.4656068614134632,M1,1,1
1.5074813431681338,M1,1,1
1.549355824922804,M1,1,1
1.5912303066774744,M1,1,1
1.6331047884321448,M1,1,1
1.6749792701868151,M1,1,1
1.7168537519414855,M1,1,1
1.758728233696156,M1,1,1
1.8006027154508264,M1,1,1
1.8424771972054967,M1,1,1
1.884351678960167,M1,1,1
1.9262261607148374,M1,1,1
1.9681006424695078,M1,1,1
2.0099751242241783,M1,1,1
2.0518496059788487,M1,1,1
2.093724087733519,M1,1,1
2.1355985694881894,M1,1,1
2.1774730512428597,M1,1,1
2.21934753299753,M1,1,1
2.2612220147522004,M1,1,1
2.3030964965068708,M1,1,1
2.344970978261541,M1,1,1
2.3868454600162115,M1,1,1
2.4287199417708822,M1,1,1
2.4705944235255526,M1,1,1
2.512468905280223,M1,1,1
2.5543433870348933,M1,1,1
2.5962178687895636,M1,1,1
2.638092350544234,M1,1,1
2.6799668322989043,M1,1,1
2.7218413140535747,M1,1,1
2.763715795808245,M1,1,1
2.8055902775629153,M1,1,1
2.8474647593175857,M1,1,1
2.889339241072256,M1,1,1
2.9312137228269264,M1,1,1
2.973088204581597,M1,1,1
3.0149626863362675,M1,1,1
3.056837168090938,M1,1,1
3.098711649845608,M1,1,1
3.1405861316002786,M1,1,1
3.182460613354949,M1,1,1
3.2243350951096192,M1,1,1
3.2662095768642896,M1,1,1
3.30808405861896,M1,1,1
3.3499585403736303,M1,1,1
3.3918330221283006,M1,1,1
3.433707503882971,M1,1,1
3.4755819856376413,M1,1,1
3.517456467392312,M1,1,1
3.5593309491469824,M1,1,1
3.601205430901653,M1,1,1
3.643079912656323,M1,1,1
3.6849543944109935,M1,1,1
3.726828876165664,M1,1,1
3.768703357920334,M1,1,1
3.8105778396750045,M1,1,1
3.852452321429675,M1,1,1
3.894326803184345,M1,1,1
3.9362012849390156,M1,1,1
3.978075766693686,M1,1,1
4.019950248448357,M1,1,1
4.061824730203027,M1,1,1
4.103699211957697,M1,1,1
4.145573693712367,M1,1,1
4.187448175467038,M1,1,1
4.229322657221708,M1,1,1
4.271197138976379,M1,1,1
4.3130716207310495,M1,1,1
4.3549461024857195,M1,1,1
4.39682058424039,M1,1,1
4.43869506599506,M1,1,1
4.480569547749731,M1,1,1
4.522444029504401,M1,1,1
4.564318511259072,M1,1,1
4.6061929930137415,M1,1,1
4.648067474768412,M1,1,1
4.689941956523082,M1,1,1
4.731816438277753,M1,1,1
4.773690920032423,M1,1,1
4.815565401787094,M1,1,1
4.8574398835417645,M1,1,1
4.899314365296434,M1,1,1
4.941188847051105,M1,1,1
4.983063328805775,M1,1,1
5.024937810560446,M1,1,1
5.066812292315116,M1,1,1
5.1086867740697866,M1,1,1
5.1505612558244565,M1,1,1
5.192435737579127,M1,1,1
5.234310219333797,M1,1,1
5.276184701088468,M1,1,1
5.318059182843138,M1,1,1
5.359933664597809,M1,1,1
5.401808146352479,M1,1,1
5.443682628107149,M1,1,1
5.48555710986182,M1,1,1
5.52743159161649,M1,1,1
5.569306073371161,M1,1,1
5.611180555125831,M1,1,1
5.6530550368805015,M1,1,1
5.694929518635171,M1,1,1
5.736804000389842,M1,1,1
5.778678482144512,M1,1,1
5.820552963899183,M1,1,1
5.862427445653853,M1,1,1
5.9043019274085236,M1,1,1
5.946176409163194,M1,1,1
5.988050890917864,M1,1,1
6.029925372672535,M1,1,1
6.071799854427205,M1,1,1
6.113674336181876,M1,1,1
6.155548817936546,M1,1,1
6.197423299691216,M1,1,1
6.239297781445886,M1,1,1
6.281172263200557,M1,1,1
6.323046744955227,M1,1,1
6.364921226709898,M1,1,1
6.406795708464568,M1,1,1
6.4486701902192385,M1,1,1
6.490544671973909,M1,1,1
6.532419153728579,M1,1,1
6.57429363548325,M1,1,1
6.61616811723792,M1,1,1
6.658042598992591,M1,1,1
6.699917080747261,M1,1,1
6.741791562501931,M1,1,1
6.783666044256601,M1,1,1
6.825540526011272,M1,1,1
6.867415007765942,M1,1,1
6.909289489520613,M1,1,1
6.951163971275283,M1,1,1
6.993038453029953,M1,1,1
7.034912934784624,M1,1,1
7.076787416539294,M1,1,1
7.118661898293965,M1,1,1
7.160536380048635,M1,1,1
7.202410861803306,M1,1,1
7.2442853435579755,M1,1,1
7.286159825312646,M1,1,1
7.328034307067316,M1,1,1
7.369908788821987,M1,1,1
7.411783270576657,M1,0,0
7.453657752331328,M1,0,0
7.495532234085998,M1,0,0
7.537406715840668,M1,0,0
7.579281197595339,M1,0,0
7.621155679350009,M1,0,0
7.66303016110468,M1,0,0
7.70490464285935,M1,0,0
7.7467791246140205,M1,0,0
7.78865360636869,M1,0,0
7.830528088123361,M1,0,0
7.872402569878031,M1,0,0
7.914277051632702,M1,0,0
7.956151533387372,M1,0,0
7.998026015142043,M1,0,0
8.039900496896713,M1,0,0
8.081774978651383,M1,0,0
8.123649460406053,M1,0,0
8.165523942160725,M1,0,0
8.207398423915395,M1,0,0
8.249272905670065,M1,0,0
8.291147387424735,M1,0,0
8.333021869179406,M1,0,0
8.374896350934076,M1,0,0
8.416770832688746,M1,0,0
8.458645314443416,M1,0,0
8.500519796198088,M1,0,0
8.542394277952758,M1,0,0
8.584268759707427,M1,0,0
8.626143241462099,M1,0,0
8.668017723216769,M1,0,0
8.709892204971439,M1,0,0
8.751766686726109,M1,0,0
8.79364116848078,M1,0,0
8.83551565023545,M1,0,0
8.87739013199012,M1,0,0
8.91926461374479,M1,0,0
8.961139095499462,M1,0,0
9.003013577254132,M1,0,0
9.044888059008802,M1,0,0
9.086762540763472,M1,0,0
9.128637022518143,M1,0,0
9.170511504272813,M1,0,0
9.212385986027483,M1,0,0
9.254260467782155,M1,0,0
9.296134949536825,M1,0,0
9.338009431291495,M1,0,0
9.379883913046164,M1,0,0
9.421758394800836,M1,0,0
9.463632876555506,M1,0,0
9.505507358310176,M1,0,0
9.547381840064846,M1,0,0
9.589256321819517,M1,0,0
9.631130803574187,M1,0,0
9.673005285328857,M1,0,0
9.714879767083529,M1,0,0
9.756754248838199,M1,0,0
9.798628730592869,M1,0,0
9.840503212347539,M1,0,0
9.88237769410221,M1,0,0
9.92425217585688,M1,0,0
9.96612665761155,M1,0,0
10.00800113936622,M1,0,0
10.049875621120892,M1,0,0
10.091750102875562,M1,0,0
10.133624584630232,M1,0,0
10.175499066384901,M1,0,0
10.217373548139573,M1,0,0
10.259248029894243,M1,0,0
10.301122511648913,M1,0,0
10.342996993403585,M1,0,0
10.384871475158254,M1,0,0
10.426745956912924,M1,0,0
10.468620438667594,M1,0,0
10.510494920422266,M1,0,0
10.552369402176936,M1,0,0
10.594243883931606,M1,0,0
10.636118365686276,M1,0,0
10.677992847440947,M1,0,0
10.719867329195617,M1,0,0
10.761741810950287,M1,0,0
10.803616292704959,M1,0,0
10.845490774459629,M1,0,0
10.887365256214299,M1,0,0
10.929239737968969,M1,0,0
10.97111421972364,M1,0,0
11.01298870147831,M1,0,0
11.05486318323298,M1,0,0
11.09673766498765,M1,0,0
11.138612146742322,M1,0,0
11.180486628496991,M1,0,0
11.222361110251661,M1,0,0
11.264235592006333,M1,0,0
11.306110073761003,M1,0,0
11.347984555515673,M1,0,0
11.389859037270343,M1,0,0
11.431733519025014,M1,0,0
11.473608000779684,M1,0,0
11.515482482534354,M1,0,0
11.557356964289024,M1,0,0
11.599231446043696,M1,0,0
11.641105927798366,M1,0,0
11.682980409553036,M1,0,0
11.724854891307706,M1,0,0
11.766729373062377,M1,0,0
11.808603854817047,M1,0,0
11.850478336571717,M1,0,0
11.892352818326389,M1,0,0
11.934227300081059,M1,0,0
11.976101781835728,M1,0,0
12.017976263590398,M1,0,0
12.05985074534507,M1,0,0
12.10172522709974,M1,0,0
12.14359970885441,M1,0,0
12.18547419060908,M1,0,0
12.227348672363751,M1,0,0
12.269223154118421,M1,0,0
12.311097635873091,M1,0,0
12.352972117627763,M1,0,0
12.394846599382433,M1,0,0
12.436721081137103,M1,0,0
12.478595562891773,M1,0,0
12.520470044646444,M1,0,0
12.562344526401114,M1,0,0
12.604219008155784,M1,0,0
12.646093489910454,M1,0,0
12.687967971665126,M1,0,0
12.729842453419796,M1,0,0
12.771716935174465,M1,0,0
12.813591416929135,M1,0,0
12.855465898683807,M1,0,0
12.897340380438477,M1,0,0
12.939214862193147,M1,0,0
12.981089343947819,M1,0,0
13.022963825702488,M1,0,0
13.064838307457158,M1,0,0
13.106712789211828,M1,0,0
13.1485872709665,M1,0,0
13.19046175272117,M1,0,0
13.23233623447584,M1,0,0
13.27421071623051,M1,0,0
13.316085197985181,M1,0,0
13.357959679739851,M1,0,0
13.399834161494521,M1,0,0
13.441708643249193,M1,0,0
13.483583125003863,M1,0,0
13.525457606758533,M1,0,0
13.567332088513202,M1,0,0
13.609206570267874,M1,0,0
13.651081052022544,M1,0,0
13.692955533777214,M1,0,0
13.734830015531884,M1,0,0
13.776704497286556,M1,0,0
13.818578979041225,M1,0,0
13.860453460795895,M1,0,0
13.902327942550565,M1,0,0
13.944202424305237,M1,0,0
13.986076906059907,M1,0,0
14.027951387814577,M1,0,0
14.069825869569248,M1,0,0
14.111700351323918,M1,0,0
14.153574833078588,M1,0,0
14.195449314833258,M1,0,0
14.23732379658793,M1,0,0
14.2791982783426,M1,0,0
14.32107276009727,M1,0,0
14.36294724185194,M1,0,0
14.404821723606611,M1,0,0
14.446696205361281,M1,0,0
14.488570687115951,M1,0,0
14.530445168870623,M1,0,0
14.572319650625293,M1,0,0
14.614194132379962,M1,0,0
14.656068614134632,M1,0,0
14.697943095889304,M1,0,0
14.739817577643974,M1,0,0
14.781692059398644,M1,0,0
14.823566541153314,M1,0,0
14.865441022907985,M1,0,0
14.907315504662655,M1,0,0
14.949189986417325,M1,0,0
14.991064468171995,M1,0,0
15.032938949926667,M1,0,0
15.074813431681337,M1,0,0
15.116687913436007,M1,0,0
15.158562395190678,M1,0,0
15.200436876945348,M1,0,0
15.242311358700018,M1,0,0
15.284185840454688,M1,0,0
15.32606032220936,M1,0,0
15.36793480396403,M1,0,0
15.4098092857187,M1,0,0
15.45168376747337,M1,0,0
15.493558249228041,M1,0,0
15.535432730982711,M1,0,0
15.57730721273738,M1,0,0
15.619181694492053,M1,0,0
15.661056176246722,M1,0,0
15.702930658001392,M1,0,0
15.744805139756062,M1,0,0
15.786679621510734,M1,0,0
15.828554103265404,M1,0,0
15.870428585020074,M1,0,0
15.912303066774744,M1,0,0
15.954177548529415,M1,0,0
15.996052030284085,M1,0,0
16.037926512038755,M1,0,0
16.079800993793427,M1,0,0
16.121675475548095,M1,0,0
16.163549957302767,M1,0,0
16.20542443905744,M1,0,0
16.247298920812106,M1,0,0
16.289173402566778,M1,0,0
16.33104788432145,M1,0,0
16.372922366076118,M1,0,0
16.41479684783079,M1,0,0
16.456671329585458,M1,0,0
16.49854581134013,M1,0,0
16.5404202930948,M1,0,0
16.58229477484947,M1,0,0
16.62416925660414,M1,0,0
16.666043738358812,M1,0,0
16.70791822011348,M1,0,0
16.749792701868152,M1,0,0
16.791667183622824,M1,0,0
16.833541665377492,M1,0,0
16.875416147132164,M1,0,0
16.917290628886832,M1,0,0
16.959165110641504,M1,0,0
17.001039592396175,M1,0,0
17.042914074150843,M1,0,0
17.084788555905515,M1,0,0
17.126663037660187,M1,0,0
17.168537519414855,M1,0,0
17.210412001169527,M1,0,0
17.252286482924198,M1,0,0
17.294160964678866,M1,0,0
17.336035446433538,M1,0,0
17.377909928188206,M1,0,0
17.419784409942878,M1,0,0
17.46165889169755,M1,0,0
17.503533373452218,M1,0,0
17.54540785520689,M1,0,0
17.58728233696156,M1,0,0
17.62915681871623,M1,0,0
17.6710313004709,M1,0,0
17.712905782225572,M1,0,0
17.75478026398024,M1,0,0
17.796654745734912,M1,0,0
17.83852922748958,M1,0,0
17.880403709244252,M1,0,0
17.922278190998924,M1,0,0
17.964152672753592,M1,0,0
18.006027154508264,M1,0,0
18.047901636262935,M1,0,0
18.089776118017603,M1,0,0
18.131650599772275,M1,0,0
18.173525081526943,M1,0,0
18.215399563281615,M1,0,0
18.257274045036286,M1,0,0
18.299148526790955,M1,0,0
18.341023008545626,M1,0,0
18.382897490300298,M1,0,0
18.424771972054966,M1,0,0
18.466646453809638,M1,0,0
18.50852093556431,M1,0,0
18.550395417318978,M1,0,0
18.59226989907365,M1,0,0
18.634144380828317,M1,0,0
18.67601886258299,M1,0,0
18.71789334433766,M1,1,1
18.75976782609233,M1,1,1
18.801642307847,M1,1,1
18.843516789601672,M1,1,1
18.88539127135634,M1,1,1
18.927265753111012,M1,1,1
18.969140234865684,M1,1,1
19.011014716620352,M1,1,1
19.052889198375023,M1,1,1
19.09476368012969,M1,1,1
19.136638161884363,M1,1,1
19.178512643639035,M1,1,1
19.220387125393703,M1,1,1
19.262261607148375,M1,1,1
19.304136088903046,M1,1,1
19.346010570657715,M1,1,1
19.387885052412386,M1,1,1
19.429759534167058,M1,1,1
19.471634015921726,M1,1,1
19.513508497676398,M1,1,1
19.555382979431066,M1,1,1
19.597257461185738,M1,1,1
19.63913194294041,M1,1,1
19.681006424695077,M1,1,1
19.72288090644975,M1,1,1
19.76475538820442,M1,1,1
19.80662986995909,M1,1,1
19.84850435171376,M1,1,1
19.890378833468432,M1,1,1
19.9322533152231,M1,1,1
19.974127796977772,M1,1,1
20.01600227873244,M1,1,1
20.05787676048711,M1,1,1
20.099751242241783,M1,1,1
20.14162572399645,M1,1,1
20.183500205751123,M1,1,1
20.225374687505795,M1,1,1
20.267249169260463,M1,1,1
20.309123651015135,M1,1,1
20.350998132769803,M1,1,1
20.392872614524475,M1,1,1
20.434747096279146,M1,1,1
20.476621578033814,M1,1,1
20.518496059788486,M1,1,1
20.560370541543158,M1,1,1
20.602245023297826,M1,1,1
20.644119505052497,M1,1,1
20.68599398680717,M1,1,1
20.727868468561837,M1,1,1
20.76974295031651,M1,1,1
20.811617432071177,M1,1,1
20.85349191382585,M1,1,1
20.89536639558052,M1,1,1
20.93724087733519,M1,1,1
20.97911535908986,M1,1,1
21.020989840844532,M1,1,1
21.0628643225992,M1,1,1
21.10473880435387,M1,1,1
21.146613286108543,M1,1,1
21.18848776786321,M1,1,1
21.230362249617883,M1,1,1
21.27223673137255,M1,1,1
21.314111213127223,M1,1,1
21.355985694881895,M1,1,1
21.397860176636563,M1,1,1
21.439734658391234,M1,1,1
21.481609140145906,M1,1,1
21.523483621900574,M1,1,1
21.565358103655246,M1,1,1
21.607232585409918,M1,1,1
21.649107067164586,M1,1,1
21.690981548919257,M1,1,1
21.732856030673926,M1,1,1
21.774730512428597,M1,1,1
21.81660499418327,M1,1,1
21.858479475937937,M1,1,1
21.90035395769261,M1,1,1
21.94222843944728,M1,1,1
21.98410292120195,M1,1,1
22.02597740295662,M1,1,1
22.067851884711292,M1,1,1
22.10972636646596,M1,1,1
22.15160084822063,M1,1,1
22.1934753299753,M1,1,1
22.23534981172997,M1,1,1
22.277224293484643,M1,1,1
22.31909877523931,M1,1,1
22.360973256993983,M1,1,1
22.402847738748655,M1,1,1
22.444722220503323,M1,1,1
22.486596702257994,M1,0,0
22.528471184012666,M1,0,0
22.570345665767334,M1,0,0
22.612220147522006,M1,0,0
22.654094629276674,M1,0,0
22.695969111031346,M1,0,0
22.737843592786017,M1,0,0
22.779718074540686,M1,0,0
22.821592556295357,M1,0,0
22.86346703805003,M1,0,0
22.905341519804697,M1,0,0
22.94721600155937,M1,0,0
22.989090483314037,M1,0,0
23.03096496506871,M1,0,0
23.07283944682338,M1,0,0
23.11471392857805,M1,0,0
23.15658841033272,M1,0,0
23.19846289208739,M1,0,0
23.24033737384206,M1,0,0
23.28221185559673,M1,0,0
23.324086337351403,M1,0,0
23.36596081910607,M1,0,0
23.407835300860743,M1,0,0
23.44970978261541,M1,0,0
23.491584264370083,M1,0,0
23.533458746124754,M1,0,0
23.575333227879423,M1,0,0
23.617207709634094,M1,0,0
23.659082191388766,M1,0,0
23.700956673143434,M1,0,0
23.742831154898106,M1,0,0
23.784705636652777,M1,0,0
23.826580118407445,M1,0,0
23.868454600162117,M1,0,0
23.910329081916785,M1,0,0
23.952203563671457,M1,0,0
23.99407804542613,M1,0,0
24.035952527180797,M1,0,0
24.07782700893547,M1,0,0
24.11970149069014,M1,0,0
24.16157597244481,M1,0,0
24.20345045419948,M1,0,0
24.24532493595415,M1,0,0
24.28719941770882,M1,0,0
24.32907389946349,M1,0,0
24.37094838121816,M1,0,0
24.41282286297283,M1,0,0
24.454697344727503,M1,0,0
24.49657182648217,M1,0,0
24.538446308236843,M1,0,0
24.580320789991514,M1,0,0
24.622195271746182,M1,0,0
24.664069753500854,M1,0,0
24.705944235255526,M1,0,0
24.747818717010194,M1,0,0
24.789693198764866,M1,0,0
24.831567680519534,M1,0,0
24.873442162274205,M1,0,0
24.915316644028877,M1,0,0
24.957191125783545,M1,0,0
24.999065607538217,M1,0,0
25.04094008929289,M1,0,0
25.082814571047557,M1,0,0
25.12468905280223,M1,0,0
25.166563534556897,M1,0,0
25.208438016311568,M1,0,0
25.25031249806624,M1,0,0
25.292186979820908,M1,0,0
25.33406146157558,M1,0,0
25.37593594333025,M1,0,0
25.41781042508492,M1,0,0
25.45968490683959,M1,0,0
25.501559388594263,M1,0,0
25.54343387034893,M1,0,0
25.585308352103603,M1,0,0
25.62718283385827,M1,0,0
25.669057315612942,M1,0,0
25.710931797367614,M1,0,0
25.752806279122282,M1,0,0
25.794680760876954,M1,0,0
25.836555242631626,M1,0,0
25.878429724386294,M1,0,0
25.920304206140965,M1,0,0
25.962178687895637,M1,0,0
26.004053169650305,M1,0,0
26.045927651404977,M1,0,0
26.087802133159645,M1,0,0
26.129676614914317,M1,0,0
26.17155109666899,M1,0,0
26.213425578423657,M1,0,0
26.255300060178328,M1,0,0
26.297174541933,M1,0,0
26.339049023687668,M1,0,0
26.38092350544234,M1,0,0
26.42279798719701,M1,0,0
26.46467246895168,M1,0,0
26.50654695070635,M1,0,0
26.54842143246102,M1,0,0
26.59029591421569,M1,0,0
26.632170395970363,M1,0,0
26.67404487772503,M1,0,0
26.715919359479702,M1,0,0
26.757793841234374,M1,0,0
26.799668322989042,M1,0,0
26.841542804743714,M1,0,0
26.883417286498386,M1,0,0
26.925291768253054,M1,0,0
26.967166250007725,M1,0,0
27.009040731762394,M1,0,0
27.050915213517065,M1,0,0
27.092789695271737,M1,0,0
27.134664177026405,M1,0,0
27.176538658781077,M1,0,0
27.21841314053575,M1,0,0
27.260287622290416,M1,0,0
27.302162104045088,M1,0,0
27.34403658579976,M1,0,0
27.385911067554428,M1,0,0
27.4277855493091,M1,0,0
27.469660031063768,M1,0,0
27.51153451281844,M1,0,0
27.55340899457311,M1,0,0
27.59528347632778,M1,0,0
27.63715795808245,M1,0,0
27.679032439837123,M1,0,0
27.72090692159179,M1,0,0
27.762781403346462,M1,0,0
27.80465588510113,M1,0,0
27.846530366855802,M1,0,0
27.888404848610474,M1,0,0
27.930279330365142,M1,0,0
27.972153812119814,M1,0,0
28.014028293874485,M1,0,0
28.055902775629153,M1,0,0
28.097777257383825,M1,0,0
28.139651739138497,M1,0,0
28.181526220893165,M1,0,0
28.223400702647837,M1,0,0
28.265275184402505,M1,0,0
28.307149666157176,M1,0,0
28.349024147911848,M1,0,0
28.390898629666516,M1,0,0
28.432773111421188,M1,0,0
28.47464759317586,M1,0,0
28.516522074930528,M1,0,0
28.5583965566852,M1,0,0
28.60027103843987,M1,0,0
28.64214552019454,M1,0,0
28.68402000194921,M1,0,0
28.72589448370388,M1,0,0
28.76776896545855,M1,0,0
28.809643447213222,M1,0,0
28.85151792896789,M1,0,0
28.893392410722562,M1,0,0
28.935266892477234,M1,0,0
28.977141374231902,M1,0,0
29.019015855986574,M1,0,0
29.060890337741245,M1,0,0
29.102764819495913,M1,0,0
29.144639301250585,M1,0,0
29.186513783005253,M1,0,0
29.228388264759925,M1,0,0
29.270262746514597,M1,0,0
29.312137228269265,M1,0,0
29.354011710023936,M1,0,0
29.395886191778608,M1,0,0
29.437760673533276,M1,0,0
29.479635155287948,M1,0,0
29.52150963704262,M1,0,0
29.563384118797288,M1,0,0
29.60525860055196,M1,0,0
29.647133082306627,M1,0,0
29.6890075640613,M1,0,0
29.73088204581597,M1,0,0
29.77275652757064,M1,0,0
29.81463100932531,M1,0,0
29.856505491079982,M1,0,0
29.89837997283465,M1,0,0
29.940254454589322,M1,0,0
29.98212893634399,M1,0,0
30.024003418098662,M1,0,0
30.065877899853334,M1,0,0
30.107752381608,M1,0,0
30.149626863362673,M1,0,0
30.191501345117345,M1,0,0
30.233375826872013,M1,0,0
30.275250308626685,M1,0,0
30.317124790381357,M1,0,0
30.358999272136025,M1,0,0
30.400873753890696,M1,0,0
30.442748235645364,M1,0,0
30.484622717400036,M1,0,0
30.526497199154708,M1,0,0
30.568371680909376,M1,0,0
30.610246162664048,M1,0,0
30.65212064441872,M1,0,0
30.693995126173387,M1,0,0
30.73586960792806,M1,0,0
30.77774408968273,M1,0,0
30.8196185714374,M1,0,0
30.86149305319207,M1,0,0
30.90336753494674,M1,0,0
30.94524201670141,M1,0,0
30.987116498456082,M1,0,0
31.02899098021075,M1,0,0
31.070865461965422,M1,0,0
31.112739943720094,M1,0,0
31.15461442547476,M1,0,0
31.196488907229433,M1,0,0
31.238363388984105,M1,0,0
31.280237870738773,M1,0,0
31.322112352493445,M1,0,0
31.363986834248113,M1,0,0
31.405861316002785,M1,0,0
31.447735797757456,M1,0,0
31.489610279512124,M1,0,0
31.531484761266796,M1,0,0
31.573359243021468,M1,0,0
31.615233724776136,M1,0,0
31.657108206530808,M1,0,0
31.69898268828548,M1,0,0
31.740857170040147,M1,0,0
31.78273165179482,M1,0,0
31.824606133549487,M1,0,0
31.86648061530416,M1,0,0
31.90835509705883,M1,0,0
31.9502295788135,M1,0,0
31.99210406056817,M1,0,0
32.03397854232284,M1,0,0
32.07585302407751,M1,0,0
32.11772750583218,M1,0,0
32.15960198758685,M1,0,0
32.20147646934152,M1,0,0
32.24335095109619,M1,0,0
32.285225432850865,M1,0,0
32.32709991460553,M1,0,0
32.3689743963602,M1,0,0
32.41084887811488,M1,0,0
32.452723359869545,M1,0,0
32.49459784162421,M1,0,0
32.53647232337889,M1,0,0
32.578346805133556,M1,0,0
32.620221286888224,M1,0,0
32.6620957686429,M1,0,0
32.70397025039757,M1,0,0
32.745844732152236,M1,0,0
32.78771921390691,M1,0,0
32.82959369566158,M1,1,1
32.87146817741625,M1,1,1
32.913342659170915,M1,1,1
32.95521714092559,M1,1,1
32.99709162268026,M1,1,1
33.03896610443493,M1,1,1
33.0808405861896,M1,1,1
33.12271506794427,M1,1,1
33.16458954969894,M1,1,1
33.20646403145361,M1,1,1
33.24833851320828,M1,1,1
33.29021299496295,M1,1,1
33.332087476717625,M1,1,1
33.37396195847229,M1,1,1
33.41583644022696,M1,1,1
33.457710921981636,M1,1,1
33.499585403736305,M1,1,1
33.54145988549097,M1,1,1
33.58333436724565,M1,1,1
33.625208849000316,M1,1,1
33.667083330754984,M1,1,1
33.70895781250965,M1,1,1
33.75083229426433,M1,1,1
33.792706776018996,M1,1,1
33.834581257773664,M1,1,1
33.87645573952834,M1,1,1
33.91833022128301,M1,1,1
33.960204703037675,M1,1,1
34.00207918479235,M1,1,1
34.04395366654702,M1,1,1
34.08582814830169,M1,1,1
34.12770263005636,M1,1,1
34.16957711181103,M1,1,1
34.2114515935657,M1,1,1
34.25332607532037,M1,1,1
34.29520055707504,M1,1,1
34.33707503882971,M1,1,1
34.378949520584385,M1,1,1
34.42082400233905,M1,1,1
34.46269848409372,M1,1,1
34.504572965848396,M1,1,1
34.546447447603065,M1,1,1
34.58832192935773,M1,1,1
34.6301964111124,M1,1,1
34.672070892867076,M1,1,1
34.713945374621744,M1,1,1
34.75581985637641,M1,1,1
34.79769433813109,M1,1,1
34.839568819885756,M1,1,1
34.881443301640424,M1,1,1
34.9233177833951,M1,1,1
34.96519226514977,M1,1,1
35.007066746904435,M1,1,1
35.04894122865911,M1,1,1
35.09081571041378,M1,1,1
35.13269019216845,M1,1,1
35.17456467392312,M1,1,1
35.21643915567779,M1,1,1
35.25831363743246,M1,1,1
35.30018811918713,M1,1,1
35.3420626009418,M1,1,1
35.38393708269647,M1,1,1
35.425811564451145,M1,1,1
35.46768604620581,M1,1,1
35.50956052796048,M1,1,1
35.55143500971515,M1,1,1
35.593309491469824,M1,1,1
35.63518397322449,M1,0,0
35.67705845497916,M1,0,0
35.718932936733836,M1,0,0
35.760807418488504,M1,0,0
35.80268190024317,M1,0,0
35.84455638199785,M1,0,0
35.886430863752516,M1,0,0
35.928305345507184,M1,0,0
35.97017982726186,M1,0,0
36.01205430901653,M1,0,0
36.053928790771195,M1,0,0
36.09580327252587,M1,0,0
36.13767775428054,M1,0,0
36.17955223603521,M1,0,0
36.22142671778988,M1,0,0
36.26330119954455,M1,0,0
36.30517568129922,M1,0,0
36.347050163053886,M1,0,0
36.38892464480856,M1,0,0
36.43079912656323,M1,0,0
36.4726736083179,M1,0,0
36.51454809007257,M1,0,0
36.55642257182724,M1,0,0
36.59829705358191,M1,0,0
36.640171535336584,M1,0,0
36.68204601709125,M1,0,0
36.72392049884592,M1,0,0
36.765794980600596,M1,0,0
36.807669462355264,M1,0,0
36.84954394410993,M1,0,0
36.89141842586461,M1,0,0
36.933292907619276,M1,0,0
36.975167389373944,M1,0,0
37.01704187112862,M1,0,0
37.05891635288329,M1,0,0
37.100790834637955,M1,0,0
37.14266531639263,M1,0,0
37.1845397981473,M1,0,0
37.22641427990197,M1,0,0
37.268288761656635,M1,0,0
37.31016324341131,M1,0,0
37.35203772516598,M1,0,0
37.393912206920646,M1,0,0
37.43578668867532,M1,0,0
37.47766117042999,M1,0,0
37.51953565218466,M1,0,0
37.56141013393933,M1,0,0
37.603284615694,M1,0,0
37.64515909744867,M1,0,0
37.687033579203344,M1,0,0
37.72890806095801,M1,0,0
37.77078254271268,M1,0,0
37.812657024467356,M1,0,0
37.854531506222024,M1,0,0
37.89640598797669,M1,0,0
37.93828046973137,M1,0,0
37.980154951486035,M1,0,0
38.022029433240704,M1,0,0
38.06390391499538,M1,0,0
38.10577839675005,M1,0,0
38.147652878504715,M1,0,0
38.18952736025938,M1,0,0
38.23140184201406,M1,0,0
38.27327632376873,M1,0,0
38.315150805523395,M1,0,0
38.35702528727807,M1,0,0
38.39889976903274,M1,0,0
38.440774250787406,M1,0,0
38.48264873254208,M1,0,0
38.52452321429675,M1,0,0
38.56639769605142,M1,0,0
38.60827217780609,M1,0,0
38.65014665956076,M1,0,0
38.69202114131543,M1,0,0
38.733895623070104,M1,0,0
38.77577010482477,M1,0,0
38.81764458657944,M1,0,0
38.859519068334116,M1,0,0
38.901393550088784,M1,0,0
38.94326803184345,M1,0,0
38.98514251359812,M1,0,0
39.027016995352795,M1,0,0
39.068891477107464,M1,0,0
39.11076595886213,M1,0,0
39.15264044061681,M1,0,0
39.194514922371475,M1,0,0
39.23638940412614,M1,0,0
39.27826388588082,M1,0,0
39.32013836763549,M1,0,0
39.362012849390155,M1,0,0
39.40388733114483,M1,0,0
39.4457618128995,M1,0,0
39.487636294654166,M1,0,0
39.52951077640884,M1,0,0
39.57138525816351,M1,0,0
39.61325973991818,M1,0,0
39.65513422167285,M1,0,0
39.69700870342752,M1,0,0
39.73888318518219,M1,0,0
39.780757666936864,M1,0,0
39.82263214869153,M1,0,0
39.8645066304462,M1,0,0
39.90638111220087,M1,0,0
39.948255593955544,M1,0,0
39.99013007571021,M1,0,0
40.03200455746488,M1,0,0
40.073879039219555,M1,0,0
40.11575352097422,M1,0,0
40.15762800272889,M1,0,0
40.19950248448357,M1,0,0
40.241376966238235,M1,0,0
40.2832514479929,M1,0,0
40.32512592974758,M1,0,0
40.36700041150225,M1,0,0
40.408874893256915,M1,0,0
40.45074937501159,M1,0,0
40.49262385676626,M1,0,0
40.534498338520926,M1,0,0
40.5763728202756,M1,0,0
40.61824730203027,M1,0,0
40.66012178378494,M1,0,0
40.701996265539606,M1,0,0
40.74387074729428,M1,0,0
40.78574522904895,M1,0,0
40.82761971080362,M1,0,0
40.86949419255829,M1,0,0
40.91136867431296,M1,0,0
40.95324315606763,M1,0,0
40.995117637822304,M1,0,0
41.03699211957697,M1,0,0
41.07886660133164,M1,0,0
41.120741083086315,M1,0,0
41.16261556484098,M1,0,0
41.20449004659565,M1,0,0
41.24636452835033,M1,0,0
41.288239010104995,M1,0,0
41.33011349185966,M1,0,0
41.37198797361434,M1,0,0
41.41386245536901,M1,0,0
41.455736937123675,M1,0,0
41.49761141887835,M1,0,0
41.53948590063302,M1,0,0
41.581360382387686,M1,0,0
41.623234864142354,M1,0,0
41.66510934589703,M1,0,0
41.7069838276517,M1,0,0
41.748858309406366,M1,0,0
41.79073279116104,M1,0,0
41.83260727291571,M1,0,0
41.87448175467038,M1,0,0
41.91635623642505,M1,0,0
41.95823071817972,M1,0,0
42.00010519993439,M1,0,0
42.041979681689064,M1,0,0
42.08385416344373,M1,0,0
42.1257286451984,M1,0,0
42.167603126953075,M1,0,0
42.20947760870774,M1,0,0
42.25135209046241,M1,0,0
42.29322657221709,M1,0,0
42.335101053971755,M1,0,0
42.37697553572642,M1,0,0
42.4188500174811,M1,0,0
42.460724499235766,M1,0,0
42.502598980990435,M1,0,0
42.5444734627451,M1,0,0
42.58634794449978,M1,0,0
42.628222426254446,M1,0,0
42.670096908009114,M1,0,0
42.71197138976379,M1,0,0
42.75384587151846,M1,0,0
42.795720353273126,M1,0,0
42.8375948350278,M1,0,0
42.87946931678247,M1,0,0
42.92134379853714,M1,0,0
42.96321828029181,M1,0,0
43.00509276204648,M1,0,0
43.04696724380115,M1,0,0
43.088841725555824,M1,0,0
43.13071620731049,M1,0,0
43.17259068906516,M1,0,0
43.214465170819835,M1,0,0
43.2563396525745,M1,0,0
43.29821413432917,M1,0,0
43.34008861608384,M1,0,0
43.381963097838515,M1,0,0
43.42383757959318,M1,0,0
43.46571206134785,M1,0,0
43.507586543102526,M1,0,0
43.549461024857195,M1,0,0
43.59133550661186,M1,0,0
43.63320998836654,M1,0,0
43.675084470121206,M1,0,0
43.716958951875874,M1,0,0
43.75883343363055,M1,0,0
43.80070791538522,M1,0,0
43.842582397139886,M1,0,0
43.88445687889456,M1,0,0
43.92633136064923,M1,0,0
43.9682058424039,M1,0,0
44.01008032415857,M1,0,0
44.05195480591324,M1,0,0
44.09382928766791,M1,0,0
44.135703769422584,M1,0,0
44.17757825117725,M1,0,0
44.21945273293192,M1,0,0
44.26132721468659,M1,0,0
44.30320169644126,M1,0,0
44.34507617819593,M1,0,0
44.3869506599506,M1,0,0
44.428825141705275,M1,0,0
44.47069962345994,M1,0,0
44.51257410521461,M1,0,0
44.554448586969286,M1,0,0
44.596323068723954,M1,0,0
44.63819755047862,M1,0,0
44.6800720322333,M1,0,0
44.721946513987966,M1,0,0
44.763820995742634,M1,0,0
44.80569547749731,M1,0,0
44.84756995925198,M1,0,0
44.889444441006646,M1,0,0
44.93131892276132,M1,0,0
44.97319340451599,M1,0,0
45.01506788627066,M1,0,0
45.05694236802533,M1,0,0
45.09881684978,M1,0,0
45.14069133153467,M1,0,0
45.18256581328934,M1,0,0
45.22444029504401,M1,0,0
45.26631477679868,M1,0,0
45.30818925855335,M1,0,0
45.35006374030802,M1,0,0
45.39193822206269,M1,0,0
45.43381270381736,M1,0,0
45.475687185572035,M1,0,0
45.5175616673267,M1,0,0
45.55943614908137,M1,0,0
45.601310630836046,M1,0,0
45.643185112590714,M1,0,0
45.68505959434538,M1,0,0
45.72693407610006,M1,0,0
45.768808557854726,M1,0,0
45.810683039609394,M1,0,0
45.85255752136407,M1,0,0
45.89443200311874,M1,0,0
45.936306484873406,M1,0,0
45.978180966628074,M1,0,0
46.02005544838275,M1,0,0
46.06192993013742,M1,0,0
46.103804411892085,M1,0,0
46.14567889364676,M1,0,0
46.18755337540143,M1,0,0
46.2294278571561,M1,0,0
46.27130233891077,M1,0,0
46.31317682066544,M1,0,0
46.35505130242011,M1,0,0
46.39692578417478,M1,0,0
46.43880026592945,M1,0,0
46.48067474768412,M1,0,0
46.522549229438795,M1,0,0
46.56442371119346,M1,0,0
46.60629819294813,M1,0,0
46.648172674702806,M1,0,0
46.690047156457474,M1,0,0
46.73192163821214,M1,0,0
46.77379611996682,M1,0,0
46.815670601721486,M1,0,0
46.857545083476154,M1,0,0
46.89941956523082,M1,0,0
46.9412940469855,M1,0,0
46.983168528740165,M1,0,0
47.025043010494834,M1,0,0
47.06691749224951,M1,0,0
47.10879197400418,M1,0,0
47.150666455758845,M1,0,0
47.19254093751352,M1,0,0
47.23441541926819,M1,0,0
47.27628990102286,M1,0,0
47.31816438277753,M1,0,0
47.3600388645322,M1,0,0
47.40191334628687,M1,0,0
47.44378782804154,M1,0,0
47.48566230979621,M1,0,0
47.52753679155088,M1,0,0
47.569411273305555,M1,0,0
47.61128575506022,M1,0,0
47.65316023681489,M1,0,0
47.69503471856956,M1,0,0
47.736909200324234,M1,0,0
47.7787836820789,M1,0,0
47.82065816383357,M1,0,0
47.862532645588246,M1,0,0
47.904407127342914,M1,0,0
47.94628160909758,M1,0,0
47.98815609085226,M1,0,0
48.030030572606925,M1,0,0
48.071905054361594,M1,0,0
48.11377953611627,M1,0,0
48.15565401787094,M1,0,0
48.197528499625605,M1,0,0
48.23940298138028,M1,0,0
48.28127746313495,M1,0,0
48.32315194488962,M1,0,0
48.36502642664429,M1,0,0
48.40690090839896,M1,0,0
48.44877539015363,M1,0,0
48.4906498719083,M1,0,0
48.53252435366297,M1,0,0
48.57439883541764,M1,0,0
48.61627331717231,M1,0,0
48.65814779892698,M1,0,0
48.70002228068165,M1,0,0
48.74189676243632,M1,0,0
48.783771244190994,M1,0,0
48.82564572594566,M1,0,0
48.86752020770033,M1,0,0
48.909394689455006,M1,0,0
48.951269171209674,M1,0,0
48.99314365296434,M1,0,0
49.03501813471902,M1,0,0
49.076892616473685,M1,0,0
49.11876709822835,M1,0,0
49.16064157998303,M1,0,0
49.2025160617377,M1,0,0
49.244390543492365,M1,0,0
49.28626502524704,M1,0,0
49.32813950700171,M1,0,0
49.37001398875638,M1,0,0
49.41188847051105,M1,0,0
49.45376295226572,M1,0,0
49.49563743402039,M1,0,0
49.537511915775056,M1,0,0
49.57938639752973,M1,0,0
49.6212608792844,M1,0,0
49.66313536103907,M1,0,0
49.70500984279374,M1,0,0
49.74688432454841,M1,0,0
49.78875880630308,M1,0,0
49.830633288057754,M1,0,0
49.87250776981242,M1,0,0
49.91438225156709,M1,0,0
49.956256733321766,M1,0,0
49.998131215076434,M1,0,0
50.0400056968311,M1,0,0
50.08188017858578,M1,0,0
50.123754660340445,M1,0,0
50.16562914209511,M1,0,0
50.20750362384979,M1,0,0
50.24937810560446,M1,0,0
50.291252587359125,M1,0,0
50.33312706911379,M1,0,0
50.37500155086847,M1,0,0
50.416876032623136,M1,0,0
50.458750514377805,M1,0,0
50.50062499613248,M1,0,0
50.54249947788715,M1,0,0
50.584373959641816,M1,0,0
50.62624844139649,M1,0,0
50.66812292315116,M1,0,0
50.70999740490583,M1,0,0
50.7518718866605,M1,0,0
50.79374636841517,M1,0,0
50.83562085016984,M1,0,0
50.877495331924514,M1,0,0
50.91936981367918,M1,0,0
50.96124429543385,M1,0,0
51.003118777188526,M1,0,0
51.044993258943194,M1,0,0
51.08686774069786,M1,0,0
51.12874222245254,M1,0,0
51.170616704207205,M1,0,0
51.21249118596187,M1,0,0
51.25436566771654,M1,0,0
51.29624014947122,M1,0,0
51.338114631225885,M1,0,0
51.37998911298055,M1,0,0
51.42186359473523,M1,0,0
51.463738076489896,M1,0,0
51.505612558244565,M1,0,0
51.54748703999924,M1,0,0
51.58936152175391,M1,0,0
51.631236003508576,M1,0,0
51.67311048526325,M1,0,0
51.71498496701792,M1,0,0
51.75685944877259,M1,0,0
51.79873393052726,M1,0,0
51.84060841228193,M1,0,0
51.8824828940366,M1,0,0
51.924357375791274,M1,0,0
51.96623185754594,M1,0,0
52.00810633930061,M1,0,0
52.049980821055286,M1,0,0
52.091855302809954,M1,0,0
52.13372978456462,M1,0,0
52.17560426631929,M1,0,0
52.217478748073965,M1,0,0
52.25935322982863,M1,0,0
52.3012277115833,M1,0,0
52.34310219333798,M1,0,0
52.384976675092645,M1,0,0
52.42685115684731,M1,0,0
52.46872563860199,M1,0,0
52.510600120356656,M1,0,0
52.552474602111324,M1,0,0
52.594349083866,M1,0,0
52.63622356562067,M1,0,0
52.678098047375336,M1,0,0
52.71997252913001,M1,0,0
52.76184701088468,M1,0,0
52.80372149263935,M1,0,0
52.84559597439402,M1,0,0
52.88747045614869,M1,0,0
52.92934493790336,M1,0,0
52.97121941965803,M1,0,0
53.0130939014127,M1,0,0
53.05496838316737,M1,0,0
53.09684286492204,M1,0,0
53.138717346676714,M1,0,0
53.18059182843138,M1,0,0
53.22246631018605,M1,0,0
53.264340791940725,M1,0,0
53.30621527369539,M1,0,0
53.34808975545006,M1,0,0
53.38996423720474,M1,0,0
53.431838718959405,M1,0,0
53.47371320071407,M1,0,0
53.51558768246875,M1,0,0
53.557462164223416,M1,0,0
53.599336645978084,M1,0,0
53.64121112773276,M1,0,0
53.68308560948743,M1,0,0
53.724960091242096,M1,0,0
53.76683457299677,M1,0,0
53.80870905475144,M1,0,0
53.85058353650611,M1,0,0
53.892458018260776,M1,0,0
53.93433250001545,M1,0,0
53.97620698177012,M1,0,0
54.01808146352479,M1,0,0
54.05995594527946,M1,0,0
54.10183042703413,M1,0,0
54.1437049087888,M1,0,0
54.185579390543474,M1,0,0
54.22745387229814,M1,0,0
54.26932835405281,M1,0,0
54.311202835807485,M1,0,0
54.35307731756215,M1,0,0
54.39495179931682,M1,0,0
54.4368262810715,M1,0,0
54.478700762826165,M1,0,0
54.52057524458083,M1,0,0
54.56244972633551,M1,0,0
54.604324208090176,M1,0,0
54.646198689844844,M1,0,0
54.68807317159952,M1,0,0
54.72994765335419,M1,0,0
54.771822135108856,M1,0,0
54.813696616863524,M1,0,0
54.8555710986182,M1,0,0
54.89744558037287,M1,0,0
54.939320062127535,M1,0,0
54.98119454388221,M1,0,0
55.02306902563688,M1,0,0
55.06494350739155,M1,0,0
55.10681798914622,M1,0,0
55.14869247090089,M1,0,0
55.19056695265556,M1,0,0
55.232441434410234,M1,0,0
55.2743159161649,M1,0,0
55.31619039791957,M1,0,0
55.358064879674245,M1,0,0
55.39993936142891,M1,0,0
55.44181384318358,M1,0,0
55.48368832493826,M1,0,0
55.525562806692925,M1,0,0
55.56743728844759,M1,0,0
55.60931177020226,M1,0,0
55.651186251956936,M1,0,0
55.693060733711604,M1,0,0
55.73493521546627,M1,0,0
55.77680969722095,M1,0,0
55.818684178975616,M1,0,0
55.860558660730284,M1,0,0
55.90243314248496,M1,0,0
55.94430762423963,M1,0,0
55.986182105994295,M1,0,0
56.02805658774897,M1,0,0
56.06993106950364,M1,0,0
56.11180555125831,M1,0,0
56.15368003301298,M1,0,0
56.19555451476765,M1,0,0
56.23742899652232,M1,0,0
56.279303478276994,M1,0,0
56.32117796003166,M1,0,0
56.36305244178633,M1,0,0
56.404926923541005,M1,0,0
56.44680140529567,M1,0,0
56.48867588705034,M1,0,0
56.53055036880501,M1,0,0
56.572424850559685,M1,0,0
56.61429933231435,M1,0,0
56.65617381406902,M1,0,0
56.698048295823696,M1,0,0
56.739922777578364,M1,0,0
56.78179725933303,M1,0,0
56.82367174108771,M1,0,0
56.865546222842376,M1,0,0
56.907420704597044,M1,0,0
56.94929518635172,M1,0,0
56.99116966810639,M1,0,0
57.033044149861055,M1,0,0
57.07491863161573,M1,0,0
57.1167931133704,M1,0,0
57.15866759512507,M1,0,0
57.20054207687974,M1,0,0
57.24241655863441,M1,0,0
57.28429104038908,M1,0,0
57.32616552214375,M1,0,0
57.36804000389842,M1,0,0
57.40991448565309,M1,0,0
57.45178896740776,M1,0,0
57.49366344916243,M1,0,0
57.5355379309171,M1,0,0
57.57741241267177,M1,0,0
57.619286894426445,M1,0,0
57.66116137618111,M1,0,0
57.70303585793578,M1,0,0
57.744910339690456,M1,0,0
57.786784821445124,M1,0,0
57.82865930319979,M1,0,0
57.87053378495447,M1,0,0
57.912408266709136,M1,0,0
57.954282748463804,M1,0,0
57.99615723021848,M1,0,0
58.03803171197315,M1,0,0
58.079906193727815,M1,0,0
58.12178067548249,M1,0,0
58.16365515723716,M1,0,0
58.20552963899183,M1,0,0
58.247404120746495,M1,0,0
58.28927860250117,M1,0,0
58.33115308425584,M1,0,0
58.37302756601051,M1,0,0
58.41490204776518,M1,0,0
58.45677652951985,M1,0,0
58.49865101127452,M1,0,0
58.54052549302919,M1,0,0
58.58239997478386,M1,0,0
58.62427445653853,M1,0,0
58.666148938293205,M1,0,0
58.70802342004787,M1,0,0
58.74989790180254,M1,0,0
58.791772383557216,M1,0,0
58.833646865311884,M1,0,0
58.87552134706655,M1,0,0
58.91739582882123,M1,0,0
58.959270310575896,M1,0,0
59.001144792330564,M1,0,0
59.04301927408524,M1,0,0
59.08489375583991,M1,0,0
59.126768237594575,M1,0,0
59.16864271934924,M1,0,0
59.21051720110392,M1,0,0
59.25239168285859,M1,0,0
59.294266164613255,M1,0,0
59.33614064636793,M1,0,0
59.3780151281226,M1,0,0
59.419889609877266,M1,0,0
59.46176409163194,M1,0,0
59.50363857338661,M1,0,0
59.54551305514128,M1,0,0
59.58738753689595,M1,0,0
59.62926201865062,M1,0,0
59.67113650040529,M1,0,0
59.713010982159965,M1,0,0
59.75488546391463,M1,0,0
59.7967599456693,M1,0,0
59.838634427423976,M1,0,0
59.880508909178644,M1,0,0
59.92238339093331,M1,0,0
59.96425787268798,M1,0,0
60.006132354442656,M1,0,0
60.048006836197324,M1,0,0
60.08988131795199,M1,0,0
60.13175579970667,M1,0,0
60.173630281461335,M1,0,0
60.215504763216,M1,0,0
60.25737924497068,M1,0,0
60.29925372672535,M1,0,0
60.341128208480015,M1,0,0
60.38300269023469,M1,0,0
60.42487717198936,M1,0,0
60.466751653744026,M1,0,0
60.5086261354987,M1,0,0
60.55050061725337,M1,0,0
60.59237509900804,M1,0,0
60.63424958076271,M1,0,0
60.67612406251738,M1,0,0
60.71799854427205,M1,0,0
60.759873026026725,M1,0,0
60.80174750778139,M1,0,0
60.84362198953606,M1,0,0
60.88549647129073,M1,0,0
60.927370953045404,M1,0,0
60.96924543480007,M1,0,0
61.01111991655474,M1,0,0
61.052994398309416,M1,0,0
61.094868880064084,M1,0,0
61.13674336181875,M1,0,0
61.17861784357343,M1,0,0
61.220492325328095,M1,0,0
61.26236680708276,M1,0,0
61.30424128883744,M1,0,0
61.34611577059211,M1,0,0
61.387990252346775,M1,0,0
61.42986473410145,M1,0,0
61.47173921585612,M1,0,0
61.513613697610786,M1,0,0
61.55548817936546,M1,0,0
61.59736266112013,M1,0,0
61.6392371428748,M1,0,0
61.68111162462947,M1,0,0
61.72298610638414,M1,0,0
61.76486058813881,M1,0,0
61.80673506989348,M1,0,0
61.84860955164815,M1,0,0
61.89048403340282,M1,0,0
61.93235851515749,M1,0,0
61.974232996912164,M1,0,0
62.01610747866683,M1,0,0
62.0579819604215,M1,0,0
62.099856442176176,M1,0,0
62.141730923930844,M1,0,0
62.18360540568551,M1,0,0
62.22547988744019,M1,0,0
62.267354369194855,M1,0,0
62.30922885094952,M1,0,0
62.3511033327042,M1,0,0
62.39297781445887,M1,0,0
62.434852296213535,M1,0,0
62.47672677796821,M1,0,0
62.51860125972288,M1,0,0
62.560475741477546,M1,0,0
62.602350223232214,M1,0,0
62.64422470498689,M1,0,0
62.68609918674156,M1,0,0
62.727973668496226,M1,0,0
62.7698481502509,M1,0,0
62.81172263200557,M1,0,0
62.85359711376024,M1,0,0
62.89547159551491,M1,0,0
62.93734607726958,M1,0,0
62.97922055902425,M1,0,0
63.021095040778924,M1,0,0
63.06296952253359,M1,0,0
63.10484400428826,M1,0,0
63.146718486042936,M1,0,0
63.188592967797604,M1,0,0
63.23046744955227,M1,0,0
63.27234193130695,M1,0,0
63.314216413061615,M1,0,0
63.35609089481628,M1,0,0
63.39796537657096,M1,0,0
63.43983985832563,M1,0,0
63.481714340080295,M1,0,0
63.52358882183496,M1,0,0
63.56546330358964,M1,0,0
63.607337785344306,M1,0,0
63.649212267098974,M1,0,0
63.69108674885365,M1,0,0
63.73296123060832,M1,0,0
63.774835712362986,M1,0,0
63.81671019411766,M1,0,0
63.85858467587233,M1,0,0
63.900459157627,M1,0,0
63.94233363938167,M1,0,0
63.98420812113634,M1,0,0
64.02608260289101,M1,0,0
64.06795708464568,M1,0,0
64.10983156640035,M1,0,0
64.15170604815502,M1,0,0
64.1935805299097,M1,0,0
64.23545501166436,M1,0,0
64.27732949341903,M1,0,0
64.3192039751737,M1,0,0
64.36107845692837,M1,0,0
64.40295293868304,M1,0,0
64.44482742043772,M1,0,0
64.48670190219238,M1,0,0
64.52857638394705,M1,0,0
64.57045086570173,M1,0,0
64.61232534745639,M1,0,0
64.65419982921107,M1,0,0
64.69607431096574,M1,0,0
64.7379487927204,M1,0,0
64.77982327447508,M1,0,0
64.82169775622975,M1,0,0
64.86357223798441,M1,0,0
64.90544671973909,M1,0,0
64.94732120149376,M1,0,0
64.98919568324843,M1,0,0
65.0310701650031,M1,0,0
65.07294464675778,M1,0,0
65.11481912851244,M1,0,0
65.15669361026711,M1,0,0
65.19856809202179,M1,0,0
65.24044257377645,M1,0,0
65.28231705553112,M1,0,0
65.3241915372858,M1,0,0
65.36606601904046,M1,0,0
65.40794050079514,M1,0,0
65.44981498254981,M1,0,0
65.49168946430447,M1,0,0
65.53356394605915,M1,0,0
65.57543842781382,M1,0,0
65.61731290956848,M1,0,0
65.65918739132316,M1,0,0
65.70106187307782,M1,0,0
65.7429363548325,M1,0,0
65.78481083658717,M1,0,0
65.82668531834183,M1,0,0
65.8685598000965,M1,0,0
65.91043428185118,M1,0,0
65.95230876360584,M1,0,0
65.99418324536052,M1,0,0
66.03605772711519,M1,0,0
66.07793220886985,M1,0,0
66.11980669062453,M1,0,0
66.1616811723792,M1,0,0
66.20355565413387,M1,0,0
66.24543013588854,M1,0,0
66.28730461764322,M1,0,0
66.32917909939788,M1,0,0
66.37105358115255,M1,0,0
66.41292806290723,M1,0,0
66.45480254466189,M1,0,0
66.49667702641656,M1,0,0
66.53855150817124,M1,0,0
66.5804259899259,M1,0,0
66.62230047168057,M1,0,0
66.66417495343525,M1,0,0
66.70604943518991,M1,0,0
66.74792391694459,M1,0,0
66.78979839869926,M1,0,0
66.83167288045392,M1,0,0
66.8735473622086,M1,0,0
66.91542184396327,M1,0,0
66.95729632571793,M1,0,0
66.99917080747261,M1,0,0
0.0,M2,0,0
0.04187448175467038,M2,0,0
0.08374896350934076,M2,0,0
0.12562344526401115,M2,0,0
0.16749792701868152,M2,0,0
0.2093724087733519,M2,0,0
0.2512468905280223,M2,0,0
0.29312137228269264,M2,0,0
0.33499585403736304,M2,0,0
0.37687033579203344,M2,0,0
0.4187448175467038,M2,0,0
0.4606192993013742,M2,0,0
0.5024937810560446,M2,0,0
0.5443682628107149,M2,0,0
0.5862427445653853,M2,0,0
0.6281172263200557,M2,0,0
0.6699917080747261,M2,0,0
0.7118661898293964,M2,0,0
0.7537406715840669,M2,0,0
0.7956151533387372,M2,0,0
0.8374896350934076,M2,0,0
0.879364116848078,M2,0,0
0.9212385986027484,M2,0,0
0.9631130803574187,M2,0,0
1.0049875621120892,M2,0,0
1.0468620438667595,M2,0,0
1.0887365256214299,M2,0,0
1.1306110073761002,M2,0,0
1.1724854891307706,M2,0,0
1.2143599708854411,M2,0,0
1.2562344526401115,M2,0,0
1.2981089343947818,M2,0,0
1.3399834161494522,M2,0,0
1.3818578979041225,M2,0,0
1.4237323796587928,M2,0,0
1.4656068614134632,M2,0,0
1.5074813431681338,M2,0,0
1.549355824922804,M2,0,0
1.5912303066774744,M2,0,0
1.6331047884321448,M2,0,0
1.6749792701868151,M2,0,0
1.7168537519414855,M2,0,0
1.758728233696156,M2,0,0
1.8006027154508264,M2,0,0
1.8424771972054967,M2,0,0
1.884351678960167,M2,0,0
1.9262261607148374,M2,0,0
1.9681006424695078,M2,0,0
2.0099751242241783,M2,0,0
2.0518496059788487,M2,0,0
2.093724087733519,M2,0,0
2.1355985694881894,M2,0,0
2.1774730512428597,M2,0,0
2.21934753299753,M2,0,0
2.2612220147522004,M2,0,0
2.3030964965068708,M2,0,0
2.344970978261541,M2,0,0
2.3868454600162115,M2,0,0
2.4287199417708822,M2,0,0
2.4705944235255526,M2,0,0
2.512468905280223,M2,0,0
2.5543433870348933,M2,0,0
2.5962178687895636,M2,0,0
2.638092350544234,M2,0,0
2.6799668322989043,M2,0,0
2.7218413140535747,M2,0,0
2.763715795808245,M2,0,0
2.8055902775629153,M2,0,0
2.8474647593175857,M2,0,0
2.889339241072256,M2,0,0
2.9312137228269264,M2,0,0
2.973088204581597,M2,0,0
3.0149626863362675,M2,0,0
3.056837168090938,M2,0,0
3.098711649845608,M2,0,0
3.1405861316002786,M2,0,0
3.182460613354949,M2,0,0
3.2243350951096192,M2,0,0
3.2662095768642896,M2,0,0
3.30808405861896,M2,0,0
3.3499585403736303,M2,0,0
3.3918330221283006,M2,0,0
3.433707503882971,M2,0,0
3.4755819856376413,M2,0,0
3.517456467392312,M2,0,0
3.5593309491469824,M2,0,0
3.601205430901653,M2,0,0
3.643079912656323,M2,0,0
3.6849543944109935,M2,0,0
3.726828876165664,M2,0,0
3.768703357920334,M2,0,0
3.8105778396750045,M2,0,0
3.852452321429675,M2,0,0
3.894326803184345,M2,0,0
3.9362012849390156,M2,0,0
3.978075766693686,M2,0,0
4.019950248448357,M2,0,0
4.061824730203027,M2,0,0
4.103699211957697,M2,0,0
4.145573693712367,M2,0,0
4.187448175467038,M2,0,0
4.229322657221708,M2,0,0
4.271197138976379,M2,0,0
4.3130716207310495,M2,0,0
4.3549461024857195,M2,0,0
4.39682058424039,M2,0,0
4.43869506599506,M2,0,0
4.480569547749731,M2,0,0
4.522444029504401,M2,0,0
4.564318511259072,M2,0,0
4.6061929930137415,M2,0,0
4.648067474768412,M2,0,0
4.689941956523082,M2,0,0
4.731816438277753,M2,0,0
4.773690920032423,M2,0,0
4.815565401787094,M2,0,0
4.8574398835417645,M2,0,0
4.899314365296434,M2,0,0
4.941188847051105,M2,0,0
4.983063328805775,M2,0,0
5.024937810560446,M2,0,0
5.066812292315116,M2,0,0
5.1086867740697866,M2,0,0
5.1505612558244565,M2,0,0
5.192435737579127,M2,0,0
5.234310219333797,M2,0,0
5.276184701088468,M2,0,0
5.318059182843138,M2,0,0
5.359933664597809,M2,0,0
5.401808146352479,M2,0,0
5.443682628107149,M2,0,0
5.48555710986182,M2,0,0
5.52743159161649,M2,0,0
5.569306073371161,M2,0,0
5.611180555125831,M2,0,0
5.6530550368805015,M2,0,0
5.694929518635171,M2,0,0
5.736804000389842,M2,0,0
5.778678482144512,M2,0,0
5.820552963899183,M2,0,0
5.862427445653853,M2,0,0
5.9043019274085236,M2,0,0
5.946176409163194,M2,0,0
5.988050890917864,M2,0,0
6.029925372672535,M2,0,0
6.071799854427205,M2,0,0
6.113674336181876,M2,0,0
6.155548817936546,M2,0,0
6.197423299691216,M2,0,0
6.239297781445886,M2,0,0
6.281172263200557,M2,0,0
6.323046744955227,M2,0,0
6.364921226709898,M2,0,0
6.406795708464568,M2,0,0
6.4486701902192385,M2,0,0
6.490544671973909,M2,0,0
6.532419153728579,M2,0,0
6.57429363548325,M2,0,0
6.61616811723792,M2,0,0
6.658042598992591,M2,0,0
6.699917080747261,M2,0,0
6.741791562501931,M2,0,0
6.783666044256601,M2,0,0
6.825540526011272,M2,0,0
6.867415007765942,M2,0,0
6.909289489520613,M2,0,0
6.951163971275283,M2,0,0
6.993038453029953,M2,0,0
7.034912934784624,M2,0,0
7.076787416539294,M2,0,0
7.118661898293965,M2,0,0
7.160536380048635,M2,0,0
7.202410861803306,M2,0,0
7.2442853435579755,M2,0,0
7.286159825312646,M2,0,0
7.328034307067316,M2,0,0
7.369908788821987,M2,0,0
7.411783270576657,M2,0,0
7.453657752331328,M2,0,0
7.495532234085998,M2,0,0
7.537406715840668,M2,0,0
7.579281197595339,M2,0,0
7.621155679350009,M2,0,0
7.66303016110468,M2,0,0
7.70490464285935,M2,0,0
7.7467791246140205,M2,0,0
7.78865360636869,M2,0,0
7.830528088123361,M2,0,0
7.872402569878031,M2,0,0
7.914277051632702,M2,0,0
7.956151533387372,M2,0,0
7.998026015142043,M2,0,0
8.039900496896713,M2,0,0
8.081774978651383,M2,0,0
8.123649460406053,M2,0,0
8.165523942160725,M2,0,0
8.207398423915395,M2,0,0
8.249272905670065,M2,0,0
8.291147387424735,M2,0,0
8.333021869179406,M2,0,0
8.374896350934076,M2,0,0
8.416770832688746,M2,0,0
8.458645314443416,M2,0,0
8.500519796198088,M2,0,0
8.542394277952758,M2,0,0
8.584268759707427,M2,0,0
8.626143241462099,M2,1,1
8.668017723216769,M2,1,1
8.709892204971439,M2,1,1
8.751766686726109,M2,1,1
8.79364116848078,M2,1,1
8.83551565023545,M2,1,1
8.87739013199012,M2,1,1
8.91926461374479,M2,1,1
8.961139095499462,M2,1,1
9.003013577254132,M2,1,1
9.044888059008802,M2,1,1
9.086762540763472,M2,1,1
9.128637022518143,M2,1,1
9.170511504272813,M2,1,1
9.212385986027483,M2,1,1
9.254260467782155,M2,1,1
9.296134949536825,M2,1,1
9.338009431291495,M2,1,1
9.379883913046164,M2,1,1
9.421758394800836,M2,1,1
9.463632876555506,M2,1,1
9.505507358310176,M2,1,1
9.547381840064846,M2,1,1
9.589256321819517,M2,1,1
9.631130803574187,M2,1,1
9.673005285328857,M2,1,1
9.714879767083529,M2,1,1
9.756754248838199,M2,1,1
9.798628730592869,M2,1,1
9.840503212347539,M2,1,1
9.88237769410221,M2,1,1
9.92425217585688,M2,1,1
9.96612665761155,M2,1,1
10.00800113936622,M2,1,1
10.049875621120892,M2,1,1
10.091750102875562,M2,1,1
10.133624584630232,M2,1,1
10.175499066384901,M2,1,1
10.217373548139573,M2,1,1
10.259248029894243,M2,1,1
10.301122511648913,M2,1,1
10.342996993403585,M2,1,1
10.384871475158254,M2,1,1
10.426745956912924,M2,1,1
10.468620438667594,M2,1,1
10.510494920422266,M2,1,1
10.552369402176936,M2,1,1
10.594243883931606,M2,1,1
10.636118365686276,M2,1,1
10.677992847440947,M2,1,1
10.719867329195617,M2,1,1
10.761741810950287,M2,1,1
10.803616292704959,M2,1,1
10.845490774459629,M2,1,1
10.887365256214299,M2,1,1
10.929239737968969,M2,1,1
10.97111421972364,M2,1,1
11.01298870147831,M2,1,1
11.05486318323298,M2,1,1
11.09673766498765,M2,1,1
11.138612146742322,M2,1,1
11.180486628496991,M2,1,1
11.222361110251661,M2,1,1
11.264235592006333,M2,1,1
11.306110073761003,M2,1,1
11.347984555515673,M2,1,1
11.389859037270343,M2,1,1
11.431733519025014,M2,1,1
11.473608000779684,M2,1,1
11.515482482534354,M2,1,1
11.557356964289024,M2,1,1
11.599231446043696,M2,1,1
11.641105927798366,M2,1,1
11.682980409553036,M2,1,1
11.724854891307706,M2,1,1
11.766729373062377,M2,1,1
11.808603854817047,M2,1,1
11.850478336571717,M2,1,1
11.892352818326389,M2,1,1
11.934227300081059,M2,1,1
11.976101781835728,M2,1,1
12.017976263590398,M2,1,1
12.05985074534507,M2,1,1
12.10172522709974,M2,1,1
12.14359970885441,M2,1,1
12.18547419060908,M2,1,1
12.227348672363751,M2,1,1
12.269223154118421,M2,1,1
12.311097635873091,M2,1,1
12.352972117627763,M2,1,1
12.394846599382433,M2,1,1
12.436721081137103,M2,1,1
12.478595562891773,M2,1,1
12.520470044646444,M2,0,0
12.562344526401114,M2,0,0
12.604219008155784,M2,0,0
12.646093489910454,M2,0,0
12.687967971665126,M2,0,0
12.729842453419796,M2,0,0
12.771716935174465,M2,0,0
12.813591416929135,M2,0,0
12.855465898683807,M2,0,0
12.897340380438477,M2,0,0
12.939214862193147,M2,0,0
12.981089343947819,M2,0,0
13.022963825702488,M2,0,0
13.064838307457158,M2,0,0
13.106712789211828,M2,0,0
13.1485872709665,M2,0,0
13.19046175272117,M2,0,0
13.23233623447584,M2,0,0
13.27421071623051,M2,0,0
13.316085197985181,M2,0,0
13.357959679739851,M2,0,0
13.399834161494521,M2,0,0
13.441708643249193,M2,0,0
13.483583125003863,M2,0,0
13.525457606758533,M2,0,0
13.567332088513202,M2,0,0
13.609206570267874,M2,0,0
13.651081052022544,M2,0,0
13.692955533777214,M2,0,0
13.734830015531884,M2,0,0
13.776704497286556,M2,0,0
13.818578979041225,M2,0,0
13.860453460795895,M2,0,0
13.902327942550565,M2,0,0
13.944202424305237,M2,0,0
13.986076906059907,M2,0,0
14.027951387814577,M2,0,0
14.069825869569248,M2,0,0
14.111700351323918,M2,0,0
14.153574833078588,M2,0,0
14.195449314833258,M2,0,0
14.23732379658793,M2,0,0
14.2791982783426,M2,1,1
14.32107276009727,M2,1,1
14.36294724185194,M2,1,1
14.404821723606611,M2,1,1
14.446696205361281,M2,1,1
14.488570687115951,M2,1,1
14.530445168870623,M2,1,1
14.572319650625293,M2,1,1
14.614194132379962,M2,1,1
14.656068614134632,M2,1,1
14.697943095889304,M2,1,1
14.739817577643974,M2,1,1
14.781692059398644,M2,1,1
14.823566541153314,M2,1,1
14.865441022907985,M2,1,1
14.907315504662655,M2,1,1
14.949189986417325,M2,1,1
14.991064468171995,M2,1,1
15.032938949926667,M2,1,1
15.074813431681337,M2,1,1
15.116687913436007,M2,1,1
15.158562395190678,M2,1,1
15.200436876945348,M2,1,1
15.242311358700018,M2,1,1
15.284185840454688,M2,1,1
15.32606032220936,M2,1,1
15.36793480396403,M2,1,1
15.4098092857187,M2,1,1
15.45168376747337,M2,1,1
15.493558249228041,M2,1,1
15.535432730982711,M2,1,1
15.57730721273738,M2,1,1
15.619181694492053,M2,1,1
15.661056176246722,M2,1,1
15.702930658001392,M2,1,1
15.744805139756062,M2,1,1
15.786679621510734,M2,1,1
15.828554103265404,M2,1,1
15.870428585020074,M2,1,1
15.912303066774744,M2,1,1
15.954177548529415,M2,1,1
15.996052030284085,M2,1,1
16.037926512038755,M2,1,1
16.079800993793427,M2,1,1
16.121675475548095,M2,1,1
16.163549957302767,M2,1,1
16.20542443905744,M2,1,1
16.247298920812106,M2,1,1
16.289173402566778,M2,1,1
16.33104788432145,M2,1,1
16.372922366076118,M2,1,1
16.41479684783079,M2,1,1
16.456671329585458,M2,1,1
16.49854581134013,M2,1,1
16.5404202930948,M2,1,1
16.58229477484947,M2,1,1
16.62416925660414,M2,1,1
16.666043738358812,M2,1,1
16.70791822011348,M2,1,1
16.749792701868152,M2,1,1
16.791667183622824,M2,1,1
16.833541665377492,M2,1,1
16.875416147132164,M2,1,1
16.917290628886832,M2,1,1
16.959165110641504,M2,1,1
17.001039592396175,M2,1,1
17.042914074150843,M2,1,1
17.084788555905515,M2,1,1
17.126663037660187,M2,1,1
17.168537519414855,M2,1,1
17.210412001169527,M2,1,1
17.252286482924198,M2,1,1
17.294160964678866,M2,1,1
17.336035446433538,M2,1,1
17.377909928188206,M2,1,1
17.419784409942878,M2,1,1
17.46165889169755,M2,1,1
17.503533373452218,M2,1,1
17.54540785520689,M2,1,1
17.58728233696156,M2,1,1
17.62915681871623,M2,1,1
17.6710313004709,M2,1,1
17.712905782225572,M2,1,1
17.75478026398024,M2,1,1
17.796654745734912,M2,1,1
17.83852922748958,M2,1,1
17.880403709244252,M2,1,1
17.922278190998924,M2,1,1
17.964152672753592,M2,1,1
18.006027154508264,M2,1,1
18.047901636262935,M2,0,0
18.089776118017603,M2,0,0
18.131650599772275,M2,0,0
18.173525081526943,M2,0,0
18.215399563281615,M2,0,0
18.257274045036286,M2,0,0
18.299148526790955,M2,0,0
18.341023008545626,M2,0,0
18.382897490300298,M2,0,0
18.424771972054966,M2,0,0
18.466646453809638,M2,0,0
18.50852093556431,M2,0,0
18.550395417318978,M2,0,0
18.59226989907365,M2,0,0
18.634144380828317,M2,0,0
18.67601886258299,M2,0,0
18.71789334433766,M2,0,0
18.75976782609233,M2,0,0
18.801642307847,M2,0,0
18.843516789601672,M2,0,0
18.88539127135634,M2,0,0
18.927265753111012,M2,0,0
18.969140234865684,M2,0,0
19.011014716620352,M2,0,0
19.052889198375023,M2,0,0
19.09476368012969,M2,0,0
19.136638161884363,M2,0,0
19.178512643639035,M2,0,0
19.220387125393703,M2,0,0
19.262261607148375,M2,0,0
19.304136088903046,M2,0,0
19.346010570657715,M2,0,0
19.387885052412386,M2,0,0
19.429759534167058,M2,0,0
19.471634015921726,M2,0,0
19.513508497676398,M2,0,0
19.555382979431066,M2,0,0
19.597257461185738,M2,0,0
19.63913194294041,M2,0,0
19.681006424695077,M2,0,0
19.72288090644975,M2,0,0
19.76475538820442,M2,0,0
19.80662986995909,M2,0,0
19.84850435171376,M2,0,0
19.890378833468432,M2,0,0
19.9322533152231,M2,0,0
19.974127796977772,M2,0,0
20.01600227873244,M2,0,0
20.05787676048711,M2,0,0
20.099751242241783,M2,0,0
20.14162572399645,M2,0,0
20.183500205751123,M2,0,0
20.225374687505795,M2,0,0
20.267249169260463,M2,0,0
20.309123651015135,M2,0,0
20.350998132769803,M2,0,0
20.392872614524475,M2,0,0
20.434747096279146,M2,0,0
20.476621578033814,M2,0,0
20.518496059788486,M2,0,0
20.560370541543158,M2,0,0
20.602245023297826,M2,0,0
20.644119505052497,M2,0,0
20.68599398680717,M2,0,0
20.727868468561837,M2,0,0
20.76974295031651,M2,0,0
20.811617432071177,M2,0,0
20.85349191382585,M2,0,0
20.89536639558052,M2,0,0
20.93724087733519,M2,0,0
20.97911535908986,M2,0,0
21.020989840844532,M2,0,0
21.0628643225992,M2,0,0
21.10473880435387,M2,0,0
21.146613286108543,M2,0,0
21.18848776786321,M2,0,0
21.230362249617883,M2,0,0
21.27223673137255,M2,0,0
21.314111213127223,M2,0,0
21.355985694881895,M2,0,0
21.397860176636563,M2,0,0
21.439734658391234,M2,0,0
21.481609140145906,M2,0,0
21.523483621900574,M2,0,0
21.565358103655246,M2,0,0
21.607232585409918,M2,0,0
21.649107067164586,M2,0,0
21.690981548919257,M2,0,0
21.732856030673926,M2,0,0
21.774730512428597,M2,0,0
21.81660499418327,M2,0,0
21.858479475937937,M2,0,0
21.90035395769261,M2,0,0
21.94222843944728,M2,0,0
21.98410292120195,M2,0,0
22.02597740295662,M2,0,0
22.067851884711292,M2,0,0
22.10972636646596,M2,0,0
22.15160084822063,M2,0,0
22.1934753299753,M2,0,0
22.23534981172997,M2,0,0
22.277224293484643,M2,0,0
22.31909877523931,M2,0,0
22.360973256993983,M2,0,0
22.402847738748655,M2,0,0
22.444722220503323,M2,0,0
22.486596702257994,M2,0,0
22.528471184012666,M2,0,0
22.570345665767334,M2,0,0
22.612220147522006,M2,0,0
22.654094629276674,M2,0,0
22.695969111031346,M2,0,0
22.737843592786017,M2,0,0
22.779718074540686,M2,0,0
22.821592556295357,M2,0,0
22.86346703805003,M2,0,0
22.905341519804697,M2,0,0
22.94721600155937,M2,0,0
22.989090483314037,M2,0,0
23.03096496506871,M2,0,0
23.07283944682338,M2,0,0
23.11471392857805,M2,0,0
23.15658841033272,M2,0,0
23.19846289208739,M2,0,0
23.24033737384206,M2,0,0
23.28221185559673,M2,0,0
23.324086337351403,M2,0,0
23.36596081910607,M2,0,0
23.407835300860743,M2,0,0
23.44970978261541,M2,0,0
23.491584264370083,M2,0,0
23.533458746124754,M2,0,0
23.575333227879423,M2,0,0
23.617207709634094,M2,0,0
23.659082191388766,M2,0,0
23.700956673143434,M2,0,0
23.742831154898106,M2,0,0
23.784705636652777,M2,0,0
23.826580118407445,M2,0,0
23.868454600162117,M2,0,0
23.910329081916785,M2,0,0
23.952203563671457,M2,0,0
23.99407804542613,M2,0,0
24.035952527180797,M2,0,0
24.07782700893547,M2,0,0
24.11970149069014,M2,0,0
24.16157597244481,M2,0,0
24.20345045419948,M2,0,0
24.24532493595415,M2,0,0
24.28719941770882,M2,0,0
24.32907389946349,M2,0,0
24.37094838121816,M2,0,0
24.41282286297283,M2,0,0
24.454697344727503,M2,0,0
24.49657182648217,M2,0,0
24.538446308236843,M2,0,0
24.580320789991514,M2,0,0
24.622195271746182,M2,0,0
24.664069753500854,M2,0,0
24.705944235255526,M2,0,0
24.747818717010194,M2,0,0
24.789693198764866,M2,0,0
24.831567680519534,M2,0,0
24.873442162274205,M2,0,0
24.915316644028877,M2,0,0
24.957191125783545,M2,0,0
24.999065607538217,M2,0,0
25.04094008929289,M2,0,0
25.082814571047557,M2,0,0
25.12468905280223,M2,0,0
25.166563534556897,M2,0,0
25.208438016311568,M2,0,0
25.25031249806624,M2,0,0
25.292186979820908,M2,0,0
25.33406146157558,M2,0,0
25.37593594333025,M2,0,0
25.41781042508492,M2,0,0
25.45968490683959,M2,0,0
25.501559388594263,M2,0,0
25.54343387034893,M2,0,0
25.585308352103603,M2,0,0
25.62718283385827,M2,0,0
25.669057315612942,M2,0,0
25.710931797367614,M2,0,0
25.752806279122282,M2,0,0
25.794680760876954,M2,0,0
25.836555242631626,M2,0,0
25.878429724386294,M2,0,0
25.920304206140965,M2,0,0
25.962178687895637,M2,0,0
26.004053169650305,M2,0,0
26.045927651404977,M2,0,0
26.087802133159645,M2,0,0
26.129676614914317,M2,0,0
26.17155109666899,M2,0,0
26.213425578423657,M2,0,0
26.255300060178328,M2,0,0
26.297174541933,M2,0,0
26.339049023687668,M2,0,0
26.38092350544234,M2,0,0
26.42279798719701,M2,0,0
26.46467246895168,M2,0,0
26.50654695070635,M2,0,0
26.54842143246102,M2,1,1
26.59029591421569,M2,1,1
26.632170395970363,M2,1,1
26.67404487772503,M2,1,1
26.715919359479702,M2,1,1
26.757793841234374,M2,1,1
26.799668322989042,M2,1,1
26.841542804743714,M2,1,1
26.883417286498386,M2,1,1
26.925291768253054,M2,1,1
26.967166250007725,M2,1,1
27.009040731762394,M2,1,1
27.050915213517065,M2,1,1
27.092789695271737,M2,1,1
27.134664177026405,M2,1,1
27.176538658781077,M2,1,1
27.21841314053575,M2,1,1
27.260287622290416,M2,1,1
27.302162104045088,M2,1,1
27.34403658579976,M2,1,1
27.385911067554428,M2,1,1
27.4277855493091,M2,1,1
27.469660031063768,M2,1,1
27.51153451281844,M2,1,1
27.55340899457311,M2,1,1
27.59528347632778,M2,1,1
27.63715795808245,M2,1,1
27.679032439837123,M2,1,1
27.72090692159179,M2,1,1
27.762781403346462,M2,1,1
27.80465588510113,M2,1,1
27.846530366855802,M2,1,1
27.888404848610474,M2,1,1
27.930279330365142,M2,1,1
27.972153812119814,M2,1,1
28.014028293874485,M2,1,1
28.055902775629153,M2,1,1
28.097777257383825,M2,1,1
28.139651739138497,M2,1,1
28.181526220893165,M2,1,1
28.223400702647837,M2,1,1
28.265275184402505,M2,1,1
28.307149666157176,M2,1,1
28.349024147911848,M2,1,1
28.390898629666516,M2,1,1
28.432773111421188,M2,1,1
28.47464759317586,M2,1,1
28.516522074930528,M2,1,1
28.5583965566852,M2,1,1
28.60027103843987,M2,1,1
28.64214552019454,M2,1,1
28.68402000194921,M2,1,1
28.72589448370388,M2,1,1
28.76776896545855,M2,1,1
28.809643447213222,M2,1,1
28.85151792896789,M2,1,1
28.893392410722562,M2,1,1
28.935266892477234,M2,1,1
28.977141374231902,M2,1,1
29.019015855986574,M2,1,1
29.060890337741245,M2,1,1
29.102764819495913,M2,1,1
29.144639301250585,M2,1,1
29.186513783005253,M2,1,1
29.228388264759925,M2,1,1
29.270262746514597,M2,1,1
29.312137228269265,M2,1,1
29.354011710023936,M2,1,1
29.395886191778608,M2,1,1
29.437760673533276,M2,1,1
29.479635155287948,M2,0,0
29.52150963704262,M2,0,0
29.563384118797288,M2,0,0
29.60525860055196,M2,0,0
29.647133082306627,M2,0,0
29.6890075640613,M2,0,0
29.73088204581597,M2,0,0
29.77275652757064,M2,0,0
29.81463100932531,M2,0,0
29.856505491079982,M2,0,0
29.89837997283465,M2,0,0
29.940254454589322,M2,0,0
29.98212893634399,M2,0,0
30.024003418098662,M2,0,0
30.065877899853334,M2,0,0
30.107752381608,M2,0,0
30.149626863362673,M2,0,0
30.191501345117345,M2,0,0
30.233375826872013,M2,0,0
30.275250308626685,M2,0,0
30.317124790381357,M2,0,0
30.358999272136025,M2,0,0
30.400873753890696,M2,0,0
30.442748235645364,M2,0,0
30.484622717400036,M2,0,0
30.526497199154708,M2,0,0
30.568371680909376,M2,0,0
30.610246162664048,M2,0,0
30.65212064441872,M2,0,0
30.693995126173387,M2,0,0
30.73586960792806,M2,0,0
30.77774408968273,M2,0,0
30.8196185714374,M2,0,0
30.86149305319207,M2,0,0
30.90336753494674,M2,0,0
30.94524201670141,M2,0,0
30.987116498456082,M2,0,0
31.02899098021075,M2,0,0
31.070865461965422,M2,0,0
31.112739943720094,M2,0,0
31.15461442547476,M2,0,0
31.196488907229433,M2,0,0
31.238363388984105,M2,0,0
31.280237870738773,M2,0,0
31.322112352493445,M2,0,0
31.363986834248113,M2,0,0
31.405861316002785,M2,0,0
31.447735797757456,M2,0,0
31.489610279512124,M2,0,0
31.531484761266796,M2,0,0
31.573359243021468,M2,0,0
31.615233724776136,M2,0,0
31.657108206530808,M2,0,0
31.69898268828548,M2,0,0
31.740857170040147,M2,0,0
31.78273165179482,M2,0,0
31.824606133549487,M2,0,0
31.86648061530416,M2,0,0
31.90835509705883,M2,0,0
31.9502295788135,M2,0,0
31.99210406056817,M2,0,0
32.03397854232284,M2,0,0
32.07585302407751,M2,0,0
32.11772750583218,M2,0,0
32.15960198758685,M2,0,0
32.20147646934152,M2,0,0
32.24335095109619,M2,0,0
32.285225432850865,M2,0,0
32.32709991460553,M2,0,0
32.3689743963602,M2,0,0
32.41084887811488,M2,0,0
32.452723359869545,M2,0,0
32.49459784162421,M2,0,0
32.53647232337889,M2,0,0
32.578346805133556,M2,0,0
32.620221286888224,M2,0,0
32.6620957686429,M2,0,0
32.70397025039757,M2,0,0
32.745844732152236,M2,0,0
32.78771921390691,M2,0,0
32.82959369566158,M2,0,0
32.87146817741625,M2,0,0
32.913342659170915,M2,0,0
32.95521714092559,M2,0,0
32.99709162268026,M2,0,0
33.03896610443493,M2,0,0
33.0808405861896,M2,0,0
33.12271506794427,M2,0,0
33.16458954969894,M2,0,0
33.20646403145361,M2,0,0
33.24833851320828,M2,0,0
33.29021299496295,M2,0,0
33.332087476717625,M2,0,0
33.37396195847229,M2,0,0
33.41583644022696,M2,0,0
33.457710921981636,M2,0,0
33.499585403736305,M2,0,0
33.54145988549097,M2,0,0
33.58333436724565,M2,0,0
33.625208849000316,M2,0,0
33.667083330754984,M2,0,0
33.70895781250965,M2,0,0
33.75083229426433,M2,0,0
33.792706776018996,M2,0,0
33.834581257773664,M2,0,0
33.87645573952834,M2,0,0
33.91833022128301,M2,0,0
33.960204703037675,M2,0,0
34.00207918479235,M2,0,0
34.04395366654702,M2,0,0
34.08582814830169,M2,0,0
34.12770263005636,M2,0,0
34.16957711181103,M2,0,0
34.2114515935657,M2,0,0
34.25332607532037,M2,0,0
34.29520055707504,M2,0,0
34.33707503882971,M2,0,0
34.378949520584385,M2,0,0
34.42082400233905,M2,0,0
34.46269848409372,M2,0,0
34.504572965848396,M2,0,0
34.546447447603065,M2,0,0
34.58832192935773,M2,0,0
34.6301964111124,M2,0,0
34.672070892867076,M2,0,0
34.713945374621744,M2,0,0
34.75581985637641,M2,0,0
34.79769433813109,M2,0,0
34.839568819885756,M2,0,0
34.881443301640424,M2,0,0
34.9233177833951,M2,0,0
34.96519226514977,M2,0,0
35.007066746904435,M2,0,0
35.04894122865911,M2,0,0
35.09081571041378,M2,0,0
35.13269019216845,M2,0,0
35.17456467392312,M2,0,0
35.21643915567779,M2,0,0
35.25831363743246,M2,0,0
35.30018811918713,M2,0,0
35.3420626009418,M2,0,0
35.38393708269647,M2,0,0
35.425811564451145,M2,0,0
35.46768604620581,M2,0,0
35.50956052796048,M2,0,0
35.55143500971515,M2,0,0
35.593309491469824,M2,0,0
35.63518397322449,M2,0,0
35.67705845497916,M2,0,0
35.718932936733836,M2,0,0
35.760807418488504,M2,0,0
35.80268190024317,M2,0,0
35.84455638199785,M2,0,0
35.886430863752516,M2,0,0
35.928305345507184,M2,0,0
35.97017982726186,M2,0,0
36.01205430901653,M2,0,0
36.053928790771195,M2,0,0
36.09580327252587,M2,0,0
36.13767775428054,M2,0,0
36.17955223603521,M2,0,0
36.22142671778988,M2,0,0
36.26330119954455,M2,0,0
36.30517568129922,M2,0,0
36.347050163053886,M2,0,0
36.38892464480856,M2,0,0
36.43079912656323,M2,0,0
36.4726736083179,M2,0,0
36.51454809007257,M2,0,0
36.55642257182724,M2,0,0
36.59829705358191,M2,0,0
36.640171535336584,M2,0,0
36.68204601709125,M2,0,0
36.72392049884592,M2,0,0
36.765794980600596,M2,0,0
36.807669462355264,M2,0,0
36.84954394410993,M2,0,0
36.89141842586461,M2,0,0
36.933292907619276,M2,0,0
36.975167389373944,M2,0,0
37.01704187112862,M2,0,0
37.05891635288329,M2,0,0
37.100790834637955,M2,0,0
37.14266531639263,M2,0,0
37.1845397981473,M2,0,0
37.22641427990197,M2,0,0
37.268288761656635,M2,0,0
37.31016324341131,M2,0,0
37.35203772516598,M2,0,0
37.393912206920646,M2,0,0
37.43578668867532,M2,0,0
37.47766117042999,M2,0,0
37.51953565218466,M2,0,0
37.56141013393933,M2,0,0
37.603284615694,M2,0,0
37.64515909744867,M2,0,0
37.687033579203344,M2,0,0
37.72890806095801,M2,0,0
37.77078254271268,M2,0,0
37.812657024467356,M2,0,0
37.854531506222024,M2,0,0
37.89640598797669,M2,0,0
37.93828046973137,M2,0,0
37.980154951486035,M2,0,0
38.022029433240704,M2,0,0
38.06390391499538,M2,0,0
38.10577839675005,M2,0,0
38.147652878504715,M2,0,0
38.18952736025938,M2,0,0
38.23140184201406,M2,0,0
38.27327632376873,M2,0,0
38.315150805523395,M2,0,0
38.35702528727807,M2,0,0
38.39889976903274,M2,0,0
38.440774250787406,M2,0,0
38.48264873254208,M2,0,0
38.52452321429675,M2,0,0
38.56639769605142,M2,0,0
38.60827217780609,M2,0,0
38.65014665956076,M2,0,0
38.69202114131543,M2,0,0
38.733895623070104,M2,0,0
38.77577010482477,M2,0,0
38.81764458657944,M2,0,0
38.859519068334116,M2,0,0
38.901393550088784,M2,0,0
38.94326803184345,M2,0,0
38.98514251359812,M2,0,0
39.027016995352795,M2,0,0
39.068891477107464,M2,0,0
39.11076595886213,M2,0,0
39.15264044061681,M2,0,0
39.194514922371475,M2,0,0
39.23638940412614,M2,0,0
39.27826388588082,M2,0,0
39.32013836763549,M2,0,0
39.362012849390155,M2,0,0
39.40388733114483,M2,0,0
39.4457618128995,M2,0,0
39.487636294654166,M2,0,0
39.52951077640884,M2,0,0
39.57138525816351,M2,0,0
39.61325973991818,M2,0,0
39.65513422167285,M2,0,0
39.69700870342752,M2,0,0
39.73888318518219,M2,0,0
39.780757666936864,M2,0,0
39.82263214869153,M2,0,0
39.8645066304462,M2,0,0
39.90638111220087,M2,0,0
39.948255593955544,M2,0,0
39.99013007571021,M2,0,0
40.03200455746488,M2,0,0
40.073879039219555,M2,0,0
40.11575352097422,M2,0,0
40.15762800272889,M2,0,0
40.19950248448357,M2,0,0
40.241376966238235,M2,0,0
40.2832514479929,M2,0,0
40.32512592974758,M2,0,0
40.36700041150225,M2,0,0
40.408874893256915,M2,0,0
40.45074937501159,M2,0,0
40.49262385676626,M2,0,0
40.534498338520926,M2,0,0
40.5763728202756,M2,0,0
40.61824730203027,M2,0,0
40.66012178378494,M2,0,0
40.701996265539606,M2,0,0
40.74387074729428,M2,0,0
40.78574522904895,M2,0,0
40.82761971080362,M2,0,0
40.86949419255829,M2,0,0
40.91136867431296,M2,0,0
40.95324315606763,M2,0,0
40.995117637822304,M2,0,0
41.03699211957697,M2,0,0
41.07886660133164,M2,0,0
41.120741083086315,M2,0,0
41.16261556484098,M2,0,0
41.20449004659565,M2,0,0
41.24636452835033,M2,0,0
41.288239010104995,M2,0,0
41.33011349185966,M2,0,0
41.37198797361434,M2,0,0
41.41386245536901,M2,0,0
41.455736937123675,M2,0,0
41.49761141887835,M2,0,0
41.53948590063302,M2,0,0
41.581360382387686,M2,0,0
41.623234864142354,M2,0,0
41.66510934589703,M2,0,0
41.7069838276517,M2,0,0
41.748858309406366,M2,0,0
41.79073279116104,M2,0,0
41.83260727291571,M2,0,0
41.87448175467038,M2,0,0
41.91635623642505,M2,0,0
41.95823071817972,M2,0,0
42.00010519993439,M2,0,0
42.041979681689064,M2,0,0
42.08385416344373,M2,0,0
42.1257286451984,M2,0,0
42.167603126953075,M2,0,0
42.20947760870774,M2,0,0
42.25135209046241,M2,0,0
42.29322657221709,M2,0,0
42.335101053971755,M2,0,0
42.37697553572642,M2,0,0
42.4188500174811,M2,0,0
42.460724499235766,M2,0,0
42.502598980990435,M2,0,0
42.5444734627451,M2,0,0
42.58634794449978,M2,0,0
42.628222426254446,M2,0,0
42.670096908009114,M2,0,0
42.71197138976379,M2,0,0
42.75384587151846,M2,0,0
42.795720353273126,M2,0,0
42.8375948350278,M2,0,0
42.87946931678247,M2,0,0
42.92134379853714,M2,0,0
42.96321828029181,M2,0,0
43.00509276204648,M2,0,0
43.04696724380115,M2,0,0
43.088841725555824,M2,0,0
43.13071620731049,M2,0,0
43.17259068906516,M2,0,0
43.214465170819835,M2,0,0
43.2563396525745,M2,0,0
43.29821413432917,M2,0,0
43.34008861608384,M2,0,0
43.381963097838515,M2,0,0
43.42383757959318,M2,0,0
43.46571206134785,M2,0,0
43.507586543102526,M2,0,0
43.549461024857195,M2,0,0
43.59133550661186,M2,0,0
43.63320998836654,M2,0,0
43.675084470121206,M2,0,0
43.716958951875874,M2,0,0
43.75883343363055,M2,0,0
43.80070791538522,M2,0,0
43.842582397139886,M2,0,0
43.88445687889456,M2,0,0
43.92633136064923,M2,0,0
43.9682058424039,M2,0,0
44.01008032415857,M2,0,0
44.05195480591324,M2,0,0
44.09382928766791,M2,0,0
44.135703769422584,M2,0,0
44.17757825117725,M2,0,0
44.21945273293192,M2,0,0
44.26132721468659,M2,0,0
44.30320169644126,M2,0,0
44.34507617819593,M2,0,0
44.3869506599506,M2,0,0
44.428825141705275,M2,0,0
44.47069962345994,M2,0,0
44.51257410521461,M2,0,0
44.554448586969286,M2,0,0
44.596323068723954,M2,0,0
44.63819755047862,M2,0,0
44.6800720322333,M2,0,0
44.721946513987966,M2,0,0
44.763820995742634,M2,0,0
44.80569547749731,M2,0,0
44.84756995925198,M2,0,0
44.889444441006646,M2,0,0
44.93131892276132,M2,0,0
44.97319340451599,M2,0,0
45.01506788627066,M2,0,0
45.05694236802533,M2,0,0
45.09881684978,M2,0,0
45.14069133153467,M2,0,0
45.18256581328934,M2,0,0
45.22444029504401,M2,0,0
45.26631477679868,M2,0,0
45.30818925855335,M2,0,0
45.35006374030802,M2,0,0
45.39193822206269,M2,0,0
45.43381270381736,M2,0,0
45.475687185572035,M2,0,0
45.5175616673267,M2,0,0
45.55943614908137,M2,0,0
45.601310630836046,M2,0,0
45.643185112590714,M2,0,0
45.68505959434538,M2,0,0
45.72693407610006,M2,0,0
45.768808557854726,M2,0,0
45.810683039609394,M2,0,0
45.85255752136407,M2,0,0
45.89443200311874,M2,0,0
45.936306484873406,M2,0,0
45.978180966628074,M2,0,0
46.02005544838275,M2,0,0
46.06192993013742,M2,0,0
46.103804411892085,M2,0,0
46.14567889364676,M2,0,0
46.18755337540143,M2,0,0
46.2294278571561,M2,0,0
46.27130233891077,M2,0,0
46.31317682066544,M2,0,0
46.35505130242011,M2,0,0
46.39692578417478,M2,0,0
46.43880026592945,M2,0,0
46.48067474768412,M2,0,0
46.522549229438795,M2,0,0
46.56442371119346,M2,0,0
46.60629819294813,M2,0,0
46.648172674702806,M2,0,0
46.690047156457474,M2,0,0
46.73192163821214,M2,0,0
46.77379611996682,M2,0,0
46.815670601721486,M2,0,0
46.857545083476154,M2,0,0
46.89941956523082,M2,0,0
46.9412940469855,M2,0,0
46.983168528740165,M2,0,0
47.025043010494834,M2,0,0
47.06691749224951,M2,0,0
47.10879197400418,M2,0,0
47.150666455758845,M2,0,0
47.19254093751352,M2,0,0
47.23441541926819,M2,0,0
47.27628990102286,M2,0,0
47.31816438277753,M2,0,0
47.3600388645322,M2,0,0
47.40191334628687,M2,0,0
47.44378782804154,M2,0,0
47.48566230979621,M2,0,0
47.52753679155088,M2,0,0
47.569411273305555,M2,0,0
47.61128575506022,M2,0,0
47.65316023681489,M2,0,0
47.69503471856956,M2,0,0
47.736909200324234,M2,0,0
47.7787836820789,M2,0,0
47.82065816383357,M2,0,0
47.862532645588246,M2,0,0
47.904407127342914,M2,0,0
47.94628160909758,M2,0,0
47.98815609085226,M2,0,0
48.030030572606925,M2,0,0
48.071905054361594,M2,0,0
48.11377953611627,M2,0,0
48.15565401787094,M2,0,0
48.197528499625605,M2,0,0
48.23940298138028,M2,0,0
48.28127746313495,M2,0,0
48.32315194488962,M2,0,0
48.36502642664429,M2,0,0
48.40690090839896,M2,0,0
48.44877539015363,M2,0,0
48.4906498719083,M2,0,0
48.53252435366297,M2,0,0
48.57439883541764,M2,0,0
48.61627331717231,M2,0,0
48.65814779892698,M2,0,0
48.70002228068165,M2,0,0
48.74189676243632,M2,0,0
48.783771244190994,M2,0,0
48.82564572594566,M2,0,0
48.86752020770033,M2,0,0
48.909394689455006,M2,0,0
48.951269171209674,M2,0,0
48.99314365296434,M2,0,0
49.03501813471902,M2,0,0
49.076892616473685,M2,0,0
49.11876709822835,M2,0,0
49.16064157998303,M2,0,0
49.2025160617377,M2,0,0
49.244390543492365,M2,0,0
49.28626502524704,M2,0,0
49.32813950700171,M2,0,0
49.37001398875638,M2,0,0
49.41188847051105,M2,0,0
49.45376295226572,M2,0,0
49.49563743402039,M2,0,0
49.537511915775056,M2,0,0
49.57938639752973,M2,0,0
49.6212608792844,M2,0,0
49.66313536103907,M2,0,0
49.70500984279374,M2,0,0
49.74688432454841,M2,0,0
49.78875880630308,M2,0,0
49.830633288057754,M2,0,0
49.87250776981242,M2,0,0
49.91438225156709,M2,0,0
49.956256733321766,M2,0,0
49.998131215076434,M2,0,0
50.0400056968311,M2,0,0
50.08188017858578,M2,0,0
50.123754660340445,M2,0,0
50.16562914209511,M2,0,0
50.20750362384979,M2,0,0
50.24937810560446,M2,0,0
50.291252587359125,M2,0,0
50.33312706911379,M2,0,0
50.37500155086847,M2,0,0
50.416876032623136,M2,0,0
50.458750514377805,M2,0,0
50.50062499613248,M2,0,0
50.54249947788715,M2,0,0
50.584373959641816,M2,0,0
50.62624844139649,M2,0,0
50.66812292315116,M2,0,0
50.70999740490583,M2,0,0
50.7518718866605,M2,0,0
50.79374636841517,M2,0,0
50.83562085016984,M2,0,0
50.877495331924514,M2,0,0
50.91936981367918,M2,0,0
50.96124429543385,M2,0,0
51.003118777188526,M2,0,0
51.044993258943194,M2,0,0
51.08686774069786,M2,0,0
51.12874222245254,M2,0,0
51.170616704207205,M2,0,0
51.21249118596187,M2,0,0
51.25436566771654,M2,0,0
51.29624014947122,M2,0,0
51.338114631225885,M2,0,0
51.37998911298055,M2,0,0
51.42186359473523,M2,0,0
51.463738076489896,M2,0,0
51.505612558244565,M2,0,0
51.54748703999924,M2,0,0
51.58936152175391,M2,0,0
51.631236003508576,M2,0,0
51.67311048526325,M2,0,0
51.71498496701792,M2,0,0
51.75685944877259,M2,0,0
51.79873393052726,M2,0,0
51.84060841228193,M2,0,0
51.8824828940366,M2,0,0
51.924357375791274,M2,0,0
51.96623185754594,M2,0,0
52.00810633930061,M2,0,0
52.049980821055286,M2,0,0
52.091855302809954,M2,0,0
52.13372978456462,M2,0,0
52.17560426631929,M2,0,0
52.217478748073965,M2,0,0
52.25935322982863,M2,0,0
52.3012277115833,M2,0,0
52.34310219333798,M2,0,0
52.384976675092645,M2,0,0
52.42685115684731,M2,0,0
52.46872563860199,M2,0,0
52.510600120356656,M2,0,0
52.552474602111324,M2,0,0
52.594349083866,M2,0,0
52.63622356562067,M2,0,0
52.678098047375336,M2,0,0
52.71997252913001,M2,0,0
52.76184701088468,M2,0,0
52.80372149263935,M2,0,0
52.84559597439402,M2,0,0
52.88747045614869,M2,0,0
52.92934493790336,M2,0,0
52.97121941965803,M2,0,0
53.0130939014127,M2,0,0
53.05496838316737,M2,0,0
53.09684286492204,M2,0,0
53.138717346676714,M2,0,0
53.18059182843138,M2,0,0
53.22246631018605,M2,0,0
53.264340791940725,M2,0,0
53.30621527369539,M2,0,0
53.34808975545006,M2,0,0
53.38996423720474,M2,0,0
53.431838718959405,M2,0,0
53.47371320071407,M2,0,0
53.51558768246875,M2,0,0
53.557462164223416,M2,0,0
53.599336645978084,M2,0,0
53.64121112773276,M2,0,0
53.68308560948743,M2,0,0
53.724960091242096,M2,0,0
53.76683457299677,M2,0,0
53.80870905475144,M2,0,0
53.85058353650611,M2,0,0
53.892458018260776,M2,0,0
53.93433250001545,M2,0,0
53.97620698177012,M2,0,0
54.01808146352479,M2,0,0
54.05995594527946,M2,0,0
54.10183042703413,M2,0,0
54.1437049087888,M2,0,0
54.185579390543474,M2,0,0
54.22745387229814,M2,0,0
54.26932835405281,M2,0,0
54.311202835807485,M2,0,0
54.35307731756215,M2,0,0
54.39495179931682,M2,0,0
54.4368262810715,M2,0,0
54.478700762826165,M2,0,0
54.52057524458083,M2,0,0
54.56244972633551,M2,0,0
54.604324208090176,M2,0,0
54.646198689844844,M2,0,0
54.68807317159952,M2,0,0
54.72994765335419,M2,0,0
54.771822135108856,M2,0,0
54.813696616863524,M2,0,0
54.8555710986182,M2,0,0
54.89744558037287,M2,0,0
54.939320062127535,M2,0,0
54.98119454388221,M2,0,0
55.02306902563688,M2,0,0
55.06494350739155,M2,0,0
55.10681798914622,M2,0,0
55.14869247090089,M2,0,0
55.19056695265556,M2,0,0
55.232441434410234,M2,0,0
55.2743159161649,M2,0,0
55.31619039791957,M2,0,0
55.358064879674245,M2,0,0
55.39993936142891,M2,0,0
55.44181384318358,M2,0,0
55.48368832493826,M2,0,0
55.525562806692925,M2,0,0
55.56743728844759,M2,0,0
55.60931177020226,M2,0,0
55.651186251956936,M2,0,0
55.693060733711604,M2,0,0
55.73493521546627,M2,0,0
55.77680969722095,M2,0,0
55.818684178975616,M2,0,0
55.860558660730284,M2,0,0
55.90243314248496,M2,0,0
55.94430762423963,M2,0,0
55.986182105994295,M2,0,0
56.02805658774897,M2,0,0
56.06993106950364,M2,0,0
56.11180555125831,M2,0,0
56.15368003301298,M2,0,0
56.19555451476765,M2,0,0
56.23742899652232,M2,0,0
56.279303478276994,M2,0,0
56.32117796003166,M2,0,0
56.36305244178633,M2,0,0
56.404926923541005,M2,0,0
56.44680140529567,M2,0,0
56.48867588705034,M2,0,0
56.53055036880501,M2,0,0
56.572424850559685,M2,0,0
56.61429933231435,M2,0,0
56.65617381406902,M2,0,0
56.698048295823696,M2,0,0
56.739922777578364,M2,0,0
56.78179725933303,M2,0,0
56.82367174108771,M2,0,0
56.865546222842376,M2,0,0
56.907420704597044,M2,0,0
56.94929518635172,M2,0,0
56.99116966810639,M2,0,0
57.033044149861055,M2,0,0
57.07491863161573,M2,0,0
57.1167931133704,M2,0,0
57.15866759512507,M2,0,0
57.20054207687974,M2,0,0
57.24241655863441,M2,0,0
57.28429104038908,M2,0,0
57.32616552214375,M2,0,0
57.36804000389842,M2,0,0
57.40991448565309,M2,0,0
57.45178896740776,M2,0,0
57.49366344916243,M2,0,0
57.5355379309171,M2,0,0
57.57741241267177,M2,0,0
57.619286894426445,M2,0,0
57.66116137618111,M2,0,0
57.70303585793578,M2,0,0
57.744910339690456,M2,0,0
57.786784821445124,M2,0,0
57.82865930319979,M2,0,0
57.87053378495447,M2,0,0
57.912408266709136,M2,0,0
57.954282748463804,M2,0,0
57.99615723021848,M2,0,0
58.03803171197315,M2,0,0
58.079906193727815,M2,0,0
58.12178067548249,M2,0,0
58.16365515723716,M2,0,0
58.20552963899183,M2,0,0
58.247404120746495,M2,0,0
58.28927860250117,M2,0,0
58.33115308425584,M2,0,0
58.37302756601051,M2,0,0
58.41490204776518,M2,0,0
58.45677652951985,M2,0,0
58.49865101127452,M2,0,0
58.54052549302919,M2,0,0
58.58239997478386,M2,0,0
58.62427445653853,M2,0,0
58.666148938293205,M2,0,0
58.70802342004787,M2,0,0
58.74989790180254,M2,0,0
58.791772383557216,M2,0,0
58.833646865311884,M2,0,0
58.87552134706655,M2,0,0
58.91739582882123,M2,0,0
58.959270310575896,M2,0,0
59.001144792330564,M2,0,0
59.04301927408524,M2,0,0
59.08489375583991,M2,0,0
59.126768237594575,M2,0,0
59.16864271934924,M2,0,0
59.21051720110392,M2,0,0
59.25239168285859,M2,0,0
59.294266164613255,M2,0,0
59.33614064636793,M2,0,0
59.3780151281226,M2,0,0
59.419889609877266,M2,0,0
59.46176409163194,M2,0,0
59.50363857338661,M2,0,0
59.54551305514128,M2,0,0
59.58738753689595,M2,0,0
59.62926201865062,M2,0,0
59.67113650040529,M2,0,0
59.713010982159965,M2,0,0
59.75488546391463,M2,0,0
59.7967599456693,M2,0,0
59.838634427423976,M2,0,0
59.880508909178644,M2,0,0
59.92238339093331,M2,0,0
59.96425787268798,M2,0,0
60.006132354442656,M2,0,0
60.048006836197324,M2,0,0
60.08988131795199,M2,0,0
60.13175579970667,M2,0,0
60.173630281461335,M2,0,0
60.215504763216,M2,0,0
60.25737924497068,M2,0,0
60.29925372672535,M2,0,0
60.341128208480015,M2,0,0
60.38300269023469,M2,0,0
60.42487717198936,M2,0,0
60.466751653744026,M2,0,0
60.5086261354987,M2,0,0
60.55050061725337,M2,0,0
60.59237509900804,M2,0,0
60.63424958076271,M2,0,0
60.67612406251738,M2,0,0
60.71799854427205,M2,0,0
60.759873026026725,M2,0,0
60.80174750778139,M2,0,0
60.84362198953606,M2,0,0
60.88549647129073,M2,0,0
60.927370953045404,M2,0,0
60.96924543480007,M2,0,0
61.01111991655474,M2,0,0
61.052994398309416,M2,0,0
61.094868880064084,M2,0,0
61.13674336181875,M2,0,0
61.17861784357343,M2,0,0
61.220492325328095,M2,0,0
61.26236680708276,M2,0,0
61.30424128883744,M2,0,0
61.34611577059211,M2,0,0
61.387990252346775,M2,0,0
61.42986473410145,M2,0,0
61.47173921585612,M2,0,0
61.513613697610786,M2,0,0
61.55548817936546,M2,0,0
61.59736266112013,M2,0,0
61.6392371428748,M2,0,0
61.68111162462947,M2,0,0
61.72298610638414,M2,0,0
61.76486058813881,M2,0,0
61.80673506989348,M2,0,0
61.84860955164815,M2,0,0
61.89048403340282,M2,0,0
61.93235851515749,M2,0,0
61.974232996912164,M2,0,0
62.01610747866683,M2,0,0
62.0579819604215,M2,0,0
62.099856442176176,M2,0,0
62.141730923930844,M2,0,0
62.18360540568551,M2,0,0
62.22547988744019,M2,0,0
62.267354369194855,M2,0,0
62.30922885094952,M2,0,0
62.3511033327042,M2,0,0
62.39297781445887,M2,0,0
62.434852296213535,M2,0,0
62.47672677796821,M2,0,0
62.51860125972288,M2,0,0
62.560475741477546,M2,0,0
62.602350223232214,M2,0,0
62.64422470498689,M2,0,0
62.68609918674156,M2,0,0
62.727973668496226,M2,0,0
62.7698481502509,M2,0,0
62.81172263200557,M2,0,0
62.85359711376024,M2,0,0
62.89547159551491,M2,0,0
62.93734607726958,M2,0,0
62.97922055902425,M2,0,0
63.021095040778924,M2,0,0
63.06296952253359,M2,0,0
63.10484400428826,M2,0,0
63.146718486042936,M2,0,0
63.188592967797604,M2,0,0
63.23046744955227,M2,0,0
63.27234193130695,M2,0,0
63.314216413061615,M2,0,0
63.35609089481628,M2,0,0
63.39796537657096,M2,0,0
63.43983985832563,M2,0,0
63.481714340080295,M2,0,0
63.52358882183496,M2,0,0
63.56546330358964,M2,0,0
63.607337785344306,M2,0,0
63.649212267098974,M2,0,0
63.69108674885365,M2,0,0
63.73296123060832,M2,0,0
63.774835712362986,M2,0,0
63.81671019411766,M2,0,0
63.85858467587233,M2,0,0
63.900459157627,M2,0,0
63.94233363938167,M2,0,0
63.98420812113634,M2,0,0
64.02608260289101,M2,0,0
64.06795708464568,M2,0,0
64.10983156640035,M2,0,0
64.15170604815502,M2,0,0
64.1935805299097,M2,0,0
64.23545501166436,M2,0,0
64.27732949341903,M2,0,0
64.3192039751737,M2,0,0
64.36107845692837,M2,0,0
64.40295293868304,M2,0,0
64.44482742043772,M2,0,0
64.48670190219238,M2,0,0
64.52857638394705,M2,0,0
64.57045086570173,M2,0,0
64.61232534745639,M2,0,0
64.65419982921107,M2,0,0
64.69607431096574,M2,0,0
64.7379487927204,M2,0,0
64.77982327447508,M2,0,0
64.82169775622975,M2,0,0
64.86357223798441,M2,0,0
64.90544671973909,M2,0,0
64.94732120149376,M2,0,0
64.98919568324843,M2,0,0
65.0310701650031,M2,0,0
65.07294464675778,M2,0,0
65.11481912851244,M2,0,0
65.15669361026711,M2,0,0
65.19856809202179,M2,0,0
65.24044257377645,M2,0,0
65.28231705553112,M2,0,0
65.3241915372858,M2,0,0
65.36606601904046,M2,0,0
65.40794050079514,M2,0,0
65.44981498254981,M2,0,0
65.49168946430447,M2,0,0
65.53356394605915,M2,0,0
65.57543842781382,M2,0,0
65.61731290956848,M2,0,0
65.65918739132316,M2,0,0
65.70106187307782,M2,0,0
65.7429363548325,M2,0,0
65.78481083658717,M2,0,0
65.82668531834183,M2,0,0
65.8685598000965,M2,0,0
65.91043428185118,M2,0,0
65.95230876360584,M2,0,0
65.99418324536052,M2,0,0
66.03605772711519,M2,0,0
66.07793220886985,M2,0,0
66.11980669062453,M2,0,0
66.1616811723792,M2,0,0
66.20355565413387,M2,0,0
66.24543013588854,M2,0,0
66.28730461764322,M2,0,0
66.32917909939788,M2,0,0
66.37105358115255,M2,0,0
66.41292806290723,M2,0,0
66.45480254466189,M2,0,0
66.49667702641656,M2,0,0
66.53855150817124,M2,0,0
66.5804259899259,M2,0,0
66.62230047168057,M2,0,0
66.66417495343525,M2,0,0
66.70604943518991,M2,0,0
66.74792391694459,M2,0,0
66.78979839869926,M2,0,0
66.83167288045392,M2,0,0
66.8735473622086,M2,0,0
66.91542184396327,M2,0,0
66.95729632571793,M2,0,0
66.99917080747261,M2,0,0
0.0,M3,0,0
0.04187448175467038,M3,0,0
0.08374896350934076,M3,0,0
0.12562344526401115,M3,0,0
0.16749792701868152,M3,0,0
0.2093724087733519,M3,0,0
0.2512468905280223,M3,0,0
0.29312137228269264,M3,0,0
0.33499585403736304,M3,0,0
0.37687033579203344,M3,0,0
0.4187448175467038,M3,0,0
0.4606192993013742,M3,0,0
0.5024937810560446,M3,0,0
0.5443682628107149,M3,0,0
0.5862427445653853,M3,0,0
0.6281172263200557,M3,0,0
0.6699917080747261,M3,0,0
0.7118661898293964,M3,0,0
0.7537406715840669,M3,0,0
0.7956151533387372,M3,0,0
0.8374896350934076,M3,0,0
0.879364116848078,M3,0,0
0.9212385986027484,M3,0,0
0.9631130803574187,M3,0,0
1.0049875621120892,M3,0,0
1.0468620438667595,M3,0,0
1.0887365256214299,M3,0,0
1.1306110073761002,M3,0,0
1.1724854891307706,M3,0,0
1.2143599708854411,M3,0,0
1.2562344526401115,M3,0,0
1.2981089343947818,M3,0,0
1.3399834161494522,M3,0,0
1.3818578979041225,M3,0,0
1.4237323796587928,M3,0,0
1.4656068614134632,M3,0,0
1.5074813431681338,M3,0,0
1.549355824922804,M3,0,0
1.5912303066774744,M3,0,0
1.6331047884321448,M3,0,0
1.6749792701868151,M3,0,0
1.7168537519414855,M3,0,0
1.758728233696156,M3,0,0
1.8006027154508264,M3,0,0
1.8424771972054967,M3,0,0
1.884351678960167,M3,0,0
1.9262261607148374,M3,0,0
1.9681006424695078,M3,0,0
2.0099751242241783,M3,0,0
2.0518496059788487,M3,0,0
2.093724087733519,M3,0,0
2.1355985694881894,M3,0,0
2.1774730512428597,M3,0,0
2.21934753299753,M3,0,0
2.2612220147522004,M3,0,0
2.3030964965068708,M3,0,0
2.344970978261541,M3,0,0
2.3868454600162115,M3,0,0
2.4287199417708822,M3,0,0
2.4705944235255526,M3,0,0
2.512468905280223,M3,0,0
2.5543433870348933,M3,0,0
2.5962178687895636,M3,0,0
2.638092350544234,M3,0,0
2.6799668322989043,M3,0,0
2.7218413140535747,M3,0,0
2.763715795808245,M3,0,0
2.8055902775629153,M3,0,0
2.8474647593175857,M3,0,0
2.889339241072256,M3,0,0
2.9312137228269264,M3,0,0
2.973088204581597,M3,0,0
3.0149626863362675,M3,0,0
3.056837168090938,M3,0,0
3.098711649845608,M3,0,0
3.1405861316002786,M3,0,0
3.182460613354949,M3,0,0
3.2243350951096192,M3,0,0
3.2662095768642896,M3,0,0
3.30808405861896,M3,0,0
3.3499585403736303,M3,0,0
3.3918330221283006,M3,0,0
3.433707503882971,M3,0,0
3.4755819856376413,M3,0,0
3.517456467392312,M3,0,0
3.5593309491469824,M3,0,0
3.601205430901653,M3,0,0
3.643079912656323,M3,0,0
3.6849543944109935,M3,0,0
3.726828876165664,M3,0,0
3.768703357920334,M3,0,0
3.8105778396750045,M3,0,0
3.852452321429675,M3,0,0
3.894326803184345,M3,0,0
3.9362012849390156,M3,0,0
3.978075766693686,M3,0,0
4.019950248448357,M3,0,0
4.061824730203027,M3,0,0
4.103699211957697,M3,0,0
4.145573693712367,M3,0,0
4.187448175467038,M3,0,0
4.229322657221708,M3,0,0
4.271197138976379,M3,0,0
4.3130716207310495,M3,0,0
4.3549461024857195,M3,0,0
4.39682058424039,M3,0,0
4.43869506599506,M3,0,0
4.480569547749731,M3,0,0
4.522444029504401,M3,0,0
4.564318511259072,M3,0,0
4.6061929930137415,M3,0,0
4.648067474768412,M3,0,0
4.689941956523082,M3,0,0
4.731816438277753,M3,0,0
4.773690920032423,M3,0,0
4.815565401787094,M3,0,0
4.8574398835417645,M3,0,0
4.899314365296434,M3,0,0
4.941188847051105,M3,0,0
4.983063328805775,M3,0,0
5.024937810560446,M3,0,0
5.066812292315116,M3,0,0
5.1086867740697866,M3,0,0
5.1505612558244565,M3,0,0
5.192435737579127,M3,0,0
5.234310219333797,M3,0,0
5.276184701088468,M3,0,0
5.318059182843138,M3,0,0
5.359933664597809,M3,0,0
5.401808146352479,M3,0,0
5.443682628107149,M3,0,0
5.48555710986182,M3,0,0
5.52743159161649,M3,0,0
5.569306073371161,M3,0,0
5.611180555125831,M3,0,0
5.6530550368805015,M3,0,0
5.694929518635171,M3,0,0
5.736804000389842,M3,0,0
5.778678482144512,M3,0,0
5.820552963899183,M3,0,0
5.862427445653853,M3,0,0
5.9043019274085236,M3,0,0
5.946176409163194,M3,0,0
5.988050890917864,M3,0,0
6.029925372672535,M3,0,0
6.071799854427205,M3,0,0
6.113674336181876,M3,0,0
6.155548817936546,M3,0,0
6.197423299691216,M3,0,0
6.239297781445886,M3,0,0
6.281172263200557,M3,0,0
6.323046744955227,M3,0,0
6.364921226709898,M3,0,0
6.406795708464568,M3,0,0
6.4486701902192385,M3,0,0
6.490544671973909,M3,0,0
6.532419153728579,M3,0,0
6.57429363548325,M3,0,0
6.61616811723792,M3,0,0
6.658042598992591,M3,0,0
6.699917080747261,M3,0,0
6.741791562501931,M3,0,0
6.783666044256601,M3,0,0
6.825540526011272,M3,0,0
6.867415007765942,M3,0,0
6.909289489520613,M3,0,0
6.951163971275283,M3,0,0
6.993038453029953,M3,0,0
7.034912934784624,M3,0,0
7.076787416539294,M3,0,0
7.118661898293965,M3,0,0
7.160536380048635,M3,0,0
7.202410861803306,M3,0,0
7.2442853435579755,M3,0,0
7.286159825312646,M3,0,0
7.328034307067316,M3,0,0
7.369908788821987,M3,0,0
7.411783270576657,M3,0,0
7.453657752331328,M3,0,0
7.495532234085998,M3,0,0
7.537406715840668,M3,0,0
7.579281197595339,M3,0,0
7.621155679350009,M3,0,0
7.66303016110468,M3,0,0
7.70490464285935,M3,0,0
7.7467791246140205,M3,0,0
7.78865360636869,M3,0,0
7.830528088123361,M3,0,0
7.872402569878031,M3,0,0
7.914277051632702,M3,0,0
7.956151533387372,M3,0,0
7.998026015142043,M3,0,0
8.039900496896713,M3,0,0
8.081774978651383,M3,0,0
8.123649460406053,M3,0,0
8.165523942160725,M3,0,0
8.207398423915395,M3,0,0
8.249272905670065,M3,0,0
8.291147387424735,M3,0,0
8.333021869179406,M3,0,0
8.374896350934076,M3,0,0
8.416770832688746,M3,0,0
8.458645314443416,M3,0,0
8.500519796198088,M3,0,0
8.542394277952758,M3,0,0
8.584268759707427,M3,0,0
8.626143241462099,M3,0,0
8.668017723216769,M3,0,0
8.709892204971439,M3,0,0
8.751766686726109,M3,0,0
8.79364116848078,M3,0,0
8.83551565023545,M3,0,0
8.87739013199012,M3,0,0
8.91926461374479,M3,0,0
8.961139095499462,M3,0,0
9.003013577254132,M3,0,0
9.044888059008802,M3,0,0
9.086762540763472,M3,0,0
9.128637022518143,M3,0,0
9.170511504272813,M3,0,0
9.212385986027483,M3,0,0
9.254260467782155,M3,0,0
9.296134949536825,M3,0,0
9.338009431291495,M3,0,0
9.379883913046164,M3,0,0
9.421758394800836,M3,0,0
9.463632876555506,M3,0,0
9.505507358310176,M3,0,0
9.547381840064846,M3,0,0
9.589256321819517,M3,0,0
9.631130803574187,M3,0,0
9.673005285328857,M3,0,0
9.714879767083529,M3,0,0
9.756754248838199,M3,0,0
9.798628730592869,M3,0,0
9.840503212347539,M3,0,0
9.88237769410221,M3,0,0
9.92425217585688,M3,0,0
9.96612665761155,M3,0,0
10.00800113936622,M3,0,0
10.049875621120892,M3,0,0
10.091750102875562,M3,0,0
10.133624584630232,M3,0,0
10.175499066384901,M3,0,0
10.217373548139573,M3,0,0
10.259248029894243,M3,0,0
10.301122511648913,M3,0,0
10.342996993403585,M3,0,0
10.384871475158254,M3,0,0
10.426745956912924,M3,0,0
10.468620438667594,M3,0,0
10.510494920422266,M3,0,0
10.552369402176936,M3,0,0
10.594243883931606,M3,0,0
10.636118365686276,M3,0,0
10.677992847440947,M3,0,0
10.719867329195617,M3,0,0
10.761741810950287,M3,0,0
10.803616292704959,M3,0,0
10.845490774459629,M3,0,0
10.887365256214299,M3,0,0
10.929239737968969,M3,0,0
10.97111421972364,M3,0,0
11.01298870147831,M3,0,0
11.05486318323298,M3,0,0
11.09673766498765,M3,0,0
11.138612146742322,M3,0,0
11.180486628496991,M3,0,0
11.222361110251661,M3,0,0
11.264235592006333,M3,0,0
11.306110073761003,M3,0,0
11.347984555515673,M3,0,0
11.389859037270343,M3,0,0
11.431733519025014,M3,0,0
11.473608000779684,M3,0,0
11.515482482534354,M3,0,0
11.557356964289024,M3,0,0
11.599231446043696,M3,0,0
11.641105927798366,M3,0,0
11.682980409553036,M3,0,0
11.724854891307706,M3,0,0
11.766729373062377,M3,0,0
11.808603854817047,M3,0,0
11.850478336571717,M3,0,0
11.892352818326389,M3,0,0
11.934227300081059,M3,0,0
11.976101781835728,M3,0,0
12.017976263590398,M3,0,0
12.05985074534507,M3,0,0
12.10172522709974,M3,0,0
12.14359970885441,M3,0,0
12.18547419060908,M3,0,0
12.227348672363751,M3,0,0
12.269223154118421,M3,0,0
12.311097635873091,M3,0,0
12.352972117627763,M3,0,0
12.394846599382433,M3,0,0
12.436721081137103,M3,0,0
12.478595562891773,M3,0,0
12.520470044646444,M3,0,0
12.562344526401114,M3,0,0
12.604219008155784,M3,0,0
12.646093489910454,M3,0,0
12.687967971665126,M3,0,0
12.729842453419796,M3,0,0
12.771716935174465,M3,0,0
12.813591416929135,M3,0,0
12.855465898683807,M3,0,0
12.897340380438477,M3,0,0
12.939214862193147,M3,1,1
12.981089343947819,M3,1,1
13.022963825702488,M3,1,1
13.064838307457158,M3,1,1
13.106712789211828,M3,1,1
13.1485872709665,M3,1,1
13.19046175272117,M3,1,1
13.23233623447584,M3,1,1
13.27421071623051,M3,1,1
13.316085197985181,M3,1,1
13.357959679739851,M3,1,1
13.399834161494521,M3,1,1
13.441708643249193,M3,1,1
13.483583125003863,M3,1,1
13.525457606758533,M3,1,1
13.567332088513202,M3,1,1
13.609206570267874,M3,1,1
13.651081052022544,M3,1,1
13.692955533777214,M3,1,1
13.734830015531884,M3,1,1
13.776704497286556,M3,1,1
13.818578979041225,M3,1,1
13.860453460795895,M3,1,1
13.902327942550565,M3,1,1
13.944202424305237,M3,1,1
13.986076906059907,M3,1,1
14.027951387814577,M3,1,1
14.069825869569248,M3,1,1
14.111700351323918,M3,1,1
14.153574833078588,M3,1,1
14.195449314833258,M3,1,1
14.23732379658793,M3,1,1
14.2791982783426,M3,1,1
14.32107276009727,M3,1,1
14.36294724185194,M3,1,1
14.404821723606611,M3,1,1
14.446696205361281,M3,1,1
14.488570687115951,M3,1,1
14.530445168870623,M3,1,1
14.572319650625293,M3,1,1
14.614194132379962,M3,1,1
14.656068614134632,M3,1,1
14.697943095889304,M3,1,1
14.739817577643974,M3,1,1
14.781692059398644,M3,1,1
14.823566541153314,M3,1,1
14.865441022907985,M3,1,1
14.907315504662655,M3,1,1
14.949189986417325,M3,1,1
14.991064468171995,M3,1,1
15.032938949926667,M3,1,1
15.074813431681337,M3,1,1
15.116687913436007,M3,1,1
15.158562395190678,M3,1,1
15.200436876945348,M3,1,1
15.242311358700018,M3,1,1
15.284185840454688,M3,1,1
15.32606032220936,M3,1,1
15.36793480396403,M3,1,1
15.4098092857187,M3,1,1
15.45168376747337,M3,1,1
15.493558249228041,M3,1,1
15.535432730982711,M3,1,1
15.57730721273738,M3,1,1
15.619181694492053,M3,1,1
15.661056176246722,M3,1,1
15.702930658001392,M3,1,1
15.744805139756062,M3,1,1
15.786679621510734,M3,1,1
15.828554103265404,M3,1,1
15.870428585020074,M3,1,1
15.912303066774744,M3,1,1
15.954177548529415,M3,1,1
15.996052030284085,M3,1,1
16.037926512038755,M3,1,1
16.079800993793427,M3,1,1
16.121675475548095,M3,1,1
16.163549957302767,M3,1,1
16.20542443905744,M3,1,1
16.247298920812106,M3,1,1
16.289173402566778,M3,1,1
16.33104788432145,M3,1,1
16.372922366076118,M3,1,1
16.41479684783079,M3,1,1
16.456671329585458,M3,1,1
16.49854581134013,M3,1,1
16.5404202930948,M3,1,1
16.58229477484947,M3,1,1
16.62416925660414,M3,1,1
16.666043738358812,M3,0,0
16.70791822011348,M3,0,0
16.749792701868152,M3,0,0
16.791667183622824,M3,0,0
16.833541665377492,M3,0,0
16.875416147132164,M3,0,0
16.917290628886832,M3,0,0
16.959165110641504,M3,0,0
17.001039592396175,M3,0,0
17.042914074150843,M3,0,0
17.084788555905515,M3,0,0
17.126663037660187,M3,0,0
17.168537519414855,M3,0,0
17.210412001169527,M3,0,0
17.252286482924198,M3,0,0
17.294160964678866,M3,0,0
17.336035446433538,M3,0,0
17.377909928188206,M3,0,0
17.419784409942878,M3,0,0
17.46165889169755,M3,0,0
17.503533373452218,M3,0,0
17.54540785520689,M3,0,0
17.58728233696156,M3,0,0
17.62915681871623,M3,0,0
17.6710313004709,M3,0,0
17.712905782225572,M3,0,0
17.75478026398024,M3,0,0
17.796654745734912,M3,0,0
17.83852922748958,M3,0,0
17.880403709244252,M3,0,0
17.922278190998924,M3,0,0
17.964152672753592,M3,0,0
18.006027154508264,M3,0,0
18.047901636262935,M3,0,0
18.089776118017603,M3,0,0
18.131650599772275,M3,0,0
18.173525081526943,M3,0,0
18.215399563281615,M3,0,0
18.257274045036286,M3,0,0
18.299148526790955,M3,0,0
18.341023008545626,M3,0,0
18.382897490300298,M3,0,0
18.424771972054966,M3,0,0
18.466646453809638,M3,0,0
18.50852093556431,M3,0,0
18.550395417318978,M3,0,0
18.59226989907365,M3,0,0
18.634144380828317,M3,0,0
18.67601886258299,M3,0,0
18.71789334433766,M3,0,0
18.75976782609233,M3,0,0
18.801642307847,M3,0,0
18.843516789601672,M3,0,0
18.88539127135634,M3,0,0
18.927265753111012,M3,0,0
18.969140234865684,M3,0,0
19.011014716620352,M3,0,0
19.052889198375023,M3,0,0
19.09476368012969,M3,0,0
19.136638161884363,M3,0,0
19.178512643639035,M3,0,0
19.220387125393703,M3,0,0
19.262261607148375,M3,0,0
19.304136088903046,M3,0,0
19.346010570657715,M3,0,0
19.387885052412386,M3,0,0
19.429759534167058,M3,0,0
19.471634015921726,M3,0,0
19.513508497676398,M3,0,0
19.555382979431066,M3,0,0
19.597257461185738,M3,0,0
19.63913194294041,M3,0,0
19.681006424695077,M3,0,0
19.72288090644975,M3,0,0
19.76475538820442,M3,0,0
19.80662986995909,M3,0,0
19.84850435171376,M3,0,0
19.890378833468432,M3,0,0
19.9322533152231,M3,0,0
19.974127796977772,M3,0,0
20.01600227873244,M3,0,0
20.05787676048711,M3,0,0
20.099751242241783,M3,0,0
20.14162572399645,M3,0,0
20.183500205751123,M3,0,0
20.225374687505795,M3,0,0
20.267249169260463,M3,0,0
20.309123651015135,M3,0,0
20.350998132769803,M3,0,0
20.392872614524475,M3,0,0
20.434747096279146,M3,0,0
20.476621578033814,M3,0,0
20.518496059788486,M3,0,0
20.560370541543158,M3,0,0
20.602245023297826,M3,0,0
20.644119505052497,M3,0,0
20.68599398680717,M3,0,0
20.727868468561837,M3,0,0
20.76974295031651,M3,0,0
20.811617432071177,M3,0,0
20.85349191382585,M3,0,0
20.89536639558052,M3,0,0
20.93724087733519,M3,0,0
20.97911535908986,M3,0,0
21.020989840844532,M3,0,0
21.0628643225992,M3,0,0
21.10473880435387,M3,0,0
21.146613286108543,M3,0,0
21.18848776786321,M3,0,0
21.230362249617883,M3,0,0
21.27223673137255,M3,0,0
21.314111213127223,M3,0,0
21.355985694881895,M3,0,0
21.397860176636563,M3,0,0
21.439734658391234,M3,0,0
21.481609140145906,M3,0,0
21.523483621900574,M3,0,0
21.565358103655246,M3,0,0
21.607232585409918,M3,0,0
21.649107067164586,M3,0,0
21.690981548919257,M3,0,0
21.732856030673926,M3,0,0
21.774730512428597,M3,0,0
21.81660499418327,M3,0,0
21.858479475937937,M3,0,0
21.90035395769261,M3,0,0
21.94222843944728,M3,0,0
21.98410292120195,M3,0,0
22.02597740295662,M3,0,0
22.067851884711292,M3,0,0
22.10972636646596,M3,0,0
22.15160084822063,M3,0,0
22.1934753299753,M3,0,0
22.23534981172997,M3,0,0
22.277224293484643,M3,0,0
22.31909877523931,M3,0,0
22.360973256993983,M3,0,0
22.402847738748655,M3,0,0
22.444722220503323,M3,0,0
22.486596702257994,M3,0,0
22.528471184012666,M3,0,0
22.570345665767334,M3,0,0
22.612220147522006,M3,0,0
22.654094629276674,M3,0,0
22.695969111031346,M3,0,0
22.737843592786017,M3,0,0
22.779718074540686,M3,0,0
22.821592556295357,M3,0,0
22.86346703805003,M3,0,0
22.905341519804697,M3,0,0
22.94721600155937,M3,0,0
22.989090483314037,M3,0,0
23.03096496506871,M3,0,0
23.07283944682338,M3,0,0
23.11471392857805,M3,0,0
23.15658841033272,M3,0,0
23.19846289208739,M3,1,1
23.24033737384206,M3,1,1
23.28221185559673,M3,1,1
23.324086337351403,M3,1,1
23.36596081910607,M3,1,1
23.407835300860743,M3,1,1
23.44970978261541,M3,1,1
23.491584264370083,M3,1,1
23.533458746124754,M3,1,1
23.575333227879423,M3,1,1
23.617207709634094,M3,1,1
23.659082191388766,M3,1,1
23.700956673143434,M3,1,1
23.742831154898106,M3,1,1
23.784705636652777,M3,1,1
23.826580118407445,M3,1,1
23.868454600162117,M3,1,1
23.910329081916785,M3,1,1
23.952203563671457,M3,1,1
23.99407804542613,M3,1,1
24.035952527180797,M3,1,1
24.07782700893547,M3,1,1
24.11970149069014,M3,1,1
24.16157597244481,M3,1,1
24.20345045419948,M3,1,1
24.24532493595415,M3,1,1
24.28719941770882,M3,1,1
24.32907389946349,M3,1,1
24.37094838121816,M3,1,1
24.41282286297283,M3,1,1
24.454697344727503,M3,1,1
24.49657182648217,M3,1,1
24.538446308236843,M3,1,1
24.580320789991514,M3,1,1
24.622195271746182,M3,1,1
24.664069753500854,M3,1,1
24.705944235255526,M3,1,1
24.747818717010194,M3,1,1
24.789693198764866,M3,1,1
24.831567680519534,M3,1,1
24.873442162274205,M3,1,1
24.915316644028877,M3,1,1
24.957191125783545,M3,1,1
24.999065607538217,M3,1,1
25.04094008929289,M3,1,1
25.082814571047557,M3,1,1
25.12468905280223,M3,1,1
25.166563534556897,M3,1,1
25.208438016311568,M3,1,1
25.25031249806624,M3,1,1
25.292186979820908,M3,1,1
25.33406146157558,M3,1,1
25.37593594333025,M3,1,1
25.41781042508492,M3,1,1
25.45968490683959,M3,1,1
25.501559388594263,M3,1,1
25.54343387034893,M3,1,1
25.585308352103603,M3,1,1
25.62718283385827,M3,1,1
25.669057315612942,M3,1,1
25.710931797367614,M3,1,1
25.752806279122282,M3,1,1
25.794680760876954,M3,1,1
25.836555242631626,M3,1,1
25.878429724386294,M3,1,1
25.920304206140965,M3,1,1
25.962178687895637,M3,1,1
26.004053169650305,M3,1,1
26.045927651404977,M3,1,1
26.087802133159645,M3,1,1
26.129676614914317,M3,0,0
26.17155109666899,M3,0,0
26.213425578423657,M3,0,0
26.255300060178328,M3,0,0
26.297174541933,M3,0,0
26.339049023687668,M3,0,0
26.38092350544234,M3,0,0
26.42279798719701,M3,0,0
26.46467246895168,M3,0,0
26.50654695070635,M3,0,0
26.54842143246102,M3,0,0
26.59029591421569,M3,0,0
26.632170395970363,M3,0,0
26.67404487772503,M3,0,0
26.715919359479702,M3,0,0
26.757793841234374,M3,0,0
26.799668322989042,M3,0,0
26.841542804743714,M3,0,0
26.883417286498386,M3,0,0
26.925291768253054,M3,0,0
26.967166250007725,M3,0,0
27.009040731762394,M3,0,0
27.050915213517065,M3,0,0
27.092789695271737,M3,0,0
27.134664177026405,M3,0,0
27.176538658781077,M3,0,0
27.21841314053575,M3,0,0
27.260287622290416,M3,0,0
27.302162104045088,M3,0,0
27.34403658579976,M3,0,0
27.385911067554428,M3,0,0
27.4277855493091,M3,0,0
27.469660031063768,M3,0,0
27.51153451281844,M3,0,0
27.55340899457311,M3,0,0
27.59528347632778,M3,0,0
27.63715795808245,M3,0,0
27.679032439837123,M3,0,0
27.72090692159179,M3,0,0
27.762781403346462,M3,0,0
27.80465588510113,M3,0,0
27.846530366855802,M3,0,0
27.888404848610474,M3,0,0
27.930279330365142,M3,0,0
27.972153812119814,M3,0,0
28.014028293874485,M3,0,0
28.055902775629153,M3,0,0
28.097777257383825,M3,0,0
28.139651739138497,M3,0,0
28.181526220893165,M3,0,0
28.223400702647837,M3,0,0
28.265275184402505,M3,0,0
28.307149666157176,M3,0,0
28.349024147911848,M3,0,0
28.390898629666516,M3,0,0
28.432773111421188,M3,0,0
28.47464759317586,M3,0,0
28.516522074930528,M3,0,0
28.5583965566852,M3,0,0
28.60027103843987,M3,0,0
28.64214552019454,M3,0,0
28.68402000194921,M3,0,0
28.72589448370388,M3,0,0
28.76776896545855,M3,0,0
28.809643447213222,M3,0,0
28.85151792896789,M3,0,0
28.893392410722562,M3,0,0
28.935266892477234,M3,0,0
28.977141374231902,M3,0,0
29.019015855986574,M3,0,0
29.060890337741245,M3,0,0
29.102764819495913,M3,0,0
29.144639301250585,M3,0,0
29.186513783005253,M3,0,0
29.228388264759925,M3,0,0
29.270262746514597,M3,0,0
29.312137228269265,M3,0,0
29.354011710023936,M3,0,0
29.395886191778608,M3,0,0
29.437760673533276,M3,0,0
29.479635155287948,M3,0,0
29.52150963704262,M3,0,0
29.563384118797288,M3,0,0
29.60525860055196,M3,0,0
29.647133082306627,M3,0,0
29.6890075640613,M3,0,0
29.73088204581597,M3,0,0
29.77275652757064,M3,0,0
29.81463100932531,M3,0,0
29.856505491079982,M3,0,0
29.89837997283465,M3,0,0
29.940254454589322,M3,0,0
29.98212893634399,M3,0,0
30.024003418098662,M3,0,0
30.065877899853334,M3,0,0
30.107752381608,M3,0,0
30.149626863362673,M3,0,0
30.191501345117345,M3,0,0
30.233375826872013,M3,0,0
30.275250308626685,M3,0,0
30.317124790381357,M3,0,0
30.358999272136025,M3,0,0
30.400873753890696,M3,0,0
30.442748235645364,M3,0,0
30.484622717400036,M3,0,0
30.526497199154708,M3,0,0
30.568371680909376,M3,0,0
30.610246162664048,M3,0,0
30.65212064441872,M3,0,0
30.693995126173387,M3,0,0
30.73586960792806,M3,0,0
30.77774408968273,M3,0,0
30.8196185714374,M3,0,0
30.86149305319207,M3,0,0
30.90336753494674,M3,0,0
30.94524201670141,M3,0,0
30.987116498456082,M3,0,0
31.02899098021075,M3,0,0
31.070865461965422,M3,0,0
31.112739943720094,M3,0,0
31.15461442547476,M3,0,0
31.196488907229433,M3,0,0
31.238363388984105,M3,0,0
31.280237870738773,M3,0,0
31.322112352493445,M3,0,0
31.363986834248113,M3,0,0
31.405861316002785,M3,0,0
31.447735797757456,M3,0,0
31.489610279512124,M3,0,0
31.531484761266796,M3,0,0
31.573359243021468,M3,0,0
31.615233724776136,M3,0,0
31.657108206530808,M3,0,0
31.69898268828548,M3,0,0
31.740857170040147,M3,0,0
31.78273165179482,M3,0,0
31.824606133549487,M3,0,0
31.86648061530416,M3,0,0
31.90835509705883,M3,0,0
31.9502295788135,M3,0,0
31.99210406056817,M3,0,0
32.03397854232284,M3,0,0
32.07585302407751,M3,0,0
32.11772750583218,M3,0,0
32.15960198758685,M3,0,0
32.20147646934152,M3,0,0
32.24335095109619,M3,0,0
32.285225432850865,M3,0,0
32.32709991460553,M3,0,0
32.3689743963602,M3,0,0
32.41084887811488,M3,0,0
32.452723359869545,M3,0,0
32.49459784162421,M3,0,0
32.53647232337889,M3,0,0
32.578346805133556,M3,0,0
32.620221286888224,M3,0,0
32.6620957686429,M3,0,0
32.70397025039757,M3,0,0
32.745844732152236,M3,0,0
32.78771921390691,M3,0,0
32.82959369566158,M3,0,0
32.87146817741625,M3,0,0
32.913342659170915,M3,0,0
32.95521714092559,M3,0,0
32.99709162268026,M3,0,0
33.03896610443493,M3,0,0
33.0808405861896,M3,0,0
33.12271506794427,M3,0,0
33.16458954969894,M3,0,0
33.20646403145361,M3,0,0
33.24833851320828,M3,0,0
33.29021299496295,M3,0,0
33.332087476717625,M3,0,0
33.37396195847229,M3,0,0
33.41583644022696,M3,0,0
33.457710921981636,M3,0,0
33.499585403736305,M3,0,0
33.54145988549097,M3,0,0
33.58333436724565,M3,0,0
33.625208849000316,M3,0,0
33.667083330754984,M3,0,0
33.70895781250965,M3,0,0
33.75083229426433,M3,0,0
33.792706776018996,M3,0,0
33.834581257773664,M3,0,0
33.87645573952834,M3,0,0
33.91833022128301,M3,0,0
33.960204703037675,M3,0,0
34.00207918479235,M3,0,0
34.04395366654702,M3,0,0
34.08582814830169,M3,0,0
34.12770263005636,M3,0,0
34.16957711181103,M3,0,0
34.2114515935657,M3,0,0
34.25332607532037,M3,0,0
34.29520055707504,M3,0,0
34.33707503882971,M3,0,0
34.378949520584385,M3,0,0
34.42082400233905,M3,0,0
34.46269848409372,M3,0,0
34.504572965848396,M3,0,0
34.546447447603065,M3,0,0
34.58832192935773,M3,0,0
34.6301964111124,M3,0,0
34.672070892867076,M3,0,0
34.713945374621744,M3,0,0
34.75581985637641,M3,0,0
34.79769433813109,M3,0,0
34.839568819885756,M3,0,0
34.881443301640424,M3,0,0
34.9233177833951,M3,0,0
34.96519226514977,M3,0,0
35.007066746904435,M3,0,0
35.04894122865911,M3,0,0
35.09081571041378,M3,0,0
35.13269019216845,M3,0,0
35.17456467392312,M3,0,0
35.21643915567779,M3,0,0
35.25831363743246,M3,0,0
35.30018811918713,M3,0,0
35.3420626009418,M3,0,0
35.38393708269647,M3,0,0
35.425811564451145,M3,0,0
35.46768604620581,M3,0,0
35.50956052796048,M3,0,0
35.55143500971515,M3,0,0
35.593309491469824,M3,0,0
35.63518397322449,M3,0,0
35.67705845497916,M3,0,0
35.718932936733836,M3,0,0
35.760807418488504,M3,0,0
35.80268190024317,M3,0,0
35.84455638199785,M3,0,0
35.886430863752516,M3,0,0
35.928305345507184,M3,0,0
35.97017982726186,M3,0,0
36.01205430901653,M3,0,0
36.053928790771195,M3,0,0
36.09580327252587,M3,0,0
36.13767775428054,M3,0,0
36.17955223603521,M3,0,0
36.22142671778988,M3,0,0
36.26330119954455,M3,0,0
36.30517568129922,M3,0,0
36.347050163053886,M3,0,0
36.38892464480856,M3,0,0
36.43079912656323,M3,0,0
36.4726736083179,M3,0,0
36.51454809007257,M3,0,0
36.55642257182724,M3,0,0
36.59829705358191,M3,0,0
36.640171535336584,M3,0,0
36.68204601709125,M3,0,0
36.72392049884592,M3,0,0
36.765794980600596,M3,0,0
36.807669462355264,M3,0,0
36.84954394410993,M3,0,0
36.89141842586461,M3,0,0
36.933292907619276,M3,0,0
36.975167389373944,M3,0,0
37.01704187112862,M3,0,0
37.05891635288329,M3,0,0
37.100790834637955,M3,0,0
37.14266531639263,M3,0,0
37.1845397981473,M3,0,0
37.22641427990197,M3,0,0
37.268288761656635,M3,0,0
37.31016324341131,M3,0,0
37.35203772516598,M3,0,0
37.393912206920646,M3,0,0
37.43578668867532,M3,0,0
37.47766117042999,M3,0,0
37.51953565218466,M3,0,0
37.56141013393933,M3,0,0
37.603284615694,M3,0,0
37.64515909744867,M3,0,0
37.687033579203344,M3,0,0
37.72890806095801,M3,0,0
37.77078254271268,M3,0,0
37.812657024467356,M3,0,0
37.854531506222024,M3,0,0
37.89640598797669,M3,0,0
37.93828046973137,M3,0,0
37.980154951486035,M3,0,0
38.022029433240704,M3,0,0
38.06390391499538,M3,0,0
38.10577839675005,M3,0,0
38.147652878504715,M3,0,0
38.18952736025938,M3,0,0
38.23140184201406,M3,0,0
38.27327632376873,M3,0,0
38.315150805523395,M3,0,0
38.35702528727807,M3,0,0
38.39889976903274,M3,0,0
38.440774250787406,M3,0,0
38.48264873254208,M3,0,0
38.52452321429675,M3,0,0
38.56639769605142,M3,0,0
38.60827217780609,M3,0,0
38.65014665956076,M3,0,0
38.69202114131543,M3,0,0
38.733895623070104,M3,0,0
38.77577010482477,M3,0,0
38.81764458657944,M3,0,0
38.859519068334116,M3,0,0
38.901393550088784,M3,0,0
38.94326803184345,M3,0,0
38.98514251359812,M3,0,0
39.027016995352795,M3,0,0
39.068891477107464,M3,0,0
39.11076595886213,M3,0,0
39.15264044061681,M3,0,0
39.194514922371475,M3,0,0
39.23638940412614,M3,0,0
39.27826388588082,M3,0,0
39.32013836763549,M3,0,0
39.362012849390155,M3,0,0
39.40388733114483,M3,0,0
39.4457618128995,M3,0,0
39.487636294654166,M3,0,0
39.52951077640884,M3,0,0
39.57138525816351,M3,0,0
39.61325973991818,M3,0,0
39.65513422167285,M3,0,0
39.69700870342752,M3,0,0
39.73888318518219,M3,0,0
39.780757666936864,M3,0,0
39.82263214869153,M3,0,0
39.8645066304462,M3,0,0
39.90638111220087,M3,0,0
39.948255593955544,M3,0,0
39.99013007571021,M3,0,0
40.03200455746488,M3,0,0
40.073879039219555,M3,0,0
40.11575352097422,M3,0,0
40.15762800272889,M3,0,0
40.19950248448357,M3,0,0
40.241376966238235,M3,0,0
40.2832514479929,M3,0,0
40.32512592974758,M3,0,0
40.36700041150225,M3,0,0
40.408874893256915,M3,0,0
40.45074937501159,M3,0,0
40.49262385676626,M3,0,0
40.534498338520926,M3,0,0
40.5763728202756,M3,0,0
40.61824730203027,M3,0,0
40.66012178378494,M3,0,0
40.701996265539606,M3,0,0
40.74387074729428,M3,0,0
40.78574522904895,M3,0,0
40.82761971080362,M3,0,0
40.86949419255829,M3,0,0
40.91136867431296,M3,0,0
40.95324315606763,M3,0,0
40.995117637822304,M3,0,0
41.03699211957697,M3,0,0
41.07886660133164,M3,0,0
41.120741083086315,M3,0,0
41.16261556484098,M3,0,0
41.20449004659565,M3,0,0
41.24636452835033,M3,0,0
41.288239010104995,M3,0,0
41.33011349185966,M3,0,0
41.37198797361434,M3,0,0
41.41386245536901,M3,0,0
41.455736937123675,M3,0,0
41.49761141887835,M3,0,0
41.53948590063302,M3,0,0
41.581360382387686,M3,0,0
41.623234864142354,M3,0,0
41.66510934589703,M3,0,0
41.7069838276517,M3,0,0
41.748858309406366,M3,0,0
41.79073279116104,M3,0,0
41.83260727291571,M3,0,0
41.87448175467038,M3,0,0
41.91635623642505,M3,0,0
41.95823071817972,M3,0,0
42.00010519993439,M3,0,0
42.041979681689064,M3,0,0
42.08385416344373,M3,0,0
42.1257286451984,M3,0,0
42.167603126953075,M3,0,0
42.20947760870774,M3,0,0
42.25135209046241,M3,0,0
42.29322657221709,M3,0,0
42.335101053971755,M3,0,0
42.37697553572642,M3,0,0
42.4188500174811,M3,0,0
42.460724499235766,M3,0,0
42.502598980990435,M3,0,0
42.5444734627451,M3,0,0
42.58634794449978,M3,0,0
42.628222426254446,M3,0,0
42.670096908009114,M3,0,0
42.71197138976379,M3,0,0
42.75384587151846,M3,0,0
42.795720353273126,M3,0,0
42.8375948350278,M3,0,0
42.87946931678247,M3,0,0
42.92134379853714,M3,0,0
42.96321828029181,M3,0,0
43.00509276204648,M3,0,0
43.04696724380115,M3,0,0
43.088841725555824,M3,0,0
43.13071620731049,M3,0,0
43.17259068906516,M3,0,0
43.214465170819835,M3,0,0
43.2563396525745,M3,0,0
43.29821413432917,M3,0,0
43.34008861608384,M3,0,0
43.381963097838515,M3,0,0
43.42383757959318,M3,0,0
43.46571206134785,M3,0,0
43.507586543102526,M3,0,0
43.549461024857195,M3,0,0
43.59133550661186,M3,0,0
43.63320998836654,M3,0,0
43.675084470121206,M3,0,0
43.716958951875874,M3,0,0
43.75883343363055,M3,0,0
43.80070791538522,M3,0,0
43.842582397139886,M3,0,0
43.88445687889456,M3,0,0
43.92633136064923,M3,0,0
43.9682058424039,M3,0,0
44.01008032415857,M3,0,0
44.05195480591324,M3,0,0
44.09382928766791,M3,0,0
44.135703769422584,M3,0,0
44.17757825117725,M3,0,0
44.21945273293192,M3,0,0
44.26132721468659,M3,0,0
44.30320169644126,M3,0,0
44.34507617819593,M3,0,0
44.3869506599506,M3,0,0
44.428825141705275,M3,0,0
44.47069962345994,M3,0,0
44.51257410521461,M3,0,0
44.554448586969286,M3,0,0
44.596323068723954,M3,0,0
44.63819755047862,M3,0,0
44.6800720322333,M3,0,0
44.721946513987966,M3,0,0
44.763820995742634,M3,0,0
44.80569547749731,M3,0,0
44.84756995925198,M3,0,0
44.889444441006646,M3,0,0
44.93131892276132,M3,0,0
44.97319340451599,M3,0,0
45.01506788627066,M3,0,0
45.05694236802533,M3,0,0
45.09881684978,M3,0,0
45.14069133153467,M3,0,0
45.18256581328934,M3,0,0
45.22444029504401,M3,0,0
45.26631477679868,M3,0,0
45.30818925855335,M3,0,0
45.35006374030802,M3,0,0
45.39193822206269,M3,0,0
45.43381270381736,M3,0,0
45.475687185572035,M3,0,0
45.5175616673267,M3,0,0
45.55943614908137,M3,0,0
45.601310630836046,M3,0,0
45.643185112590714,M3,0,0
45.68505959434538,M3,0,0
45.72693407610006,M3,0,0
45.768808557854726,M3,0,0
45.810683039609394,M3,0,0
45.85255752136407,M3,0,0
45.89443200311874,M3,0,0
45.936306484873406,M3,0,0
45.978180966628074,M3,0,0
46.02005544838275,M3,0,0
46.06192993013742,M3,0,0
46.103804411892085,M3,0,0
46.14567889364676,M3,0,0
46.18755337540143,M3,0,0
46.2294278571561,M3,0,0
46.27130233891077,M3,0,0
46.31317682066544,M3,0,0
46.35505130242011,M3,0,0
46.39692578417478,M3,0,0
46.43880026592945,M3,0,0
46.48067474768412,M3,0,0
46.522549229438795,M3,0,0
46.56442371119346,M3,0,0
46.60629819294813,M3,0,0
46.648172674702806,M3,0,0
46.690047156457474,M3,0,0
46.73192163821214,M3,0,0
46.77379611996682,M3,0,0
46.815670601721486,M3,0,0
46.857545083476154,M3,0,0
46.89941956523082,M3,0,0
46.9412940469855,M3,0,0
46.983168528740165,M3,0,0
47.025043010494834,M3,0,0
47.06691749224951,M3,0,0
47.10879197400418,M3,0,0
47.150666455758845,M3,0,0
47.19254093751352,M3,0,0
47.23441541926819,M3,0,0
47.27628990102286,M3,0,0
47.31816438277753,M3,0,0
47.3600388645322,M3,0,0
47.40191334628687,M3,0,0
47.44378782804154,M3,0,0
47.48566230979621,M3,0,0
47.52753679155088,M3,0,0
47.569411273305555,M3,0,0
47.61128575506022,M3,0,0
47.65316023681489,M3,0,0
47.69503471856956,M3,0,0
47.736909200324234,M3,0,0
47.7787836820789,M3,0,0
47.82065816383357,M3,0,0
47.862532645588246,M3,0,0
47.904407127342914,M3,0,0
47.94628160909758,M3,0,0
47.98815609085226,M3,0,0
48.030030572606925,M3,0,0
48.071905054361594,M3,0,0
48.11377953611627,M3,0,0
48.15565401787094,M3,0,0
48.197528499625605,M3,0,0
48.23940298138028,M3,0,0
48.28127746313495,M3,0,0
48.32315194488962,M3,0,0
48.36502642664429,M3,0,0
48.40690090839896,M3,0,0
48.44877539015363,M3,0,0
48.4906498719083,M3,0,0
48.53252435366297,M3,0,0
48.57439883541764,M3,0,0
48.61627331717231,M3,0,0
48.65814779892698,M3,0,0
48.70002228068165,M3,0,0
48.74189676243632,M3,0,0
48.783771244190994,M3,0,0
48.82564572594566,M3,0,0
48.86752020770033,M3,0,0
48.909394689455006,M3,0,0
48.951269171209674,M3,0,0
48.99314365296434,M3,0,0
49.03501813471902,M3,0,0
49.076892616473685,M3,0,0
49.11876709822835,M3,0,0
49.16064157998303,M3,0,0
49.2025160617377,M3,0,0
49.244390543492365,M3,0,0
49.28626502524704,M3,0,0
49.32813950700171,M3,0,0
49.37001398875638,M3,0,0
49.41188847051105,M3,0,0
49.45376295226572,M3,0,0
49.49563743402039,M3,0,0
49.537511915775056,M3,0,0
49.57938639752973,M3,0,0
49.6212608792844,M3,0,0
49.66313536103907,M3,0,0
49.70500984279374,M3,0,0
49.74688432454841,M3,0,0
49.78875880630308,M3,0,0
49.830633288057754,M3,0,0
49.87250776981242,M3,0,0
49.91438225156709,M3,0,0
49.956256733321766,M3,0,0
49.998131215076434,M3,0,0
50.0400056968311,M3,0,0
50.08188017858578,M3,0,0
50.123754660340445,M3,0,0
50.16562914209511,M3,0,0
50.20750362384979,M3,0,0
50.24937810560446,M3,0,0
50.291252587359125,M3,0,0
50.33312706911379,M3,0,0
50.37500155086847,M3,0,0
50.416876032623136,M3,0,0
50.458750514377805,M3,0,0
50.50062499613248,M3,0,0
50.54249947788715,M3,0,0
50.584373959641816,M3,0,0
50.62624844139649,M3,0,0
50.66812292315116,M3,0,0
50.70999740490583,M3,0,0
50.7518718866605,M3,0,0
50.79374636841517,M3,0,0
50.83562085016984,M3,0,0
50.877495331924514,M3,0,0
50.91936981367918,M3,0,0
50.96124429543385,M3,0,0
51.003118777188526,M3,0,0
51.044993258943194,M3,0,0
51.08686774069786,M3,0,0
51.12874222245254,M3,0,0
51.170616704207205,M3,0,0
51.21249118596187,M3,0,0
51.25436566771654,M3,0,0
51.29624014947122,M3,0,0
51.338114631225885,M3,0,0
51.37998911298055,M3,0,0
51.42186359473523,M3,0,0
51.463738076489896,M3,0,0
51.505612558244565,M3,0,0
51.54748703999924,M3,0,0
51.58936152175391,M3,0,0
51.631236003508576,M3,0,0
51.67311048526325,M3,0,0
51.71498496701792,M3,0,0
51.75685944877259,M3,0,0
51.79873393052726,M3,0,0
51.84060841228193,M3,0,0
51.8824828940366,M3,0,0
51.924357375791274,M3,0,0
51.96623185754594,M3,0,0
52.00810633930061,M3,0,0
52.049980821055286,M3,0,0
52.091855302809954,M3,0,0
52.13372978456462,M3,0,0
52.17560426631929,M3,0,0
52.217478748073965,M3,0,0
52.25935322982863,M3,0,0
52.3012277115833,M3,0,0
52.34310219333798,M3,0,0
52.384976675092645,M3,0,0
52.42685115684731,M3,0,0
52.46872563860199,M3,0,0
52.510600120356656,M3,0,0
52.552474602111324,M3,0,0
52.594349083866,M3,0,0
52.63622356562067,M3,0,0
52.678098047375336,M3,0,0
52.71997252913001,M3,0,0
52.76184701088468,M3,0,0
52.80372149263935,M3,0,0
52.84559597439402,M3,0,0
52.88747045614869,M3,0,0
52.92934493790336,M3,0,0
52.97121941965803,M3,0,0
53.0130939014127,M3,0,0
53.05496838316737,M3,0,0
53.09684286492204,M3,0,0
53.138717346676714,M3,0,0
53.18059182843138,M3,0,0
53.22246631018605,M3,0,0
53.264340791940725,M3,0,0
53.30621527369539,M3,0,0
53.34808975545006,M3,0,0
53.38996423720474,M3,0,0
53.431838718959405,M3,0,0
53.47371320071407,M3,0,0
53.51558768246875,M3,0,0
53.557462164223416,M3,0,0
53.599336645978084,M3,0,0
53.64121112773276,M3,0,0
53.68308560948743,M3,0,0
53.724960091242096,M3,0,0
53.76683457299677,M3,0,0
53.80870905475144,M3,0,0
53.85058353650611,M3,0,0
53.892458018260776,M3,0,0
53.93433250001545,M3,0,0
53.97620698177012,M3,0,0
54.01808146352479,M3,0,0
54.05995594527946,M3,0,0
54.10183042703413,M3,0,0
54.1437049087888,M3,0,0
54.185579390543474,M3,0,0
54.22745387229814,M3,0,0
54.26932835405281,M3,0,0
54.311202835807485,M3,0,0
54.35307731756215,M3,0,0
54.39495179931682,M3,0,0
54.4368262810715,M3,0,0
54.478700762826165,M3,0,0
54.52057524458083,M3,0,0
54.56244972633551,M3,0,0
54.604324208090176,M3,0,0
54.646198689844844,M3,0,0
54.68807317159952,M3,0,0
54.72994765335419,M3,0,0
54.771822135108856,M3,0,0
54.813696616863524,M3,0,0
54.8555710986182,M3,0,0
54.89744558037287,M3,0,0
54.939320062127535,M3,0,0
54.98119454388221,M3,0,0
55.02306902563688,M3,0,0
55.06494350739155,M3,0,0
55.10681798914622,M3,0,0
55.14869247090089,M3,0,0
55.19056695265556,M3,0,0
55.232441434410234,M3,0,0
55.2743159161649,M3,0,0
55.31619039791957,M3,0,0
55.358064879674245,M3,0,0
55.39993936142891,M3,0,0
55.44181384318358,M3,0,0
55.48368832493826,M3,0,0
55.525562806692925,M3,0,0
55.56743728844759,M3,0,0
55.60931177020226,M3,0,0
55.651186251956936,M3,0,0
55.693060733711604,M3,0,0
55.73493521546627,M3,0,0
55.77680969722095,M3,0,0
55.818684178975616,M3,0,0
55.860558660730284,M3,0,0
55.90243314248496,M3,0,0
55.94430762423963,M3,0,0
55.986182105994295,M3,0,0
56.02805658774897,M3,0,0
56.06993106950364,M3,0,0
56.11180555125831,M3,0,0
56.15368003301298,M3,0,0
56.19555451476765,M3,0,0
56.23742899652232,M3,0,0
56.279303478276994,M3,0,0
56.32117796003166,M3,0,0
56.36305244178633,M3,0,0
56.404926923541005,M3,0,0
56.44680140529567,M3,0,0
56.48867588705034,M3,0,0
56.53055036880501,M3,0,0
56.572424850559685,M3,0,0
56.61429933231435,M3,0,0
56.65617381406902,M3,0,0
56.698048295823696,M3,0,0
56.739922777578364,M3,0,0
56.78179725933303,M3,0,0
56.82367174108771,M3,0,0
56.865546222842376,M3,0,0
56.907420704597044,M3,0,0
56.94929518635172,M3,0,0
56.99116966810639,M3,0,0
57.033044149861055,M3,0,0
57.07491863161573,M3,0,0
57.1167931133704,M3,0,0
57.15866759512507,M3,0,0
57.20054207687974,M3,0,0
57.24241655863441,M3,0,0
57.28429104038908,M3,0,0
57.32616552214375,M3,0,0
57.36804000389842,M3,0,0
57.40991448565309,M3,0,0
57.45178896740776,M3,0,0
57.49366344916243,M3,0,0
57.5355379309171,M3,0,0
57.57741241267177,M3,0,0
57.619286894426445,M3,0,0
57.66116137618111,M3,0,0
57.70303585793578,M3,0,0
57.744910339690456,M3,0,0
57.786784821445124,M3,0,0
57.82865930319979,M3,0,0
57.87053378495447,M3,0,0
57.912408266709136,M3,0,0
57.954282748463804,M3,0,0
57.99615723021848,M3,0,0
58.03803171197315,M3,0,0
58.079906193727815,M3,0,0
58.12178067548249,M3,0,0
58.16365515723716,M3,0,0
58.20552963899183,M3,0,0
58.247404120746495,M3,0,0
58.28927860250117,M3,0,0
58.33115308425584,M3,0,0
58.37302756601051,M3,0,0
58.41490204776518,M3,0,0
58.45677652951985,M3,0,0
58.49865101127452,M3,0,0
58.54052549302919,M3,0,0
58.58239997478386,M3,0,0
58.62427445653853,M3,0,0
58.666148938293205,M3,0,0
58.70802342004787,M3,0,0
58.74989790180254,M3,0,0
58.791772383557216,M3,0,0
58.833646865311884,M3,0,0
58.87552134706655,M3,0,0
58.91739582882123,M3,0,0
58.959270310575896,M3,0,0
59.001144792330564,M3,0,0
59.04301927408524,M3,0,0
59.08489375583991,M3,0,0
59.126768237594575,M3,0,0
59.16864271934924,M3,0,0
59.21051720110392,M3,0,0
59.25239168285859,M3,0,0
59.294266164613255,M3,0,0
59.33614064636793,M3,0,0
59.3780151281226,M3,0,0
59.419889609877266,M3,0,0
59.46176409163194,M3,0,0
59.50363857338661,M3,0,0
59.54551305514128,M3,0,0
59.58738753689595,M3,0,0
59.62926201865062,M3,0,0
59.67113650040529,M3,0,0
59.713010982159965,M3,0,0
59.75488546391463,M3,0,0
59.7967599456693,M3,0,0
59.838634427423976,M3,0,0
59.880508909178644,M3,0,0
59.92238339093331,M3,0,0
59.96425787268798,M3,0,0
60.006132354442656,M3,0,0
60.048006836197324,M3,0,0
60.08988131795199,M3,0,0
60.13175579970667,M3,0,0
60.173630281461335,M3,0,0
60.215504763216,M3,0,0
60.25737924497068,M3,0,0
60.29925372672535,M3,0,0
60.341128208480015,M3,0,0
60.38300269023469,M3,0,0
60.42487717198936,M3,0,0
60.466751653744026,M3,0,0
60.5086261354987,M3,0,0
60.55050061725337,M3,0,0
60.59237509900804,M3,0,0
60.63424958076271,M3,0,0
60.67612406251738,M3,0,0
60.71799854427205,M3,0,0
60.759873026026725,M3,0,0
60.80174750778139,M3,0,0
60.84362198953606,M3,0,0
60.88549647129073,M3,0,0
60.927370953045404,M3,0,0
60.96924543480007,M3,0,0
61.01111991655474,M3,0,0
61.052994398309416,M3,0,0
61.094868880064084,M3,0,0
61.13674336181875,M3,0,0
61.17861784357343,M3,0,0
61.220492325328095,M3,0,0
61.26236680708276,M3,0,0
61.30424128883744,M3,0,0
61.34611577059211,M3,0,0
61.387990252346775,M3,0,0
61.42986473410145,M3,0,0
61.47173921585612,M3,0,0
61.513613697610786,M3,0,0
61.55548817936546,M3,0,0
61.59736266112013,M3,0,0
61.6392371428748,M3,0,0
61.68111162462947,M3,0,0
61.72298610638414,M3,0,0
61.76486058813881,M3,0,0
61.80673506989348,M3,0,0
61.84860955164815,M3,0,0
61.89048403340282,M3,0,0
61.93235851515749,M3,0,0
61.974232996912164,M3,0,0
62.01610747866683,M3,0,0
62.0579819604215,M3,0,0
62.099856442176176,M3,0,0
62.141730923930844,M3,0,0
62.18360540568551,M3,0,0
62.22547988744019,M3,0,0
62.267354369194855,M3,0,0
62.30922885094952,M3,0,0
62.3511033327042,M3,0,0
62.39297781445887,M3,0,0
62.434852296213535,M3,0,0
62.47672677796821,M3,0,0
62.51860125972288,M3,0,0
62.560475741477546,M3,0,0
62.602350223232214,M3,0,0
62.64422470498689,M3,0,0
62.68609918674156,M3,0,0
62.727973668496226,M3,0,0
62.7698481502509,M3,0,0
62.81172263200557,M3,0,0
62.85359711376024,M3,0,0
62.89547159551491,M3,0,0
62.93734607726958,M3,0,0
62.97922055902425,M3,0,0
63.021095040778924,M3,0,0
63.06296952253359,M3,0,0
63.10484400428826,M3,0,0
63.146718486042936,M3,0,0
63.188592967797604,M3,0,0
63.23046744955227,M3,0,0
63.27234193130695,M3,0,0
63.314216413061615,M3,0,0
63.35609089481628,M3,0,0
63.39796537657096,M3,0,0
63.43983985832563,M3,0,0
63.481714340080295,M3,0,0
63.52358882183496,M3,0,0
63.56546330358964,M3,0,0
63.607337785344306,M3,0,0
63.649212267098974,M3,0,0
63.69108674885365,M3,0,0
63.73296123060832,M3,0,0
63.774835712362986,M3,0,0
63.81671019411766,M3,0,0
63.85858467587233,M3,0,0
63.900459157627,M3,0,0
63.94233363938167,M3,0,0
63.98420812113634,M3,0,0
64.02608260289101,M3,0,0
64.06795708464568,M3,0,0
64.10983156640035,M3,0,0
64.15170604815502,M3,0,0
64.1935805299097,M3,0,0
64.23545501166436,M3,0,0
64.27732949341903,M3,0,0
64.3192039751737,M3,0,0
64.36107845692837,M3,0,0
64.40295293868304,M3,0,0
64.44482742043772,M3,0,0
64.48670190219238,M3,0,0
64.52857638394705,M3,0,0
64.57045086570173,M3,0,0
64.61232534745639,M3,0,0
64.65419982921107,M3,0,0
64.69607431096574,M3,0,0
64.7379487927204,M3,0,0
64.77982327447508,M3,0,0
64.82169775622975,M3,0,0
64.86357223798441,M3,0,0
64.90544671973909,M3,0,0
64.94732120149376,M3,0,0
64.98919568324843,M3,0,0
65.0310701650031,M3,0,0
65.07294464675778,M3,0,0
65.11481912851244,M3,0,0
65.15669361026711,M3,0,0
65.19856809202179,M3,0,0
65.24044257377645,M3,0,0
65.28231705553112,M3,0,0
65.3241915372858,M3,0,0
65.36606601904046,M3,0,0
65.40794050079514,M3,0,0
65.44981498254981,M3,0,0
65.49168946430447,M3,0,0
65.53356394605915,M3,0,0
65.57543842781382,M3,0,0
65.61731290956848,M3,0,0
65.65918739132316,M3,0,0
65.70106187307782,M3,0,0
65.7429363548325,M3,0,0
65.78481083658717,M3,0,0
65.82668531834183,M3,0,0
65.8685598000965,M3,0,0
65.91043428185118,M3,0,0
65.95230876360584,M3,0,0
65.99418324536052,M3,0,0
66.03605772711519,M3,0,0
66.07793220886985,M3,0,0
66.11980669062453,M3,0,0
66.1616811723792,M3,0,0
66.20355565413387,M3,0,0
66.24543013588854,M3,0,0
66.28730461764322,M3,0,0
66.32917909939788,M3,0,0
66.37105358115255,M3,0,0
66.41292806290723,M3,0,0
66.45480254466189,M3,0,0
66.49667702641656,M3,0,0
66.53855150817124,M3,0,0
66.5804259899259,M3,0,0
66.62230047168057,M3,0,0
66.66417495343525,M3,0,0
66.70604943518991,M3,0,0
66.74792391694459,M3,0,0
66.78979839869926,M3,0,0
66.83167288045392,M3,0,0
66.8735473622086,M3,0,0
66.91542184396327,M3,0,0
66.95729632571793,M3,0,0
66.99917080747261,M3,0,0
