relative_path,collection,topic,kind,language,extension,size_kb,safety,sha256,duplicate_group
6.数学建模模型算法大全/元胞自动机/1月13日课件（元胞自动机）/The Booth Tolls for Thee/cellular.m,6.数学建模模型算法大全,仿真与随机模型,source-code,MATLAB,.m,1.44,normal,341cbfad5e8e9ec01340441520744b06206cc329d6f2091ca0e649895cdcdf19,DUP-0001
6.数学建模模型算法大全/元胞自动机/1月13日课件（元胞自动机）/The Booth Tolls for Thee/clear_boundary.m,6.数学建模模型算法大全,仿真与随机模型,source-code,MATLAB,.m,0.13,normal,069a9a92d89feb4dd2c1ab289256d9bdb142a2dd8d6488e3909fd9cd646fccbf,DUP-0002
6.数学建模模型算法大全/元胞自动机/1月13日课件（元胞自动机）/The Booth Tolls for Thee/compute_output.m,6.数学建模模型算法大全,仿真与随机模型,source-code,MATLAB,.m,0.12,normal,9aca18c4e481770651c26a9b6f1b74cbfd0f1433d0c2f27be9bdcf3f50822046,DUP-0003
6.数学建模模型算法大全/元胞自动机/1月13日课件（元胞自动机）/The Booth Tolls for Thee/compute_wait.m,6.数学建模模型算法大全,仿真与随机模型,source-code,MATLAB,.m,0.13,normal,c81807a425590771bf657609a0622b5933cc32e6d8fc2b935aa3d30219376e2c,DUP-0004
6.数学建模模型算法大全/元胞自动机/1月13日课件（元胞自动机）/The Booth Tolls for Thee/create_entry.m,6.数学建模模型算法大全,仿真与随机模型,source-code,MATLAB,.m,0.51,normal,fcdb894b6098cb7de6dbd3de2f712ce511809dbb6b0fa906591650a43a4e0eea,DUP-0005
6.数学建模模型算法大全/元胞自动机/1月13日课件（元胞自动机）/The Booth Tolls for Thee/create_plaza.m,6.数学建模模型算法大全,仿真与随机模型,source-code,MATLAB,.m,0.92,normal,3badff0aee692227a10fcc571c375ffb6449b054dd40049991dda05cf6b194b2,DUP-0006
6.数学建模模型算法大全/元胞自动机/1月13日课件（元胞自动机）/The Booth Tolls for Thee/move_forward.m,6.数学建模模型算法大全,仿真与随机模型,source-code,MATLAB,.m,1.19,normal,16b5ae47abc96ab45559e19fbc6c5bcd7b711f2d6cd85ceaed489ab266df0854,DUP-0007
6.数学建模模型算法大全/元胞自动机/1月13日课件（元胞自动机）/The Booth Tolls for Thee/new_cars.m,6.数学建模模型算法大全,仿真与随机模型,source-code,MATLAB,.m,0.25,normal,e2dd245d8b136ede719b6c8099ed161dd4a36ab730a2e553e6a60684f31b717f,DUP-0008
6.数学建模模型算法大全/元胞自动机/1月13日课件（元胞自动机）/The Booth Tolls for Thee/switch_lanes.m,6.数学建模模型算法大全,仿真与随机模型,source-code,MATLAB,.m,1.08,normal,78fd6854688bd150afa33a0e162eac1ee39c8f79ac48f131e6ce8784c9be5f52,DUP-0009
6.数学建模模型算法大全/元胞自动机/1月13日课件（元胞自动机）/程序/calife.m,6.数学建模模型算法大全,仿真与随机模型,source-code,MATLAB,.m,2.17,normal,a83afc6b7294413541e6455987490c9efedd6135ded90ef2ad5263778a6cb5bb,DUP-0011
6.数学建模模型算法大全/元胞自动机/1月13日课件（元胞自动机）/程序/forest.m,6.数学建模模型算法大全,仿真与随机模型,source-code,MATLAB,.m,0.78,normal,ae7533c05161b666110329c521bc8f8f466e46cf095b12e0a76ae0a9ef32d0a1,
6.数学建模模型算法大全/元胞自动机/1月13日课件（元胞自动机）/程序/The Booth Tolls for Thee/cellular.m,6.数学建模模型算法大全,仿真与随机模型,source-code,MATLAB,.m,1.44,normal,341cbfad5e8e9ec01340441520744b06206cc329d6f2091ca0e649895cdcdf19,DUP-0001
6.数学建模模型算法大全/元胞自动机/1月13日课件（元胞自动机）/程序/The Booth Tolls for Thee/clear_boundary.m,6.数学建模模型算法大全,仿真与随机模型,source-code,MATLAB,.m,0.13,normal,069a9a92d89feb4dd2c1ab289256d9bdb142a2dd8d6488e3909fd9cd646fccbf,DUP-0002
6.数学建模模型算法大全/元胞自动机/1月13日课件（元胞自动机）/程序/The Booth Tolls for Thee/compute_output.m,6.数学建模模型算法大全,仿真与随机模型,source-code,MATLAB,.m,0.12,normal,9aca18c4e481770651c26a9b6f1b74cbfd0f1433d0c2f27be9bdcf3f50822046,DUP-0003
6.数学建模模型算法大全/元胞自动机/1月13日课件（元胞自动机）/程序/The Booth Tolls for Thee/compute_wait.m,6.数学建模模型算法大全,仿真与随机模型,source-code,MATLAB,.m,0.13,normal,c81807a425590771bf657609a0622b5933cc32e6d8fc2b935aa3d30219376e2c,DUP-0004
6.数学建模模型算法大全/元胞自动机/1月13日课件（元胞自动机）/程序/The Booth Tolls for Thee/create_entry.m,6.数学建模模型算法大全,仿真与随机模型,source-code,MATLAB,.m,0.51,normal,fcdb894b6098cb7de6dbd3de2f712ce511809dbb6b0fa906591650a43a4e0eea,DUP-0005
6.数学建模模型算法大全/元胞自动机/1月13日课件（元胞自动机）/程序/The Booth Tolls for Thee/create_plaza.m,6.数学建模模型算法大全,仿真与随机模型,source-code,MATLAB,.m,0.92,normal,3badff0aee692227a10fcc571c375ffb6449b054dd40049991dda05cf6b194b2,DUP-0006
6.数学建模模型算法大全/元胞自动机/1月13日课件（元胞自动机）/程序/The Booth Tolls for Thee/move_forward.m,6.数学建模模型算法大全,仿真与随机模型,source-code,MATLAB,.m,1.19,normal,16b5ae47abc96ab45559e19fbc6c5bcd7b711f2d6cd85ceaed489ab266df0854,DUP-0007
6.数学建模模型算法大全/元胞自动机/1月13日课件（元胞自动机）/程序/The Booth Tolls for Thee/new_cars.m,6.数学建模模型算法大全,仿真与随机模型,source-code,MATLAB,.m,0.25,normal,e2dd245d8b136ede719b6c8099ed161dd4a36ab730a2e553e6a60684f31b717f,DUP-0008
6.数学建模模型算法大全/元胞自动机/1月13日课件（元胞自动机）/程序/The Booth Tolls for Thee/switch_lanes(1).m,6.数学建模模型算法大全,仿真与随机模型,source-code,MATLAB,.m,1.08,normal,78fd6854688bd150afa33a0e162eac1ee39c8f79ac48f131e6ce8784c9be5f52,DUP-0009
6.数学建模模型算法大全/元胞自动机/1月13日课件（元胞自动机）/程序/新建文件夹/clear_boundary.m,6.数学建模模型算法大全,仿真与随机模型,source-code,MATLAB,.m,0.13,normal,069a9a92d89feb4dd2c1ab289256d9bdb142a2dd8d6488e3909fd9cd646fccbf,DUP-0002
6.数学建模模型算法大全/元胞自动机/1月13日课件（元胞自动机）/程序/新建文件夹/compute_output.m,6.数学建模模型算法大全,仿真与随机模型,source-code,MATLAB,.m,0.12,normal,9aca18c4e481770651c26a9b6f1b74cbfd0f1433d0c2f27be9bdcf3f50822046,DUP-0003
6.数学建模模型算法大全/元胞自动机/1月13日课件（元胞自动机）/程序/新建文件夹/compute_wait.m,6.数学建模模型算法大全,仿真与随机模型,source-code,MATLAB,.m,0.13,normal,c81807a425590771bf657609a0622b5933cc32e6d8fc2b935aa3d30219376e2c,DUP-0004
6.数学建模模型算法大全/元胞自动机/1月13日课件（元胞自动机）/程序/新建文件夹/create_entry.m,6.数学建模模型算法大全,仿真与随机模型,source-code,MATLAB,.m,0.51,normal,fcdb894b6098cb7de6dbd3de2f712ce511809dbb6b0fa906591650a43a4e0eea,DUP-0005
6.数学建模模型算法大全/元胞自动机/1月13日课件（元胞自动机）/程序/新建文件夹/create_plaza.m,6.数学建模模型算法大全,仿真与随机模型,source-code,MATLAB,.m,0.92,normal,3badff0aee692227a10fcc571c375ffb6449b054dd40049991dda05cf6b194b2,DUP-0006
6.数学建模模型算法大全/元胞自动机/1月13日课件（元胞自动机）/程序/新建文件夹/move_forward.m,6.数学建模模型算法大全,仿真与随机模型,source-code,MATLAB,.m,1.19,normal,16b5ae47abc96ab45559e19fbc6c5bcd7b711f2d6cd85ceaed489ab266df0854,DUP-0007
6.数学建模模型算法大全/元胞自动机/1月13日课件（元胞自动机）/程序/新建文件夹/new_cars.m,6.数学建模模型算法大全,仿真与随机模型,source-code,MATLAB,.m,0.25,normal,e2dd245d8b136ede719b6c8099ed161dd4a36ab730a2e553e6a60684f31b717f,DUP-0008
6.数学建模模型算法大全/元胞自动机/1月13日课件（元胞自动机）/程序/新建文件夹/switch_lanes.m,6.数学建模模型算法大全,仿真与随机模型,source-code,MATLAB,.m,1.08,normal,78fd6854688bd150afa33a0e162eac1ee39c8f79ac48f131e6ce8784c9be5f52,DUP-0009
6.数学建模模型算法大全/元胞自动机/元胞自动机/1月13日课件（元胞自动机）/程序/calife.m,6.数学建模模型算法大全,仿真与随机模型,source-code,MATLAB,.m,2.17,normal,a83afc6b7294413541e6455987490c9efedd6135ded90ef2ad5263778a6cb5bb,DUP-0011
6.数学建模模型算法大全/元胞自动机/元胞自动机/1月13日课件（元胞自动机）/程序/forest.m,6.数学建模模型算法大全,仿真与随机模型,source-code,MATLAB,.m,0.94,normal,a4906d30c69a5d4538a0c5f454e245ce451ba52c1f34fe81e9c6e6733825539d,
6.数学建模模型算法大全/元胞自动机/元胞自动机/1月13日课件（元胞自动机）/程序/The Booth Tolls for Thee/cellular.m,6.数学建模模型算法大全,仿真与随机模型,source-code,MATLAB,.m,1.44,normal,341cbfad5e8e9ec01340441520744b06206cc329d6f2091ca0e649895cdcdf19,DUP-0001
6.数学建模模型算法大全/元胞自动机/元胞自动机/1月13日课件（元胞自动机）/程序/The Booth Tolls for Thee/clear_boundary.m,6.数学建模模型算法大全,仿真与随机模型,source-code,MATLAB,.m,0.13,normal,069a9a92d89feb4dd2c1ab289256d9bdb142a2dd8d6488e3909fd9cd646fccbf,DUP-0002
6.数学建模模型算法大全/元胞自动机/元胞自动机/1月13日课件（元胞自动机）/程序/The Booth Tolls for Thee/compute_output.m,6.数学建模模型算法大全,仿真与随机模型,source-code,MATLAB,.m,0.12,normal,9aca18c4e481770651c26a9b6f1b74cbfd0f1433d0c2f27be9bdcf3f50822046,DUP-0003
6.数学建模模型算法大全/元胞自动机/元胞自动机/1月13日课件（元胞自动机）/程序/The Booth Tolls for Thee/compute_wait.m,6.数学建模模型算法大全,仿真与随机模型,source-code,MATLAB,.m,0.13,normal,c81807a425590771bf657609a0622b5933cc32e6d8fc2b935aa3d30219376e2c,DUP-0004
6.数学建模模型算法大全/元胞自动机/元胞自动机/1月13日课件（元胞自动机）/程序/The Booth Tolls for Thee/create_entry.m,6.数学建模模型算法大全,仿真与随机模型,source-code,MATLAB,.m,0.51,normal,fcdb894b6098cb7de6dbd3de2f712ce511809dbb6b0fa906591650a43a4e0eea,DUP-0005
6.数学建模模型算法大全/元胞自动机/元胞自动机/1月13日课件（元胞自动机）/程序/The Booth Tolls for Thee/create_plaza.m,6.数学建模模型算法大全,仿真与随机模型,source-code,MATLAB,.m,0.92,normal,3badff0aee692227a10fcc571c375ffb6449b054dd40049991dda05cf6b194b2,DUP-0006
6.数学建模模型算法大全/元胞自动机/元胞自动机/1月13日课件（元胞自动机）/程序/The Booth Tolls for Thee/move_forward.m,6.数学建模模型算法大全,仿真与随机模型,source-code,MATLAB,.m,1.19,normal,16b5ae47abc96ab45559e19fbc6c5bcd7b711f2d6cd85ceaed489ab266df0854,DUP-0007
6.数学建模模型算法大全/元胞自动机/元胞自动机/1月13日课件（元胞自动机）/程序/The Booth Tolls for Thee/new_cars.m,6.数学建模模型算法大全,仿真与随机模型,source-code,MATLAB,.m,0.25,normal,e2dd245d8b136ede719b6c8099ed161dd4a36ab730a2e553e6a60684f31b717f,DUP-0008
6.数学建模模型算法大全/元胞自动机/元胞自动机/1月13日课件（元胞自动机）/程序/The Booth Tolls for Thee/switch_lanes.m,6.数学建模模型算法大全,仿真与随机模型,source-code,MATLAB,.m,1.08,normal,78fd6854688bd150afa33a0e162eac1ee39c8f79ac48f131e6ce8784c9be5f52,DUP-0009
6.数学建模模型算法大全/元胞自动机/元胞自动机/论文讲解1-15（元胞自动机实例）/cellular automata Matlab code/excitable.m,6.数学建模模型算法大全,仿真与随机模型,source-code,MATLAB,.m,1.18,normal,9867fc80fd56d34eeb8083ccddd3d107f4e62664882a6b9fa54e8ed37b05878f,
6.数学建模模型算法大全/元胞自动机/元胞自动机/论文讲解1-15（元胞自动机实例）/cellular automata Matlab code/forest.m,6.数学建模模型算法大全,仿真与随机模型,source-code,MATLAB,.m,0.78,normal,ba4647a9516eca7f8bc902bbc7de9ce5862cc877346d197b25849c6550f67eda,
6.数学建模模型算法大全/元胞自动机/元胞自动机/论文讲解1-15（元胞自动机实例）/cellular automata Matlab code/GameofLife.m,6.数学建模模型算法大全,仿真与随机模型,source-code,MATLAB,.m,0.89,normal,ef80f56639ddc5cd17e492dd7aadd1ce275b40911925114cefb62d456d03c3f6,
6.数学建模模型算法大全/元胞自动机/元胞自动机/论文讲解1-15（元胞自动机实例）/cellular automata Matlab code/gas2.m,6.数学建模模型算法大全,仿真与随机模型,source-code,MATLAB,.m,3.12,normal,b0fd0235425e3311e4b740e526d6f445cf0a017454fb687236ff88b863fc8538,
6.数学建模模型算法大全/元胞自动机/元胞自动机/论文讲解1-15（元胞自动机实例）/MatLab code/cellular.m,6.数学建模模型算法大全,仿真与随机模型,source-code,MATLAB,.m,1.25,normal,8a8c4a378dd48006909f5bb92dabfc64cf7d7ca55cb382dba61036e9dad6ec72,
6.数学建模模型算法大全/元胞自动机/元胞自动机/论文讲解1-15（元胞自动机实例）/MatLab code/clear_boundary(1).m,6.数学建模模型算法大全,仿真与随机模型,source-code,MATLAB,.m,0.13,normal,0425d860f5b5f85e2a5022f2c461a8c99be8db8f4876300660191202cab4518f,
6.数学建模模型算法大全/元胞自动机/元胞自动机/论文讲解1-15（元胞自动机实例）/MatLab code/compute_output.m,6.数学建模模型算法大全,仿真与随机模型,source-code,MATLAB,.m,0.07,normal,ed4a8960effe737cee89e054e9642a56cd71af31ea58922cf472639a7ef74398,
6.数学建模模型算法大全/元胞自动机/元胞自动机/论文讲解1-15（元胞自动机实例）/MatLab code/compute_wait.m,6.数学建模模型算法大全,仿真与随机模型,source-code,MATLAB,.m,0.06,normal,6c71012fc482097d78576fd2f945a847b3f752e00155b112d6d08b82d87d06d1,
6.数学建模模型算法大全/元胞自动机/元胞自动机/论文讲解1-15（元胞自动机实例）/MatLab code/create_entry.m,6.数学建模模型算法大全,仿真与随机模型,source-code,MATLAB,.m,0.51,normal,0940eb3d95b4e681724907dd1a3af5dac51df3705e6435436c198025c0308428,
6.数学建模模型算法大全/元胞自动机/元胞自动机/论文讲解1-15（元胞自动机实例）/MatLab code/create_plaza.m,6.数学建模模型算法大全,仿真与随机模型,source-code,MATLAB,.m,0.79,normal,f28a1cc02e093c7d747cf11707186fcaecb850c39e5a0ccf0cd8b51a9a88dd64,
6.数学建模模型算法大全/元胞自动机/元胞自动机/论文讲解1-15（元胞自动机实例）/MatLab code/move_forward.m,6.数学建模模型算法大全,仿真与随机模型,source-code,MATLAB,.m,1.01,normal,646cee65b077f57385dd56a7ab29e22de45938b4ab78c9f29bec869bda3a6d0a,
6.数学建模模型算法大全/元胞自动机/元胞自动机/论文讲解1-15（元胞自动机实例）/MatLab code/new_cars.m,6.数学建模模型算法大全,仿真与随机模型,source-code,MATLAB,.m,0.33,normal,40993ed9babedf6488730284681659e53d372d93f62d0b8e9737897ad128d220,
6.数学建模模型算法大全/元胞自动机/元胞自动机/论文讲解1-15（元胞自动机实例）/MatLab code/show_plaza.m,6.数学建模模型算法大全,仿真与随机模型,source-code,MATLAB,.m,0.83,normal,db41189c7c4323f6b52688fd1ee7ad59ff8bf8937441ced98cf6e41bafd0a56d,
6.数学建模模型算法大全/元胞自动机/元胞自动机/论文讲解1-15（元胞自动机实例）/MatLab code/switch_lanes.m,6.数学建模模型算法大全,仿真与随机模型,source-code,MATLAB,.m,1.08,normal,c7c104033d8128b6e8cf793c76e61b0a0dbeff64e9cdc8211ae6c0914500051f,
6.数学建模模型算法大全/元胞自动机/元胞自动机程序.txt,6.数学建模模型算法大全,仿真与随机模型,source-code,MATLAB,.txt,17.69,normal,e730d380e9996c6fdb246b5ed85b30c22f64385e8d7a4c99cddb4fe3110c46c3,
6.数学建模模型算法大全/司守奎数学建模算法课件/ZUIXIAOFEI/floydpath.m,6.数学建模模型算法大全,图论与排队,source-code,MATLAB,.m,0.45,normal,a8cc013f5de6915302e69fee5b88474fe181d7013acbb41fb6a3c8fb03e29ddd,
6.数学建模模型算法大全/司守奎数学建模算法课件/ZUIXIAOFEI/mainexample19.m,6.数学建模模型算法大全,待人工分类,source-code,MATLAB,.m,0.3,normal,d6d0f9dd6769daff6eb41cdf0c55b456c64a08842905cfdf240b2c066f5a6e39,
6.数学建模模型算法大全/司守奎数学建模算法课件/ZUIXIAOFEI/mincostmaxflow.m,6.数学建模模型算法大全,待人工分类,source-code,MATLAB,.m,0.74,normal,c14786ab7c524ae0bd43154308048a94c09f8e45d211433dc57c45955b09d090,
6.数学建模模型算法大全/司守奎数学建模算法课件/程序及数据/01第1章/anli1_1.m,6.数学建模模型算法大全,待人工分类,source-code,MATLAB,.m,0.33,normal,40fd32cf6ed302baa1660590df12c7dcdc04c02275de94dd9718f76f240ebf36,
6.数学建模模型算法大全/司守奎数学建模算法课件/程序及数据/01第1章/ex1_2.lg4,6.数学建模模型算法大全,博弈论,source-code,LINGO,.lg4,4.0,normal,56e054182249e28c480017ff236bb8e7787925e73f831e82c98a9acdec12b305,
6.数学建模模型算法大全/司守奎数学建模算法课件/程序及数据/01第1章/ex1_2.m,6.数学建模模型算法大全,待人工分类,source-code,MATLAB,.m,0.12,normal,a83c6bd2c77cd65dfeee4e8499c1a2432b535545615513f1b2a8bd68250537fb,
6.数学建模模型算法大全/司守奎数学建模算法课件/程序及数据/01第1章/ex1_3.m,6.数学建模模型算法大全,待人工分类,source-code,MATLAB,.m,0.12,normal,fe75beb8764d6170b92997db0704497c06334633cdeada20c962270287eb6bd0,
6.数学建模模型算法大全/司守奎数学建模算法课件/程序及数据/01第1章/ex1_5.lg4,6.数学建模模型算法大全,博弈论,source-code,LINGO,.lg4,4.5,normal,e7d79e40c8c3a0252b71f68b7aa6cd6539d02f1708325c5d1a3c6976b42cd8c7,
6.数学建模模型算法大全/司守奎数学建模算法课件/程序及数据/01第1章/ex1_5.m,6.数学建模模型算法大全,待人工分类,source-code,MATLAB,.m,0.25,normal,2ac2cd1428f65604d52c8e66221814a3d3487d84fe9913709c9e79023b636c1d,
6.数学建模模型算法大全/司守奎数学建模算法课件/程序及数据/02第2章/ex2_5.m,6.数学建模模型算法大全,待人工分类,source-code,MATLAB,.m,0.14,normal,a0f714a7b8bf5db47404be66a089a038a2208a6707abe3f147bc1cc58e229a3d,
6.数学建模模型算法大全/司守奎数学建模算法课件/程序及数据/02第2章/ex2_6.lg4,6.数学建模模型算法大全,博弈论,source-code,LINGO,.lg4,4.0,normal,2601ce344df1aefa6b9825aee2f7e1cc3ad6bea8b4bcca5ceb737ce93637355b,
6.数学建模模型算法大全/司守奎数学建模算法课件/程序及数据/02第2章/ex2_6.m,6.数学建模模型算法大全,待人工分类,source-code,MATLAB,.m,0.29,normal,2d1a96efae2b622b116f584f5240bfd942d23bfefd90611921802a91baa30a88,
6.数学建模模型算法大全/司守奎数学建模算法课件/程序及数据/02第2章/ex2_7.lg4,6.数学建模模型算法大全,博弈论,source-code,LINGO,.lg4,4.0,normal,112ad1c8302040fce0c3cb2cb3a312964fb90a1cab4755ed5b6852fa3d68841e,
6.数学建模模型算法大全/司守奎数学建模算法课件/程序及数据/02第2章/ex2_7.m,6.数学建模模型算法大全,待人工分类,source-code,MATLAB,.m,0.22,normal,83f6830b4b9378f532a628fa8f8c34c87623bf68bc878d4b291a815dfdac056f,
6.数学建模模型算法大全/司守奎数学建模算法课件/程序及数据/02第2章/mengte.m,6.数学建模模型算法大全,待人工分类,source-code,MATLAB,.m,0.2,normal,1f9fc1588757654c6db8ac45e86ec01f203a563b1fc76239005f98295f74ebd4,
6.数学建模模型算法大全/司守奎数学建模算法课件/程序及数据/03第3章/anli3_1.lg4,6.数学建模模型算法大全,博弈论,source-code,LINGO,.lg4,16.0,normal,f89f98f458d7adff28a3ec8008957ec53cf2b314beb78dc0f28d7f933b826068,
6.数学建模模型算法大全/司守奎数学建模算法课件/程序及数据/03第3章/anli3_1.m,6.数学建模模型算法大全,待人工分类,source-code,MATLAB,.m,0.6,normal,ce6b89b60e853f04694e4677f2680b1be5b898de10d060cf3b7596ebe3136f67,
6.数学建模模型算法大全/司守奎数学建模算法课件/程序及数据/03第3章/ex3_10.m,6.数学建模模型算法大全,待人工分类,source-code,MATLAB,.m,0.03,normal,4760aa92dac8cebe1ce541c06757fce2a7575d091f21d01e2264533ad3529483,
6.数学建模模型算法大全/司守奎数学建模算法课件/程序及数据/03第3章/ex3_11.m,6.数学建模模型算法大全,待人工分类,source-code,MATLAB,.m,0.02,normal,9b7f5ccf43a201d73606e93f87d7fcd7943dbde37950d0a50957cc19fcafd817,
6.数学建模模型算法大全/司守奎数学建模算法课件/程序及数据/03第3章/ex3_12.m,6.数学建模模型算法大全,待人工分类,source-code,MATLAB,.m,0.04,normal,501d3b0ebba05b03632062a8ee8920df94f17b6854cacdd268558e58ec359772,
6.数学建模模型算法大全/司守奎数学建模算法课件/程序及数据/03第3章/ex3_13.m,6.数学建模模型算法大全,待人工分类,source-code,MATLAB,.m,0.03,normal,b86b3027e9345ba116bc1cc09d26583518ce0688a989c1bb5349b6571424bebf,
6.数学建模模型算法大全/司守奎数学建模算法课件/程序及数据/03第3章/ex3_14.m,6.数学建模模型算法大全,待人工分类,source-code,MATLAB,.m,0.12,normal,d6dad0cc11a34077f6e6490907d18cc59fb580e728359f80def78860cbfd37cd,
6.数学建模模型算法大全/司守奎数学建模算法课件/程序及数据/03第3章/ex3_2.m,6.数学建模模型算法大全,待人工分类,source-code,MATLAB,.m,0.06,normal,d4e03ac785bd373aa62c01c31c929005e3edb9bec327d3b3356e6a8149806310,
6.数学建模模型算法大全/司守奎数学建模算法课件/程序及数据/03第3章/ex3_3.m,6.数学建模模型算法大全,待人工分类,source-code,MATLAB,.m,0.7,normal,330eda82d9443950d786e4a776b5739bf1116d0ac56a519564269b98c63a6d8a,
6.数学建模模型算法大全/司守奎数学建模算法课件/程序及数据/03第3章/ex3_4.m,6.数学建模模型算法大全,待人工分类,source-code,MATLAB,.m,0.19,normal,43c6e35d0f55f13188c067d5fafd4e3383473eefb418b53f1f67493a7e364cb2,
6.数学建模模型算法大全/司守奎数学建模算法课件/程序及数据/03第3章/ex3_5_1.m,6.数学建模模型算法大全,待人工分类,source-code,MATLAB,.m,0.08,normal,89957fa484bffa78d44907e97bcdb3f3658991375d8c2cca714a9f0b1710efbb,
6.数学建模模型算法大全/司守奎数学建模算法课件/程序及数据/03第3章/ex3_5_2.m,6.数学建模模型算法大全,待人工分类,source-code,MATLAB,.m,0.09,normal,d33173b2c01279cc5c21742e42080692531726d1e3df7be2dca45f8db0a0e4e6,
6.数学建模模型算法大全/司守奎数学建模算法课件/程序及数据/03第3章/ex3_6.m,6.数学建模模型算法大全,待人工分类,source-code,MATLAB,.m,0.03,normal,c0bef43dcb1f7b5473ac2849bfc32b82b87b65a9f74b7c94f840457f4aa6f98f,
6.数学建模模型算法大全/司守奎数学建模算法课件/程序及数据/03第3章/ex3_7_1.m,6.数学建模模型算法大全,待人工分类,source-code,MATLAB,.m,0.09,normal,371b8c7cea94638f7b266b8be830dd1d952a93f7f48080c342c44b52602872b0,
6.数学建模模型算法大全/司守奎数学建模算法课件/程序及数据/03第3章/ex3_7_2.m,6.数学建模模型算法大全,待人工分类,source-code,MATLAB,.m,0.09,normal,f3bd812a11e91408a27294e36fd6197906d32d89b9f6d4795c4010f9dea1beea,
6.数学建模模型算法大全/司守奎数学建模算法课件/程序及数据/03第3章/ex3_7_3.m,6.数学建模模型算法大全,待人工分类,source-code,MATLAB,.m,0.07,normal,9bb05da8116039dfa15c30c9d4b4a87952b318752bdefc99346ff667e79177fa,
6.数学建模模型算法大全/司守奎数学建模算法课件/程序及数据/03第3章/ex3_8_1.m,6.数学建模模型算法大全,待人工分类,source-code,MATLAB,.m,0.04,normal,cd3dc9ea05846c2fb16b0de085d26a353016a76f4864745c09a9e6b592b1dd76,
6.数学建模模型算法大全/司守奎数学建模算法课件/程序及数据/03第3章/ex3_8_2.m,6.数学建模模型算法大全,待人工分类,source-code,MATLAB,.m,0.09,normal,8e2fb9846cbe37a4675246add78681c30872a3b8da337f13a105cb3debcf9701,
6.数学建模模型算法大全/司守奎数学建模算法课件/程序及数据/03第3章/ex3_9_1.m,6.数学建模模型算法大全,待人工分类,source-code,MATLAB,.m,0.1,normal,db3c276b59bc3422171795211f9c1344c69038c3b7f3b5a4cf052276ad37eafd,
6.数学建模模型算法大全/司守奎数学建模算法课件/程序及数据/03第3章/fun1.m,6.数学建模模型算法大全,待人工分类,source-code,MATLAB,.m,0.04,normal,69c1a608a67f91bcc8a9f8714e2c31529c8dfb68c20e0b5eb8d9c77b2c21eab2,
6.数学建模模型算法大全/司守奎数学建模算法课件/程序及数据/03第3章/fun10.m,6.数学建模模型算法大全,待人工分类,source-code,MATLAB,.m,0.17,normal,cdfbb638146ce77359d4acf694e6f5276401799ef12bda222205fcb27894da51,
6.数学建模模型算法大全/司守奎数学建模算法课件/程序及数据/03第3章/fun11.m,6.数学建模模型算法大全,待人工分类,source-code,MATLAB,.m,0.13,normal,18f5c504af55bb51a7b104eace7f3c16c2381b4ef4a685e14f353337499488cc,
6.数学建模模型算法大全/司守奎数学建模算法课件/程序及数据/03第3章/fun2.m,6.数学建模模型算法大全,待人工分类,source-code,MATLAB,.m,0.14,normal,7802621be5f4f4069281db12ec97d64ab8304e2e8a90ec79834e9c672dc62806,
6.数学建模模型算法大全/司守奎数学建模算法课件/程序及数据/03第3章/fun3.m,6.数学建模模型算法大全,待人工分类,source-code,MATLAB,.m,0.14,normal,77fcab415455b32ad90a3005f2044a3efd44c856e935f5e1218b7025a826a198,
6.数学建模模型算法大全/司守奎数学建模算法课件/程序及数据/03第3章/fun4.m,6.数学建模模型算法大全,待人工分类,source-code,MATLAB,.m,0.18,normal,6d682e8bc79007fa00c185ccc6515fb511d97f495a48fe5d4051e749a178d84f,
6.数学建模模型算法大全/司守奎数学建模算法课件/程序及数据/03第3章/fun5.m,6.数学建模模型算法大全,待人工分类,source-code,MATLAB,.m,0.03,normal,f2186462499fa31a2c14b8d0f87ec1b22584b3a9bfb9366ef6aa920912cd06fc,
6.数学建模模型算法大全/司守奎数学建模算法课件/程序及数据/03第3章/fun6.m,6.数学建模模型算法大全,待人工分类,source-code,MATLAB,.m,0.03,normal,46609a4920329856fd88f511fe47c03ce9f0dd22cdd71ff88114358aeb920075,
6.数学建模模型算法大全/司守奎数学建模算法课件/程序及数据/03第3章/fun7.m,6.数学建模模型算法大全,待人工分类,source-code,MATLAB,.m,0.04,normal,eebff3444b85b3033d64fdae646c9c347da01bd59d073ee128bdfff27fc35891,
6.数学建模模型算法大全/司守奎数学建模算法课件/程序及数据/03第3章/fun8.m,6.数学建模模型算法大全,待人工分类,source-code,MATLAB,.m,0.34,normal,230bc6dd89005654324a05ffa0e300db73d18871fe358051e70f091e1fd00419,
6.数学建模模型算法大全/司守奎数学建模算法课件/程序及数据/03第3章/fun9.m,6.数学建模模型算法大全,待人工分类,source-code,MATLAB,.m,0.13,normal,511a1ab01b383c6f9dce751848b8e80d9614674e9040e9ea0f5a22664b683073,
6.数学建模模型算法大全/司守奎数学建模算法课件/程序及数据/03第3章/test1.m,6.数学建模模型算法大全,待人工分类,source-code,MATLAB,.m,0.13,normal,c0f9fe606cdff5f276138586a7f7992b8c42a57a73d3874f7c78e0e4066ab7c0,
6.数学建模模型算法大全/司守奎数学建模算法课件/程序及数据/03第3章/test2.m,6.数学建模模型算法大全,待人工分类,source-code,MATLAB,.m,0.13,normal,45416df81d9daef118d1e22370d90fdba1296fea1b04a6dc928894457e3afb8e,
6.数学建模模型算法大全/司守奎数学建模算法课件/程序及数据/03第3章/test3.m,6.数学建模模型算法大全,待人工分类,source-code,MATLAB,.m,0.11,normal,c28b394588492aaeeab9a3a3554b89dfcecc31f3e9683a03da62fa8544960027,
6.数学建模模型算法大全/司守奎数学建模算法课件/程序及数据/04第4章/anli4_1_1.lg4,6.数学建模模型算法大全,博弈论,source-code,LINGO,.lg4,10.5,normal,27385ef6e536da42aef9f34763e2b2de673e1c49754bf9199e54ed6f725916ab,
6.数学建模模型算法大全/司守奎数学建模算法课件/程序及数据/04第4章/anli4_1_2.lg4,6.数学建模模型算法大全,博弈论,source-code,LINGO,.lg4,11.0,normal,e64711ecc8d41be5abc55e16dec1033be20eca039de642a57d0fb8dd1cbe6d16,
6.数学建模模型算法大全/司守奎数学建模算法课件/程序及数据/04第4章/ex4_1.m,6.数学建模模型算法大全,待人工分类,source-code,MATLAB,.m,0.64,normal,88bcda71e2d0c05ec4204202df10d3843adcc5565bbd7952dfb7684f52ebcc3d,
6.数学建模模型算法大全/司守奎数学建模算法课件/程序及数据/04第4章/ex4_10.m,6.数学建模模型算法大全,待人工分类,source-code,MATLAB,.m,0.75,normal,120233de26e6c953f935623402a7b338d8c1d2cd87626b778198ea06fa2fb688,
6.数学建模模型算法大全/司守奎数学建模算法课件/程序及数据/04第4章/ex4_11.m,6.数学建模模型算法大全,待人工分类,source-code,MATLAB,.m,0.36,normal,207698fa9ee620430d0991320da4343ea621fae9c3dad8bec2c819e24fbebb96,
6.数学建模模型算法大全/司守奎数学建模算法课件/程序及数据/04第4章/ex4_12.m,6.数学建模模型算法大全,待人工分类,source-code,MATLAB,.m,0.5,normal,3b070788ab9cc97672ec5ebcb250fce9693b3f01a01458d2c87bff7ed45b0833,
6.数学建模模型算法大全/司守奎数学建模算法课件/程序及数据/04第4章/ex4_13.m,6.数学建模模型算法大全,待人工分类,source-code,MATLAB,.m,0.25,normal,37ee181cc769858038142b9401bcb1d2edb199a66e1565e6d8ff8abdf6608858,
6.数学建模模型算法大全/司守奎数学建模算法课件/程序及数据/04第4章/ex4_15.lg4,6.数学建模模型算法大全,博弈论,source-code,LINGO,.lg4,5.5,normal,5cb16fa4c77290232fde2c9e16f896e9aced6cd8ac50f50acb4e531ab11ad10c,
6.数学建模模型算法大全/司守奎数学建模算法课件/程序及数据/04第4章/ex4_16.lg4,6.数学建模模型算法大全,博弈论,source-code,LINGO,.lg4,4.0,normal,07e2761d06b89f6b69a123ad810e70f34b45e0844a0ce6a1cf1e04c04c4bc6ac,
6.数学建模模型算法大全/司守奎数学建模算法课件/程序及数据/04第4章/ex4_17.lg4,6.数学建模模型算法大全,博弈论,source-code,LINGO,.lg4,5.0,normal,23449aebf4d8db9edc7b6f723878ac459f3195accffdfff4254fd11e3330263d,
6.数学建模模型算法大全/司守奎数学建模算法课件/程序及数据/04第4章/ex4_18.lg4,6.数学建模模型算法大全,博弈论,source-code,LINGO,.lg4,4.0,normal,7b2c871ffbf1265b08c38fcc75850a934f0ef21cb417becdf17478c8b8e5ba60,
6.数学建模模型算法大全/司守奎数学建模算法课件/程序及数据/04第4章/ex4_19.lg4,6.数学建模模型算法大全,博弈论,source-code,LINGO,.lg4,4.0,normal,e12adc63d8ddcd5284852c3d96f2b33d912368c52e6f3474c258ca489e6a85eb,
6.数学建模模型算法大全/司守奎数学建模算法课件/程序及数据/04第4章/ex4_2.lg4,6.数学建模模型算法大全,博弈论,source-code,LINGO,.lg4,4.5,normal,f9defb032719eb4fa070bf0baee2226328cb9c0f266cb778bdc34c2645d5a59b,
6.数学建模模型算法大全/司守奎数学建模算法课件/程序及数据/04第4章/ex4_20.lg4,6.数学建模模型算法大全,博弈论,source-code,LINGO,.lg4,4.5,normal,0fdfbca56cfd918cf77ae23c2e88eeeb71b3ca7b5f38b07d69c14b667ab69d83,
6.数学建模模型算法大全/司守奎数学建模算法课件/程序及数据/04第4章/ex4_21.lg4,6.数学建模模型算法大全,博弈论,source-code,LINGO,.lg4,4.0,normal,673f7ded280b3f2dd59b83daa4840e6ad8cc2d4c665ea7e7006dba1d830c6ce9,
6.数学建模模型算法大全/司守奎数学建模算法课件/程序及数据/04第4章/ex4_3.lg4,6.数学建模模型算法大全,博弈论,source-code,LINGO,.lg4,5.0,normal,f56185e660066995b948b5e175ae46e3e5710ae8afe07195558d031de192f09d,
6.数学建模模型算法大全/司守奎数学建模算法课件/程序及数据/04第4章/ex4_4.lg4,6.数学建模模型算法大全,博弈论,source-code,LINGO,.lg4,5.5,normal,5319460b3a2e0c72f57fa83fac5448161512d4b3606027cba88212facdc6b217,
6.数学建模模型算法大全/司守奎数学建模算法课件/程序及数据/04第4章/ex4_4.m,6.数学建模模型算法大全,待人工分类,source-code,MATLAB,.m,0.46,normal,5d9b514c810e13db875d05a0ca6ccd672126b4f43f4b9606a97c0e869aaad09a,
6.数学建模模型算法大全/司守奎数学建模算法课件/程序及数据/04第4章/ex4_5.m,6.数学建模模型算法大全,待人工分类,source-code,MATLAB,.m,0.39,normal,73f0fc116469943367e6da5a3ba5722b5047533da3838637ad58a317e5ea21a1,
6.数学建模模型算法大全/司守奎数学建模算法课件/程序及数据/04第4章/ex4_6.m,6.数学建模模型算法大全,待人工分类,source-code,MATLAB,.m,0.49,normal,96b7e3eba8b297957aa2b912ab6f2fee8c4a8cf4a1d25000c1a48859ee270623,
6.数学建模模型算法大全/司守奎数学建模算法课件/程序及数据/04第4章/ex4_7_1.lg4,6.数学建模模型算法大全,博弈论,source-code,LINGO,.lg4,4.5,normal,7033fbcdb7380c38deaf115141567f463418e1adcf755e77181f073bade8e246,
6.数学建模模型算法大全/司守奎数学建模算法课件/程序及数据/04第4章/ex4_7_2.lg4,6.数学建模模型算法大全,博弈论,source-code,LINGO,.lg4,4.5,normal,a18e216e4ae2fbc0985824c777296d2102ca407f5f65cb59e17d959ab31d0421,
6.数学建模模型算法大全/司守奎数学建模算法课件/程序及数据/04第4章/ex4_8_1.lg4,6.数学建模模型算法大全,博弈论,source-code,LINGO,.lg4,4.5,normal,1f8066175a491a4e599d8430aed43c259f8c7a8dadce4af14a479c5784ef5620,
6.数学建模模型算法大全/司守奎数学建模算法课件/程序及数据/04第4章/ex4_8_2.lg4,6.数学建模模型算法大全,博弈论,source-code,LINGO,.lg4,4.5,normal,d1557b78f02e7b16daaacbb3941b604b268576752e4ca734eea8500509b79fef,
6.数学建模模型算法大全/司守奎数学建模算法课件/程序及数据/04第4章/ex4_9.m,6.数学建模模型算法大全,待人工分类,source-code,MATLAB,.m,0.46,normal,b56eb2d516a727b5bbadcc71940ae59abdb4ed274e9b9a4b3853dd2ce60120d3,
6.数学建模模型算法大全/司守奎数学建模算法课件/程序及数据/04第4章/main.m,6.数学建模模型算法大全,待人工分类,source-code,MATLAB,.m,0.89,normal,34b9185cb5f2a1fd02269a5a370f86e8b872242df6b34b75c8ef353d51d01d40,
6.数学建模模型算法大全/司守奎数学建模算法课件/程序及数据/04第4章/mydijkstra.m,6.数学建模模型算法大全,图论与排队,source-code,MATLAB,.m,1.05,normal,a043fa389e11731b2036a02cf7acc7a856fd76a431c8004362b85cab9fba76ec,
6.数学建模模型算法大全/司守奎数学建模算法课件/程序及数据/04第4章/myfloyd.m,6.数学建模模型算法大全,图论与排队,source-code,MATLAB,.m,0.64,normal,aa92ff5c00ce16e9620af1661faf279b3a67e887e7209213a5cd559a66d281b9,
6.数学建模模型算法大全/司守奎数学建模算法课件/程序及数据/05第5章/anli5_1_1.m,6.数学建模模型算法大全,待人工分类,source-code,MATLAB,.m,0.49,normal,40ef444a4fe66f1d9744aeac3d7719309a19910684154232db659699be29ab29,
6.数学建模模型算法大全/司守奎数学建模算法课件/程序及数据/05第5章/anli5_1_2.m,6.数学建模模型算法大全,待人工分类,source-code,MATLAB,.m,0.44,normal,4595122935e0305501432140646dd9927c379a3736349d59df6eb01ef6a917ac,
6.数学建模模型算法大全/司守奎数学建模算法课件/程序及数据/05第5章/anli5_1_3.m,6.数学建模模型算法大全,待人工分类,source-code,MATLAB,.m,0.36,normal,f664285fc4f7fa67c282f931eb3a5eb1ff903b62e872d6d462173bbdd4cec8d4,
6.数学建模模型算法大全/司守奎数学建模算法课件/程序及数据/05第5章/anli5_1_4.m,6.数学建模模型算法大全,待人工分类,source-code,MATLAB,.m,0.88,normal,01a6734eeb5358e3ce4f935f05f1d069efb8de5c748f4f5e73a1c5a5457018a4,
6.数学建模模型算法大全/司守奎数学建模算法课件/程序及数据/05第5章/ex5_1.m,6.数学建模模型算法大全,待人工分类,source-code,MATLAB,.m,0.59,normal,9b250b68a1b9f2a05737d9e281bd27e336edfc6f81e2034cd851fbe640560ee6,
6.数学建模模型算法大全/司守奎数学建模算法课件/程序及数据/05第5章/ex5_10.m,6.数学建模模型算法大全,待人工分类,source-code,MATLAB,.m,0.18,normal,d966d392f3f7d19644bc65e9382c695f684c12083af5dfe73c573dc872ca655f,
6.数学建模模型算法大全/司守奎数学建模算法课件/程序及数据/05第5章/ex5_11.m,6.数学建模模型算法大全,待人工分类,source-code,MATLAB,.m,0.11,normal,a69bca814d35acdc11d433bc87fe984c0da1fa2fb3cd188f9d7613d4aa7a4538,
6.数学建模模型算法大全/司守奎数学建模算法课件/程序及数据/05第5章/ex5_12.m,6.数学建模模型算法大全,待人工分类,source-code,MATLAB,.m,0.21,normal,20c374290bb143c9e2ed15e4f08b29fb306f7306c5ebf89690a7eef683d90b46,
6.数学建模模型算法大全/司守奎数学建模算法课件/程序及数据/05第5章/ex5_2.m,6.数学建模模型算法大全,待人工分类,source-code,MATLAB,.m,0.24,normal,a18acbbc337630577a2a82eb07534a5c9c7d5c57bc2a68d18669d2da6fc08120,
6.数学建模模型算法大全/司守奎数学建模算法课件/程序及数据/05第5章/ex5_3.m,6.数学建模模型算法大全,待人工分类,source-code,MATLAB,.m,0.35,normal,b0a3ff354da7a5bf8d2b50100fbe2f7e61e56e25d92bfcf75d998ecfd33ebdb2,
6.数学建模模型算法大全/司守奎数学建模算法课件/程序及数据/05第5章/ex5_4.m,6.数学建模模型算法大全,待人工分类,source-code,MATLAB,.m,0.57,normal,d3df72b7fce7d3c368efdccb74a0c914164462aa55ae0538149e763229793587,
6.数学建模模型算法大全/司守奎数学建模算法课件/程序及数据/05第5章/ex5_5.m,6.数学建模模型算法大全,待人工分类,source-code,MATLAB,.m,0.16,normal,a2ed80556ab559a3dbda85f3fcaac5f278f852f9c35af09f0cf3f95751e58f29,
6.数学建模模型算法大全/司守奎数学建模算法课件/程序及数据/05第5章/ex5_6_1.m,6.数学建模模型算法大全,待人工分类,source-code,MATLAB,.m,0.11,normal,1e2200b104515513ed311e386511aa7f111c9b62c28115c7f664abe8bf9f78fb,
6.数学建模模型算法大全/司守奎数学建模算法课件/程序及数据/05第5章/ex5_6_2.m,6.数学建模模型算法大全,待人工分类,source-code,MATLAB,.m,0.15,normal,b408ffd60e87e727fe4065f827fedbe6d0fbf794dcdf2bdfc65a5038d6c3ee6e,
6.数学建模模型算法大全/司守奎数学建模算法课件/程序及数据/05第5章/ex5_7.m,6.数学建模模型算法大全,待人工分类,source-code,MATLAB,.m,0.17,normal,215e824ae48106ac9df6abe5834ee1f6264091ea40dc45823c4bb519591d8daa,
6.数学建模模型算法大全/司守奎数学建模算法课件/程序及数据/05第5章/ex5_8.m,6.数学建模模型算法大全,待人工分类,source-code,MATLAB,.m,0.47,normal,cdb66fcfec3654d62123d7f5f8871dcbd80c74128e4581685d8077f3dfafd50c,
6.数学建模模型算法大全/司守奎数学建模算法课件/程序及数据/05第5章/ex5_9_1.m,6.数学建模模型算法大全,待人工分类,source-code,MATLAB,.m,0.12,normal,5d3a59d08f7fcc7290f2c0f9f2c450b41d54bc93b36e9494e2fe5eac2f6efff8,
6.数学建模模型算法大全/司守奎数学建模算法课件/程序及数据/05第5章/ex5_9_2.m,6.数学建模模型算法大全,待人工分类,source-code,MATLAB,.m,0.22,normal,7cabef5af27029f89a00386fb344bc3101bb493ed4b0f12404736603e850a4a3,
6.数学建模模型算法大全/司守奎数学建模算法课件/程序及数据/05第5章/fun1.m,6.数学建模模型算法大全,待人工分类,source-code,MATLAB,.m,0.16,normal,155437d5870580078b66d2c2ad3a29fa158d59aad0282e203e437255e6c23410,
6.数学建模模型算法大全/司守奎数学建模算法课件/程序及数据/06第6章/anli6_1_1.m,6.数学建模模型算法大全,待人工分类,source-code,MATLAB,.m,0.37,normal,2a9e4b1de99b00f0fd57095181535cd28f85fcaa51cc425884b30d7fc391364b,
6.数学建模模型算法大全/司守奎数学建模算法课件/程序及数据/06第6章/anli6_1_2.m,6.数学建模模型算法大全,待人工分类,source-code,MATLAB,.m,0.21,normal,3d384bd0069afaeac0c5ede5c001125b0b6e7140e30f582f3d8612a2cae37cdb,
6.数学建模模型算法大全/司守奎数学建模算法课件/程序及数据/06第6章/anli6_1_3.m,6.数学建模模型算法大全,待人工分类,source-code,MATLAB,.m,0.21,normal,7468b62bf741f4fd63c41dae067326c015d758d40545756cb006aff9d26b315a,
6.数学建模模型算法大全/司守奎数学建模算法课件/程序及数据/06第6章/anli6_2_1.m,6.数学建模模型算法大全,待人工分类,source-code,MATLAB,.m,0.37,normal,cf17b8c57cf031c57df886189dd73aca57c6f2674a6ce61bb0ceebb37e9da50c,
6.数学建模模型算法大全/司守奎数学建模算法课件/程序及数据/06第6章/anli6_2_2.m,6.数学建模模型算法大全,待人工分类,source-code,MATLAB,.m,0.27,normal,72b258dbb963c62ce6d8d88dd841c3e2da25e4b9f3d9486dd23529a190eae205,
6.数学建模模型算法大全/司守奎数学建模算法课件/程序及数据/06第6章/drop.m,6.数学建模模型算法大全,待人工分类,source-code,MATLAB,.m,0.07,normal,b7b46b67344aa135f74a34c94107cec714d5360f72284a35313f4c1abd2313df,
6.数学建模模型算法大全/司守奎数学建模算法课件/程序及数据/06第6章/dropbc.m,6.数学建模模型算法大全,待人工分类,source-code,MATLAB,.m,0.05,normal,949af44d242099718e02dcade802799ad9e6e982ebcaeb3e668b0d6e38734ce7,
6.数学建模模型算法大全/司守奎数学建模算法课件/程序及数据/06第6章/dropinit.m,6.数学建模模型算法大全,待人工分类,source-code,MATLAB,.m,0.07,normal,fa0f90e357658ca18f3acaabf463af3cd24546ba552821b7436c6241af658a5c,
6.数学建模模型算法大全/司守奎数学建模算法课件/程序及数据/06第6章/ex6_1.m,6.数学建模模型算法大全,待人工分类,source-code,MATLAB,.m,0.05,normal,e3fbe0fbd87ed32279cbce2cab57d0bca5758595008b2ff766d209e01928f542,
6.数学建模模型算法大全/司守奎数学建模算法课件/程序及数据/06第6章/ex6_10.m,6.数学建模模型算法大全,待人工分类,source-code,MATLAB,.m,0.39,normal,7e030b857b27ab7b410df8290d343e342b454ed03a5a770ab395c452d5eaa8d2,
6.数学建模模型算法大全/司守奎数学建模算法课件/程序及数据/06第6章/ex6_11_1.m,6.数学建模模型算法大全,待人工分类,source-code,MATLAB,.m,0.2,normal,07bf3f8b4ab2b275039df929ec251cb58bd7ed88b51b4293f90d124d60c4a290,
6.数学建模模型算法大全/司守奎数学建模算法课件/程序及数据/06第6章/ex6_11_2.m,6.数学建模模型算法大全,待人工分类,source-code,MATLAB,.m,0.45,normal,e983b0c0d8d26fb7c7dd9a751b3d7f7bd05c8c39eaea882fc6b7d24273095c34,
6.数学建模模型算法大全/司守奎数学建模算法课件/程序及数据/06第6章/ex6_12.m,6.数学建模模型算法大全,待人工分类,source-code,MATLAB,.m,0.43,normal,d282b35ce8cf4881cc3f795054c75a81d194881f46c5b81216db106bc07bec11,
6.数学建模模型算法大全/司守奎数学建模算法课件/程序及数据/06第6章/ex6_13.m,6.数学建模模型算法大全,待人工分类,source-code,MATLAB,.m,0.67,normal,8b1ba2a56451afdf3a005758270056325ce9f5471f81c123d7f8a6bad0447acd,
6.数学建模模型算法大全/司守奎数学建模算法课件/程序及数据/06第6章/ex6_2.m,6.数学建模模型算法大全,待人工分类,source-code,MATLAB,.m,0.05,normal,f5667824893058c4e3b28dd660ed535f5db124bf0e365d6ab2f3b46659b3e71e,
6.数学建模模型算法大全/司守奎数学建模算法课件/程序及数据/06第6章/ex6_3.m,6.数学建模模型算法大全,待人工分类,source-code,MATLAB,.m,0.16,normal,82ac1327e501a419774ea0bc75e39a14dde1bc08d271f9e5f8acd522aec922cd,
6.数学建模模型算法大全/司守奎数学建模算法课件/程序及数据/06第6章/ex6_4.m,6.数学建模模型算法大全,待人工分类,source-code,MATLAB,.m,0.07,normal,3835b15ee599aa7f7ef41de7f1d0c7c842ed76d10def738a077b9f39ae00bb6b,
6.数学建模模型算法大全/司守奎数学建模算法课件/程序及数据/06第6章/ex6_5.m,6.数学建模模型算法大全,待人工分类,source-code,MATLAB,.m,0.23,normal,4e6ae89001705a743ea73e55e170abe49c12c5d33dc2987bfb60db5b11d5db63,
6.数学建模模型算法大全/司守奎数学建模算法课件/程序及数据/06第6章/ex6_6.m,6.数学建模模型算法大全,待人工分类,source-code,MATLAB,.m,0.09,normal,4484c6e67a318ea80fd6a999660dcb39ef66e2753bd0db71752e2333514a2c3d,
6.数学建模模型算法大全/司守奎数学建模算法课件/程序及数据/06第6章/ex6_7.m,6.数学建模模型算法大全,待人工分类,source-code,MATLAB,.m,0.07,normal,0aed54afaefe818efffd86db286e4f0f837d5cdb45d419f929d4fe80814705b3,
6.数学建模模型算法大全/司守奎数学建模算法课件/程序及数据/06第6章/ex6_8.m,6.数学建模模型算法大全,待人工分类,source-code,MATLAB,.m,0.03,normal,ca8e8bd3cc7ee3899bd27c76c37eb6a8998b6b3257b2463c59cfabc00be8b576,
6.数学建模模型算法大全/司守奎数学建模算法课件/程序及数据/06第6章/ex6_9.m,6.数学建模模型算法大全,待人工分类,source-code,MATLAB,.m,0.21,normal,1db7888163707d333b98ed36f660c3c37b2659b64686451110f4363c85bf0201,
6.数学建模模型算法大全/司守奎数学建模算法课件/程序及数据/06第6章/example11.m,6.数学建模模型算法大全,待人工分类,source-code,MATLAB,.m,0.42,normal,ae0011787d3f79b230ab3e9a1d509793b25e421e34cb0536e733064a683ceb2c,
6.数学建模模型算法大全/司守奎数学建模算法课件/程序及数据/06第6章/F.m,6.数学建模模型算法大全,待人工分类,source-code,MATLAB,.m,0.05,normal,6a301e82ad237332ae24e61ac013740b0c0509da79f98041aa345af6d1939dc0,
6.数学建模模型算法大全/司守奎数学建模算法课件/程序及数据/07第7章/ex7_10.lg4,6.数学建模模型算法大全,博弈论,source-code,LINGO,.lg4,5.0,normal,1b931b7127f6f5b6d905eb32ad7d09f82e1e79176e2c2a5a383398ca52739861,
6.数学建模模型算法大全/司守奎数学建模算法课件/程序及数据/07第7章/ex7_3_1.lg4,6.数学建模模型算法大全,博弈论,source-code,LINGO,.lg4,4.0,normal,8294a97f108df3d5af4eb4f5ea367f5b630425fdfa7f2ad298fad68839697cb9,
6.数学建模模型算法大全/司守奎数学建模算法课件/程序及数据/07第7章/ex7_3_2.lg4,6.数学建模模型算法大全,博弈论,source-code,LINGO,.lg4,4.5,normal,49cf2138c60eeda0e45e10cfd333661e776541bff93442389f8986ae92d42b5a,
6.数学建模模型算法大全/司守奎数学建模算法课件/程序及数据/07第7章/ex7_3_3.lg4,6.数学建模模型算法大全,博弈论,source-code,LINGO,.lg4,4.5,normal,ee8d58615e3022e6813d2bb2ae0effe07eb47aa978f4b7e80e0c7edca4c026c1,
6.数学建模模型算法大全/司守奎数学建模算法课件/程序及数据/07第7章/ex7_4.lg4,6.数学建模模型算法大全,博弈论,source-code,LINGO,.lg4,4.5,normal,c33592750089f5475ef6b3719c6289f9ab87b6071a53690c5f79827a25321257,
6.数学建模模型算法大全/司守奎数学建模算法课件/程序及数据/07第7章/ex7_5_1.m,6.数学建模模型算法大全,待人工分类,source-code,MATLAB,.m,0.39,normal,ec091efe5c37993765ca84b211b871c10899dd12426da62bbff38b07240441e0,
6.数学建模模型算法大全/司守奎数学建模算法课件/程序及数据/07第7章/ex7_5_2.m,6.数学建模模型算法大全,待人工分类,source-code,MATLAB,.m,0.41,normal,e223e1dcc2ce5bc9193fffb5b7325539f1dc62268b29505ec5c96543184dbdca,
6.数学建模模型算法大全/司守奎数学建模算法课件/程序及数据/07第7章/ex7_6.lg4,6.数学建模模型算法大全,博弈论,source-code,LINGO,.lg4,4.5,normal,667cf95d1f3187af19c142adda31aae4a9a761f5908505691207990ca2d3bab8,
6.数学建模模型算法大全/司守奎数学建模算法课件/程序及数据/07第7章/ex7_7_1.lg4,6.数学建模模型算法大全,博弈论,source-code,LINGO,.lg4,4.0,normal,19ef6bc2e4ede19dff4c5a1e9820e65757dfbfc76fc05f2a38c934ef06b72a6d,
6.数学建模模型算法大全/司守奎数学建模算法课件/程序及数据/07第7章/ex7_7_2.lg4,6.数学建模模型算法大全,博弈论,source-code,LINGO,.lg4,5.0,normal,d702c6c7a23d77f769217d75b6fff738833fe6e39638913f7ba8f8729c2aa1ad,
6.数学建模模型算法大全/司守奎数学建模算法课件/程序及数据/07第7章/ex7_8.lg4,6.数学建模模型算法大全,博弈论,source-code,LINGO,.lg4,4.5,normal,6b315dd22c36a418f64649d89138fe3d97c738475da9dee1c642d1e291f6869b,
6.数学建模模型算法大全/司守奎数学建模算法课件/程序及数据/07第7章/Fun.m,6.数学建模模型算法大全,待人工分类,source-code,MATLAB,.m,0.07,normal,e1914d5d8eaa462d721c6c22067e93ff3277cae2c56b1beea70b372d4368e15d,
6.数学建模模型算法大全/司守奎数学建模算法课件/程序及数据/08第8章/ex8_1.m,6.数学建模模型算法大全,待人工分类,source-code,MATLAB,.m,0.45,normal,0ecfe1989841f9f45577d80148fbb2cd67e5f7f4b03f81b774bf0da56971464c,
6.数学建模模型算法大全/司守奎数学建模算法课件/程序及数据/08第8章/ex8_10.m,6.数学建模模型算法大全,待人工分类,source-code,MATLAB,.m,0.17,normal,8715601386d519a96b7524892e2aaad9c22c35f72a0098360b10fd9255bd54ba,
6.数学建模模型算法大全/司守奎数学建模算法课件/程序及数据/08第8章/ex8_11.m,6.数学建模模型算法大全,待人工分类,source-code,MATLAB,.m,0.68,normal,97cb642d5fdbdbf1209715c0c09150cd01d8195db6d2262dcbde2d0f20bf93cc,
6.数学建模模型算法大全/司守奎数学建模算法课件/程序及数据/08第8章/ex8_12.m,6.数学建模模型算法大全,待人工分类,source-code,MATLAB,.m,0.33,normal,c481decfd74d4068a9f7d3746c34c8580aecfaf60dec1007b88e5d19b58455a5,
6.数学建模模型算法大全/司守奎数学建模算法课件/程序及数据/08第8章/ex8_13.m,6.数学建模模型算法大全,待人工分类,source-code,MATLAB,.m,0.18,normal,2ad19a147053f97237bd37ec46db32ac4fd82c3010069c1b195057423e23abe1,
6.数学建模模型算法大全/司守奎数学建模算法课件/程序及数据/08第8章/ex8_14.m,6.数学建模模型算法大全,待人工分类,source-code,MATLAB,.m,0.06,normal,74f5e305685cca17538e8d3f1e1ff5e477233a75e60a7d352fa39c7c029e3573,
6.数学建模模型算法大全/司守奎数学建模算法课件/程序及数据/08第8章/ex8_15_1.m,6.数学建模模型算法大全,待人工分类,source-code,MATLAB,.m,1.0,normal,ad4e12f0ef1720426603bf7b04c823442c336b4c97e3b71e64f179d0da72295f,
6.数学建模模型算法大全/司守奎数学建模算法课件/程序及数据/08第8章/ex8_15_2.m,6.数学建模模型算法大全,待人工分类,source-code,MATLAB,.m,0.42,normal,4ca690bc37b51b08d6f49986ef37caef3a9796e61d9adce4a24a8a55e5ea78ad,
6.数学建模模型算法大全/司守奎数学建模算法课件/程序及数据/08第8章/ex8_16.m,6.数学建模模型算法大全,待人工分类,source-code,MATLAB,.m,1.06,normal,9d37c176cadbe65a89ff5b449eb4501880cffcbc61df20b184a2bd31a1f62c31,
6.数学建模模型算法大全/司守奎数学建模算法课件/程序及数据/08第8章/ex8_2.m,6.数学建模模型算法大全,待人工分类,source-code,MATLAB,.m,0.4,normal,28543ce6a6035bdbad2ca946587e88f327aaf40ea1ead4c69459ca5d37babbc2,
6.数学建模模型算法大全/司守奎数学建模算法课件/程序及数据/08第8章/ex8_3.m,6.数学建模模型算法大全,待人工分类,source-code,MATLAB,.m,0.59,normal,a3a2cfbbcb6fcf27f78f68b165ca99f7e10947557e19057c09fa8e4c26c68930,
6.数学建模模型算法大全/司守奎数学建模算法课件/程序及数据/08第8章/ex8_4.m,6.数学建模模型算法大全,待人工分类,source-code,MATLAB,.m,0.86,normal,dbb7d0c6b2233cf72b626e487be781ec5f83197be61e840d660feee4e3929036,
6.数学建模模型算法大全/司守奎数学建模算法课件/程序及数据/08第8章/ex8_5.m,6.数学建模模型算法大全,待人工分类,source-code,MATLAB,.m,0.44,normal,7049198e81c09473d7b8ddc9a4ad7ef494333eced83ec3ec5e30b803d3538932,
6.数学建模模型算法大全/司守奎数学建模算法课件/程序及数据/08第8章/ex8_6.m,6.数学建模模型算法大全,待人工分类,source-code,MATLAB,.m,0.37,normal,1b53f53bc8e7499bcff95340c9829083baab5e19c2b3f2a11555758adac936e0,
6.数学建模模型算法大全/司守奎数学建模算法课件/程序及数据/08第8章/ex8_7.m,6.数学建模模型算法大全,待人工分类,source-code,MATLAB,.m,0.68,normal,73c38fea171eb9415b96c51185a57abff420f2e1ae9137269753faa56b5cff70,
6.数学建模模型算法大全/司守奎数学建模算法课件/程序及数据/08第8章/ex8_8.m,6.数学建模模型算法大全,待人工分类,source-code,MATLAB,.m,0.21,normal,3d64f475ffef08b9fe943bd9e3ceee537370d1c1fbc24b90c8936358bbde3967,
6.数学建模模型算法大全/司守奎数学建模算法课件/程序及数据/08第8章/ex8_9.m,6.数学建模模型算法大全,待人工分类,source-code,MATLAB,.m,0.3,normal,3b3c52f2142e8a9ad24e224abeb0062512b87d432080a5c0fe02ef363f9d638f,
6.数学建模模型算法大全/司守奎数学建模算法课件/程序及数据/09第9章/anli9_1.m,6.数学建模模型算法大全,待人工分类,source-code,MATLAB,.m,1.23,normal,fe00d8399ceec5eb381788a978ef4e4fc328eebe11edc80500e0004b68148017,
6.数学建模模型算法大全/司守奎数学建模算法课件/程序及数据/09第9章/ex9_1.m,6.数学建模模型算法大全,待人工分类,source-code,MATLAB,.m,0.72,normal,84c4ddceb4d2f821882472ef235bef4e79bada607141a9ae2b48e92c5121c2d9,
6.数学建模模型算法大全/司守奎数学建模算法课件/程序及数据/10第10章/anli10_1_1.m,6.数学建模模型算法大全,待人工分类,source-code,MATLAB,.m,0.45,normal,d58df98414d32a75a4fabce16bba26ece2612e277f4b90030707b15cdc1c5c7b,
6.数学建模模型算法大全/司守奎数学建模算法课件/程序及数据/10第10章/anli10_1_2.m,6.数学建模模型算法大全,待人工分类,source-code,MATLAB,.m,0.71,normal,cbe0ec88080ff6bfdda1b5cd392316274456b365a35c2e279b2d924057d27b1d,
6.数学建模模型算法大全/司守奎数学建模算法课件/程序及数据/10第10章/anli10_2.m,6.数学建模模型算法大全,待人工分类,source-code,MATLAB,.m,0.6,normal,3270d50a955bfcc17d40a0bd00ca13d447b83791b92d6c4b9e72a4b5c3cd026f,
6.数学建模模型算法大全/司守奎数学建模算法课件/程序及数据/10第10章/anli10_3.m,6.数学建模模型算法大全,待人工分类,source-code,MATLAB,.m,1.29,normal,1bbfd0789c6f1c872554d45ed2a397c863d40c11beccf407b5c2d7f064385123,
6.数学建模模型算法大全/司守奎数学建模算法课件/程序及数据/10第10章/anli10_4_1.m,6.数学建模模型算法大全,待人工分类,source-code,MATLAB,.m,0.73,normal,fed85b9a8e1c4caabd66e7419dc5999d934d18984cdd13d459b8d6285e39757e,
6.数学建模模型算法大全/司守奎数学建模算法课件/程序及数据/10第10章/anli10_4_2.m,6.数学建模模型算法大全,待人工分类,source-code,MATLAB,.m,0.36,normal,c19b080c0d06a68d3dc161e718d3f388e590a4ff24cb372b26cdea5383d70a08,
6.数学建模模型算法大全/司守奎数学建模算法课件/程序及数据/10第10章/anli10_5.m,6.数学建模模型算法大全,待人工分类,source-code,MATLAB,.m,2.4,normal,96bf6edda3c906ef5cb6fe159da8f6f9b7be1c20184781589b794f18cc04a491,
6.数学建模模型算法大全/司守奎数学建模算法课件/程序及数据/10第10章/anli10_6.m,6.数学建模模型算法大全,待人工分类,source-code,MATLAB,.m,1.3,normal,5b86ee0c736a632350008f241454e81f0f27ec9ff527afc5d62d2d5d9fb17a58,
6.数学建模模型算法大全/司守奎数学建模算法课件/程序及数据/10第10章/anli10_7.m,6.数学建模模型算法大全,待人工分类,source-code,MATLAB,.m,1.79,normal,d97ff1cbc4174d512dbb316b8506c52a8e0283c0a23ccc3c192c199b1dda8a31,
6.数学建模模型算法大全/司守奎数学建模算法课件/程序及数据/10第10章/ex10_10.m,6.数学建模模型算法大全,待人工分类,source-code,MATLAB,.m,0.52,normal,2fbb4cd22c67e96b8a632516ebed3dfe90aeb7b44ac8e1e359343157e64c0514,
6.数学建模模型算法大全/司守奎数学建模算法课件/程序及数据/10第10章/ex10_11.m,6.数学建模模型算法大全,待人工分类,source-code,MATLAB,.m,0.68,normal,34e482df3614c4a6b87885ef16c208644eb2ba629fb8ab6cd17eb8dcbbbacd2e,
6.数学建模模型算法大全/司守奎数学建模算法课件/程序及数据/10第10章/ex10_12.m,6.数学建模模型算法大全,待人工分类,source-code,MATLAB,.m,0.14,normal,9c87e94651a07e9daeb98ddb06e22add2cc7366d54c7ee1b380b4633a6432063,
6.数学建模模型算法大全/司守奎数学建模算法课件/程序及数据/10第10章/ex10_13.m,6.数学建模模型算法大全,待人工分类,source-code,MATLAB,.m,0.58,normal,822a8eeb349942317cea64ecf115be9db3101895d583ba61c58ee299f710fe2c,
6.数学建模模型算法大全/司守奎数学建模算法课件/程序及数据/10第10章/ex10_14.m,6.数学建模模型算法大全,待人工分类,source-code,MATLAB,.m,0.7,normal,0979a8bcfdfaeef9e98438fab5725002ff238e33a240c98416e48e88a9a3bc24,
6.数学建模模型算法大全/司守奎数学建模算法课件/程序及数据/10第10章/ex10_15_1.m,6.数学建模模型算法大全,待人工分类,source-code,MATLAB,.m,0.72,normal,62b13089f01eb6feb230939b4e15b563d472e5842d2d643a28893ca39b0c10e7,
6.数学建模模型算法大全/司守奎数学建模算法课件/程序及数据/10第10章/ex10_15_2.m,6.数学建模模型算法大全,待人工分类,source-code,MATLAB,.m,0.78,normal,8c5951bdfb6c6736847906830afd4e52b460c0c8da1654619ebe3b4d1aaa2668,
6.数学建模模型算法大全/司守奎数学建模算法课件/程序及数据/10第10章/ex10_15_3.m,6.数学建模模型算法大全,待人工分类,source-code,MATLAB,.m,0.57,normal,447e5de9651c8d94d72bd970ca4546dd145be4d9ef4cef88b8aef39858443beb,
6.数学建模模型算法大全/司守奎数学建模算法课件/程序及数据/10第10章/ex10_16.m,6.数学建模模型算法大全,待人工分类,source-code,MATLAB,.m,0.47,normal,5a3d3ad9db460950ac6f3454c985b9b2d70b1238d9142a27036e3aa53ff82d5e,
6.数学建模模型算法大全/司守奎数学建模算法课件/程序及数据/10第10章/ex10_17.m,6.数学建模模型算法大全,待人工分类,source-code,MATLAB,.m,1.39,normal,64e571c613869098372085378c2bde6cc889c19b3ff0ad5d596220b60a5e0135,
6.数学建模模型算法大全/司守奎数学建模算法课件/程序及数据/10第10章/ex10_18.m,6.数学建模模型算法大全,待人工分类,source-code,MATLAB,.m,1.74,normal,fbdce58a5138c3506a96f256bf635e7a81f69cd20910d9aa8ca5bd8d4ae43c21,
6.数学建模模型算法大全/司守奎数学建模算法课件/程序及数据/10第10章/ex10_1_1.m,6.数学建模模型算法大全,待人工分类,source-code,MATLAB,.m,0.59,normal,cdcb0a0a1acc10cc8a8cc4632840b5fe9fac0d05e15382636a1fd9d345ee7708,
6.数学建模模型算法大全/司守奎数学建模算法课件/程序及数据/10第10章/ex10_1_2.m,6.数学建模模型算法大全,待人工分类,source-code,MATLAB,.m,0.38,normal,9eb98303fc2117d33ed6fb1a5bd04d2b466fbedced4a4b66ffebf8d8c3e968a5,
6.数学建模模型算法大全/司守奎数学建模算法课件/程序及数据/10第10章/ex10_2.m,6.数学建模模型算法大全,待人工分类,source-code,MATLAB,.m,0.47,normal,4885caac2c854d9ec7b3e977b31ab9ce5e1ee08cf6077112a71428bfd367a57f,
6.数学建模模型算法大全/司守奎数学建模算法课件/程序及数据/10第10章/ex10_20.m,6.数学建模模型算法大全,待人工分类,source-code,MATLAB,.m,1.27,normal,9ef8ba9144be0f0eb9550fc1a83bc36291f86860752449feb90ffe63b74b83d7,
6.数学建模模型算法大全/司守奎数学建模算法课件/程序及数据/10第10章/ex10_21.m,6.数学建模模型算法大全,待人工分类,source-code,MATLAB,.m,0.49,normal,56b16fb48b8246f536ae4dab560e5920e8db2f2fa6c6f0a9627d4a0a4e536889,
6.数学建模模型算法大全/司守奎数学建模算法课件/程序及数据/10第10章/ex10_5.m,6.数学建模模型算法大全,待人工分类,source-code,MATLAB,.m,1.59,normal,92cbd2e79d31a9870949d83dcad4a524afffca23761608417b46b5fb85843f68,
6.数学建模模型算法大全/司守奎数学建模算法课件/程序及数据/10第10章/ex10_9.m,6.数学建模模型算法大全,待人工分类,source-code,MATLAB,.m,0.83,normal,cff048d3ddd2a8d385f51c3bd0cc179381e5ceacf5be736b0010faca8cf803c7,
6.数学建模模型算法大全/司守奎数学建模算法课件/程序及数据/11第11章/ex11_1.m,6.数学建模模型算法大全,待人工分类,source-code,MATLAB,.m,1.33,normal,1c93071ebb575734607bc5fac02817960d2e415029d7f34c2b7d1b75723201d4,
6.数学建模模型算法大全/司守奎数学建模算法课件/程序及数据/11第11章/ex11_2.m,6.数学建模模型算法大全,待人工分类,source-code,MATLAB,.m,0.55,normal,cd630a4d35f8d4c5937144302a084da0416946b6dccec8a23063ddce0e91cb50,
6.数学建模模型算法大全/司守奎数学建模算法课件/程序及数据/12第12章/anli12_1.m,6.数学建模模型算法大全,待人工分类,source-code,MATLAB,.m,1.25,normal,b22c2ffc23fb4fd4ccdc1cc3a9291b3aaa17d2132fb27c2e2c09380c34ef075e,
6.数学建模模型算法大全/司守奎数学建模算法课件/程序及数据/12第12章/anli12_2.m,6.数学建模模型算法大全,待人工分类,source-code,MATLAB,.m,2.16,normal,b7445300b280dfafdada056590ae4b4bbd62d5b8509442d495eee2b2865980fd,
6.数学建模模型算法大全/司守奎数学建模算法课件/程序及数据/12第12章/anli12_3.m,6.数学建模模型算法大全,待人工分类,source-code,MATLAB,.m,2.33,normal,3cbc6b7401c73617ba3a512a7831edf58b3578675f11b4c938afce3620281005,
6.数学建模模型算法大全/司守奎数学建模算法课件/程序及数据/12第12章/ex12_1.m,6.数学建模模型算法大全,待人工分类,source-code,MATLAB,.m,0.09,normal,e39fe8cbe1f006d5b9892fca3c466b6da507e29fc92eb3b9d15e6c4ef3a57c3f,
6.数学建模模型算法大全/司守奎数学建模算法课件/程序及数据/12第12章/ex12_3.m,6.数学建模模型算法大全,待人工分类,source-code,MATLAB,.m,0.41,normal,9178c6251aab2363b06f5e7594528dc56e0855f2c9ed8dfde076697fe9442789,
6.数学建模模型算法大全/司守奎数学建模算法课件/程序及数据/12第12章/huaxue.m,6.数学建模模型算法大全,待人工分类,source-code,MATLAB,.m,0.12,normal,46e613be1d60233ca45ee26eb655269e0362f9752cf34d3418de73294dde84b6,
6.数学建模模型算法大全/司守奎数学建模算法课件/程序及数据/12第12章/huiguifenxi.m,6.数学建模模型算法大全,可视化与图像,source-code,MATLAB,.m,1.2,normal,876c73bdf56c609cb520909f6a58b847db1858fa1015625149b332f3c50da2e4,
6.数学建模模型算法大全/司守奎数学建模算法课件/程序及数据/12第12章/tjianyan.m,6.数学建模模型算法大全,待人工分类,source-code,MATLAB,.m,0.16,normal,41aa4e868a57e285df39c1bad6bfda05f6c48458c97303cf31a6e31883b6bb65,
6.数学建模模型算法大全/司守奎数学建模算法课件/程序及数据/12第12章/ycfun1.m,6.数学建模模型算法大全,待人工分类,source-code,MATLAB,.m,0.09,normal,ade814fbe03c925adaed1e5121671119135e24838fdb4f7595509f5c9cdf3aca,
6.数学建模模型算法大全/司守奎数学建模算法课件/程序及数据/12第12章/ycfun2.m,6.数学建模模型算法大全,待人工分类,source-code,MATLAB,.m,0.15,normal,51b932e9efb9abc6981a9cbfe0274458e4d906ef24c5829bb68e02a2a84e8aab,
6.数学建模模型算法大全/司守奎数学建模算法课件/程序及数据/12第12章/yucezhixinqujian.m,6.数学建模模型算法大全,待人工分类,source-code,MATLAB,.m,0.96,normal,9e2a44fef40e199e1828c126eafd0302aed552c77a373bfecc2a7978a0811dd4,
6.数学建模模型算法大全/司守奎数学建模算法课件/程序及数据/13第13章/anli13_1.m,6.数学建模模型算法大全,待人工分类,source-code,MATLAB,.m,1.05,normal,74e6360728375fb8a3e8628c97d9a081cb7a3da76f188695a95f64e50539d91a,
6.数学建模模型算法大全/司守奎数学建模算法课件/程序及数据/13第13章/DCT_BASIC_FUNCTION.m,6.数学建模模型算法大全,待人工分类,source-code,MATLAB,.m,0.31,normal,11b4ca79bccac1245c67ce2b7f1f5d49ff9f08ea09700b46d1c3e50a1726a74d,
6.数学建模模型算法大全/司守奎数学建模算法课件/程序及数据/13第13章/ex13_1.m,6.数学建模模型算法大全,待人工分类,source-code,MATLAB,.m,0.15,normal,2d406a1682a49422cb8fac547c4ad6ec6ade4ea8ed86133250e439f84b6422af,
6.数学建模模型算法大全/司守奎数学建模算法课件/程序及数据/13第13章/ex13_2.m,6.数学建模模型算法大全,待人工分类,source-code,MATLAB,.m,0.41,normal,328589607718e7c030993ce1373bae6c2d7c46469bfd41f2ccadef931227bb35,
6.数学建模模型算法大全/司守奎数学建模算法课件/程序及数据/13第13章/ex13_3.m,6.数学建模模型算法大全,待人工分类,source-code,MATLAB,.m,0.25,normal,f8a3d17f4f444eaa66efba4b2cd1afc94aca3584597bcd33db491cbc4ee3af6f,
6.数学建模模型算法大全/司守奎数学建模算法课件/程序及数据/13第13章/ex13_4.m,6.数学建模模型算法大全,待人工分类,source-code,MATLAB,.m,0.58,normal,07bd695fc05cc04de90d6c07013340961e71b2db769ebc94c49d7fb50b095b21,
6.数学建模模型算法大全/司守奎数学建模算法课件/程序及数据/13第13章/ex13_5.m,6.数学建模模型算法大全,待人工分类,source-code,MATLAB,.m,0.74,normal,485e0df17a8a1923f2d936dae2a8c6fedd467103e46f006a6b5e91675bacd383,
6.数学建模模型算法大全/司守奎数学建模算法课件/程序及数据/13第13章/ex13_6.m,6.数学建模模型算法大全,待人工分类,source-code,MATLAB,.m,0.39,normal,4308f5b8184c442e6df74e75e1a1ee0cf6221783d80e4ecd1c4cf86ab95f91f6,
6.数学建模模型算法大全/司守奎数学建模算法课件/程序及数据/13第13章/ex13_7.m,6.数学建模模型算法大全,待人工分类,source-code,MATLAB,.m,0.62,normal,ec3edfba139b77703b8843e473ae0e6aa81e727eda04f6e73142f25145d9fc42,
6.数学建模模型算法大全/司守奎数学建模算法课件/程序及数据/13第13章/ex13_8.m,6.数学建模模型算法大全,待人工分类,source-code,MATLAB,.m,1.35,normal,1a02217e382436243525b36f538a1866abc7806a573f72bf130a8a7ae419ef60,
6.数学建模模型算法大全/司守奎数学建模算法课件/程序及数据/13第13章/ex13_9.m,6.数学建模模型算法大全,待人工分类,source-code,MATLAB,.m,2.29,normal,cda49005ea1c54f739270219ab2d58a7c6f21a58f58f371c6a42a9cfef7e78be,
6.数学建模模型算法大全/司守奎数学建模算法课件/程序及数据/14第14章/anli14_1.m,6.数学建模模型算法大全,待人工分类,source-code,MATLAB,.m,0.56,normal,4a309ce92f95679eda422eee4f8f9b23c5db8aeb5d9c55f69dfa719a921ffc4c,
6.数学建模模型算法大全/司守奎数学建模算法课件/程序及数据/14第14章/ex14_1_1.m,6.数学建模模型算法大全,待人工分类,source-code,MATLAB,.m,0.38,normal,e13e23374981da40282ba0dea8fce6936db4a0d733677738c99963b175e64946,
6.数学建模模型算法大全/司守奎数学建模算法课件/程序及数据/14第14章/ex14_1_2.m,6.数学建模模型算法大全,待人工分类,source-code,MATLAB,.m,0.14,normal,138eaee8990e17c7e9b394ef12da391eaa38c87d9cce1dd23e31978d2d380334,
6.数学建模模型算法大全/司守奎数学建模算法课件/程序及数据/14第14章/ex14_1_3.m,6.数学建模模型算法大全,待人工分类,source-code,MATLAB,.m,0.8,normal,f8c8e0417bcfa90f17a49892d267d700fb0168af76e8e82506b1191cd734b769,
6.数学建模模型算法大全/司守奎数学建模算法课件/程序及数据/14第14章/ex14_3.m,6.数学建模模型算法大全,待人工分类,source-code,MATLAB,.m,0.32,normal,3343e95300e057409dbbf4167fc31c403351d23afd303a43ed48d550c3cb5828,
6.数学建模模型算法大全/司守奎数学建模算法课件/程序及数据/14第14章/ex14_4.lg4,6.数学建模模型算法大全,博弈论,source-code,LINGO,.lg4,5.0,normal,3069bd50eab9a2938ef75e66b3e4b9d6d769fb844aec9777593582717d2952e3,
6.数学建模模型算法大全/司守奎数学建模算法课件/程序及数据/14第14章/ex14_5.m,6.数学建模模型算法大全,待人工分类,source-code,MATLAB,.m,0.88,normal,7e2a72972841bc88181cf53d27013eac0df345491dab37b212aa5a16717c4bf2,
6.数学建模模型算法大全/司守奎数学建模算法课件/程序及数据/14第14章/ex14_6.m,6.数学建模模型算法大全,待人工分类,source-code,MATLAB,.m,0.59,normal,be5ebc85ef991256336bbeb89e959510c8f57b7b2a5d83bf99c7ae4df8e8c62c,
6.数学建模模型算法大全/司守奎数学建模算法课件/程序及数据/14第14章/ex14_7.m,6.数学建模模型算法大全,待人工分类,source-code,MATLAB,.m,0.77,normal,5456443d49527c8369dce2743dbd1e008b6f2bb33eedee309321389c824a8b34,
6.数学建模模型算法大全/司守奎数学建模算法课件/程序及数据/15第15章/anli15_1.m,6.数学建模模型算法大全,待人工分类,source-code,MATLAB,.m,0.78,normal,8031923735a44e62980302111d9c6abed6d3cadbe958a56dde51d42290de4bfe,
6.数学建模模型算法大全/司守奎数学建模算法课件/程序及数据/15第15章/anli15_2.m,6.数学建模模型算法大全,待人工分类,source-code,MATLAB,.m,0.94,normal,6256d07b8f484ba7d4bfc1597744dc3ba7f09ea9b1e7e096e244cc87e4001c76,
6.数学建模模型算法大全/司守奎数学建模算法课件/程序及数据/15第15章/anli15_3.m,6.数学建模模型算法大全,待人工分类,source-code,MATLAB,.m,0.26,normal,7794620fd7122ecb13c0c2bc8efa5dbb8f22f154b7d4d3a11cc3294c09675eaf,
6.数学建模模型算法大全/司守奎数学建模算法课件/程序及数据/15第15章/anli15_4.m,6.数学建模模型算法大全,待人工分类,source-code,MATLAB,.m,0.69,normal,9af33037db062d64e61f291c24ed8b4c46aaab44178dc44ab46736922aa7c47f,
6.数学建模模型算法大全/司守奎数学建模算法课件/程序及数据/15第15章/ex15_1.m,6.数学建模模型算法大全,待人工分类,source-code,MATLAB,.m,0.39,normal,030e23751927bcaca6787b4911c665a55cd36e3f177354e69e4cfca2212ade7c,
6.数学建模模型算法大全/司守奎数学建模算法课件/程序及数据/15第15章/ex15_10.m,6.数学建模模型算法大全,待人工分类,source-code,MATLAB,.m,0.4,normal,2d3f944594004fb36861876f33cbbea6a3fc5596c813de67746ab4e3cb7b5f39,
6.数学建模模型算法大全/司守奎数学建模算法课件/程序及数据/15第15章/ex15_11.m,6.数学建模模型算法大全,待人工分类,source-code,MATLAB,.m,0.41,normal,98ce3e300614463a011d300e58530aebaff27823459f96a70d43dcd3d238fadd,
6.数学建模模型算法大全/司守奎数学建模算法课件/程序及数据/15第15章/ex15_13_1.m,6.数学建模模型算法大全,待人工分类,source-code,MATLAB,.m,0.23,normal,ed3a60f3ad13af65d5371de15d542afc9a32ba4e8a339af712fe7889e873d5a3,
6.数学建模模型算法大全/司守奎数学建模算法课件/程序及数据/15第15章/ex15_13_2.m,6.数学建模模型算法大全,待人工分类,source-code,MATLAB,.m,0.34,normal,22c82978dd5800ff94007b304cef4e52338f72c865de86e650a617435c31e830,
6.数学建模模型算法大全/司守奎数学建模算法课件/程序及数据/15第15章/ex15_2.m,6.数学建模模型算法大全,待人工分类,source-code,MATLAB,.m,0.65,normal,6e64dc2697ce9f72fffbe310d2d7be41f1dbf74ad2bd7f0e8bf0137350c5decf,
6.数学建模模型算法大全/司守奎数学建模算法课件/程序及数据/15第15章/ex15_3.m,6.数学建模模型算法大全,待人工分类,source-code,MATLAB,.m,0.61,normal,ed809bdf3e99d958dc5c4d958b9e2bea575763da61705b4a1c3467a42cd61d71,
6.数学建模模型算法大全/司守奎数学建模算法课件/程序及数据/15第15章/ex15_4.m,6.数学建模模型算法大全,待人工分类,source-code,MATLAB,.m,0.49,normal,620bd1806f44b87c3088ff47735cb02649c72a1c5eb0112e93ae7a467e090afc,
6.数学建模模型算法大全/司守奎数学建模算法课件/程序及数据/15第15章/ex15_5.m,6.数学建模模型算法大全,待人工分类,source-code,MATLAB,.m,0.65,normal,d61150642efb2fb993e61a1f4e8d6b2644fab84b75321eaa6745027ba901cf65,
6.数学建模模型算法大全/司守奎数学建模算法课件/程序及数据/15第15章/ex15_55.m,6.数学建模模型算法大全,待人工分类,source-code,MATLAB,.m,1.05,normal,576275b0b51518fc9a34f0957b1c00730f64f4f534444b775f99382046ffd69c,
6.数学建模模型算法大全/司守奎数学建模算法课件/程序及数据/15第15章/ex15_6_1.m,6.数学建模模型算法大全,待人工分类,source-code,MATLAB,.m,0.97,normal,bcdd57676fe4169596b5ba7b598639af37bdbb421024fc6cf2cb7e6890a7e263,
6.数学建模模型算法大全/司守奎数学建模算法课件/程序及数据/15第15章/ex15_6_11.m,6.数学建模模型算法大全,待人工分类,source-code,MATLAB,.m,1.25,normal,50a7f14d1d78befe273848739313576c91da75ace3be2c057b2d0d8f010bb07d,
6.数学建模模型算法大全/司守奎数学建模算法课件/程序及数据/15第15章/ex15_6_111.m,6.数学建模模型算法大全,待人工分类,source-code,MATLAB,.m,1.08,normal,ee4421421dad4bf8221206582d24bb2863d0972cd54ba6f0ac48387ff952ec8b,
6.数学建模模型算法大全/司守奎数学建模算法课件/程序及数据/15第15章/ex15_6_2.m,6.数学建模模型算法大全,待人工分类,source-code,MATLAB,.m,0.04,normal,3961fc997120c9a10763a43031dbe9803c12934ef2cd88878c2b12c25f91f28e,
6.数学建模模型算法大全/司守奎数学建模算法课件/程序及数据/15第15章/ex15_7.m,6.数学建模模型算法大全,待人工分类,source-code,MATLAB,.m,0.68,normal,45f171956007e5ba9a78319790f0d792860963bdf01b4bf54913f5e893aee21b,
6.数学建模模型算法大全/司守奎数学建模算法课件/程序及数据/15第15章/ex15_8_1.m,6.数学建模模型算法大全,待人工分类,source-code,MATLAB,.m,0.04,normal,e64c9a64e9619b717733d95cb9ad4d05217fb792faf6cabd824645fd0954604f,
6.数学建模模型算法大全/司守奎数学建模算法课件/程序及数据/15第15章/ex15_8_2.m,6.数学建模模型算法大全,待人工分类,source-code,MATLAB,.m,0.07,normal,41d2a279f454829d61e17a18f4cb96dd9d996290f1dee2c3ab284663f9998d45,
6.数学建模模型算法大全/司守奎数学建模算法课件/程序及数据/15第15章/ex15_8_3.m,6.数学建模模型算法大全,待人工分类,source-code,MATLAB,.m,0.22,normal,c1fe25b11cb4c815b40f253695c6b936fd690df0414e94c0e8cf1a7e9e66edb8,
6.数学建模模型算法大全/司守奎数学建模算法课件/程序及数据/15第15章/ex15_9.m,6.数学建模模型算法大全,待人工分类,source-code,MATLAB,.m,0.17,normal,940dc166cb6fafc52a9ac4b454b4bda8fa5b46de4f37c2fea5bb1039591ea519,
6.数学建模模型算法大全/司守奎数学建模算法课件/程序及数据/15第15章/ex15_99.m,6.数学建模模型算法大全,待人工分类,source-code,MATLAB,.m,1.18,normal,520bb114cb289efdf4a642588c8f7d7e33d2aa591b05a9cf93066f97715e4d2b,
6.数学建模模型算法大全/司守奎数学建模算法课件/程序及数据/15第15章/Untitled5.m,6.数学建模模型算法大全,待人工分类,source-code,MATLAB,.m,0.87,normal,219858f5d8345896ee4d9581535e2a5c3dcc48644683e5a1b0834185fd8da141,
6.数学建模模型算法大全/司守奎数学建模算法课件/程序及数据/15第15章/Untitled6.m,6.数学建模模型算法大全,待人工分类,source-code,MATLAB,.m,0.68,normal,841a8628bf16bdcf56b8ff621db11a3fbced740eb5579115badc3adb98568545,
6.数学建模模型算法大全/司守奎数学建模算法课件/程序及数据/16附录A/Afun1.m,6.数学建模模型算法大全,待人工分类,source-code,MATLAB,.m,0.07,normal,b2ca36579b29aaf6006270cfbe56e6f73d955512448ee25e3b985f4970287f91,
6.数学建模模型算法大全/司守奎数学建模算法课件/程序及数据/16附录A/exA_10.m,6.数学建模模型算法大全,待人工分类,source-code,MATLAB,.m,0.04,normal,034bf0c4dc91dd8921910e7e13afc5ed504f264334162fe8f9ac3a0932e34450,
6.数学建模模型算法大全/司守奎数学建模算法课件/程序及数据/16附录A/exA_11.m,6.数学建模模型算法大全,待人工分类,source-code,MATLAB,.m,0.09,normal,d05a9aea3f14097adfe20c78834e407e21b817c6f641d4561763fb18c4b15f25,
6.数学建模模型算法大全/司守奎数学建模算法课件/程序及数据/16附录A/exA_12_1.m,6.数学建模模型算法大全,待人工分类,source-code,MATLAB,.m,0.04,normal,a17c1716141fb65bcc5b8674a4f99967b175eba20b54d2b6ee36e2460aff4dde,
6.数学建模模型算法大全/司守奎数学建模算法课件/程序及数据/16附录A/exA_12_2.m,6.数学建模模型算法大全,待人工分类,source-code,MATLAB,.m,0.04,normal,c4dadba33aa270fabcbb9f55ab3da8a052109514c718c13d86c1655b708e20d0,
6.数学建模模型算法大全/司守奎数学建模算法课件/程序及数据/16附录A/exA_13_1.m,6.数学建模模型算法大全,待人工分类,source-code,MATLAB,.m,0.1,normal,57ed0dbdc6dbc17b70bd69515c7881e2bdd79a92f835149d9829b55e07839144,
6.数学建模模型算法大全/司守奎数学建模算法课件/程序及数据/16附录A/exA_13_2.m,6.数学建模模型算法大全,待人工分类,source-code,MATLAB,.m,0.02,normal,68431abe2c3895391bcb00bd433cbf79012656049678de770790586edca26019,
6.数学建模模型算法大全/司守奎数学建模算法课件/程序及数据/16附录A/exA_14.m,6.数学建模模型算法大全,待人工分类,source-code,MATLAB,.m,0.13,normal,c2b6a5e90e47c2cff625543380684587a29c098fdf8a95d35ba0c6e58d3dde2e,
6.数学建模模型算法大全/司守奎数学建模算法课件/程序及数据/16附录A/exA_15.m,6.数学建模模型算法大全,待人工分类,source-code,MATLAB,.m,0.04,normal,65c8943588c4c701e7d63312bc2ca13f0f30ac3ca0da9916a52a64203e686371,
6.数学建模模型算法大全/司守奎数学建模算法课件/程序及数据/16附录A/exA_16.m,6.数学建模模型算法大全,待人工分类,source-code,MATLAB,.m,0.04,normal,179d177178a66764285965ed98fbb6d82d74b9ab8f640a6b052d35e5fc6fda16,
6.数学建模模型算法大全/司守奎数学建模算法课件/程序及数据/16附录A/exA_17_1.m,6.数学建模模型算法大全,待人工分类,source-code,MATLAB,.m,0.05,normal,12f1400f755676931548e4340c3c814ae5de0bce5fb9d4926ca354019c5e8119,
6.数学建模模型算法大全/司守奎数学建模算法课件/程序及数据/16附录A/exA_17_2.m,6.数学建模模型算法大全,待人工分类,source-code,MATLAB,.m,0.06,normal,ae0d798818ed821e37c0bf4eee671b9612690f1a54a8fc8369c25e953dbfb744,
6.数学建模模型算法大全/司守奎数学建模算法课件/程序及数据/16附录A/exA_17_3.m,6.数学建模模型算法大全,待人工分类,source-code,MATLAB,.m,0.16,normal,7033e556b176098b50f3b26835de28380220f30545f982107a1aebece1d3da5c,
6.数学建模模型算法大全/司守奎数学建模算法课件/程序及数据/16附录A/exA_18_1.m,6.数学建模模型算法大全,待人工分类,source-code,MATLAB,.m,0.05,normal,8e60cb789f354ad2cb0e4da62ae81ad1ab2b11f8f44b1e4fe680a8f7ba1161b5,
6.数学建模模型算法大全/司守奎数学建模算法课件/程序及数据/16附录A/exA_18_2.m,6.数学建模模型算法大全,待人工分类,source-code,MATLAB,.m,0.04,normal,cea81fccfee5c73a573ed3d3134103128d31db76896354a41fd547bd82255ee5,
6.数学建模模型算法大全/司守奎数学建模算法课件/程序及数据/16附录A/exA_19.m,6.数学建模模型算法大全,待人工分类,source-code,MATLAB,.m,0.12,normal,9afb80b270f7e82802a356cbd3dac8312c69fde8eb17c72d217f2267bcb564f4,
6.数学建模模型算法大全/司守奎数学建模算法课件/程序及数据/16附录A/exA_1_1.m,6.数学建模模型算法大全,待人工分类,source-code,MATLAB,.m,0.02,normal,8666f50377ea8dea5f553ad53c474e7b66ce6bf7f77b8e7240622f53b4991b71,
6.数学建模模型算法大全/司守奎数学建模算法课件/程序及数据/16附录A/exA_1_2.m,6.数学建模模型算法大全,待人工分类,source-code,MATLAB,.m,0.06,normal,c2ef6bd1fb1185a370747273eb8a333b45efac98b35a7eb5dc7290c9c3e26e53,
6.数学建模模型算法大全/司守奎数学建模算法课件/程序及数据/16附录A/exA_2.m,6.数学建模模型算法大全,待人工分类,source-code,MATLAB,.m,0.02,normal,4270bd74e27afdfd910ddfec7b11a24102c7e4fe87e6a0215660076a14918026,
6.数学建模模型算法大全/司守奎数学建模算法课件/程序及数据/16附录A/exA_20.m,6.数学建模模型算法大全,待人工分类,source-code,MATLAB,.m,0.1,normal,f4281c65a30ea08b798fa5375efc1c022bc4b15ecfdd149af61559482c7b2dd9,
6.数学建模模型算法大全/司守奎数学建模算法课件/程序及数据/16附录A/exA_21.m,6.数学建模模型算法大全,待人工分类,source-code,MATLAB,.m,0.16,normal,5c4ae90f82d5876e99923de1c50e9d91d2148ffe5c968f75a53a8ddefad53f98,
6.数学建模模型算法大全/司守奎数学建模算法课件/程序及数据/16附录A/exA_22.m,6.数学建模模型算法大全,待人工分类,source-code,MATLAB,.m,0.05,normal,fba2eb23332cc4ec59b3680c714c08d2f814b05d4a7ff37e80c602463f9f25b9,
6.数学建模模型算法大全/司守奎数学建模算法课件/程序及数据/16附录A/exA_23.m,6.数学建模模型算法大全,待人工分类,source-code,MATLAB,.m,0.13,normal,af449b70315b386dc4f374175d02a2d86a7929c448384d321e32c706d0cb0b8e,
6.数学建模模型算法大全/司守奎数学建模算法课件/程序及数据/16附录A/exA_24.m,6.数学建模模型算法大全,待人工分类,source-code,MATLAB,.m,0.1,normal,eb39d917bf8148343a6a0a0a6aa5d4b7c246e95d8eb099875e5186abf23443c4,
6.数学建模模型算法大全/司守奎数学建模算法课件/程序及数据/16附录A/exA_25.m,6.数学建模模型算法大全,待人工分类,source-code,MATLAB,.m,0.05,normal,cf6bdc16f68b8621b73c74572cf293706a2bd474ab0b22b823f467e85e764b32,
6.数学建模模型算法大全/司守奎数学建模算法课件/程序及数据/16附录A/exA_26.m,6.数学建模模型算法大全,待人工分类,source-code,MATLAB,.m,0.16,normal,cd55eac42b02f74eb305dd951163cf0be322c53cf1a8151a3eae8835b16eaa7e,
6.数学建模模型算法大全/司守奎数学建模算法课件/程序及数据/16附录A/exA_27.m,6.数学建模模型算法大全,待人工分类,source-code,MATLAB,.m,0.02,normal,ce70bdfcb3bc1fdb403d189a6fad7269d121df2ecfa28b879d3090d1e4276f1c,
6.数学建模模型算法大全/司守奎数学建模算法课件/程序及数据/16附录A/exA_28.m,6.数学建模模型算法大全,待人工分类,source-code,MATLAB,.m,0.01,normal,850e824f9eda616d267be6b0b855e9dd00bec583277d175fd42bcb1ff74d9da2,
6.数学建模模型算法大全/司守奎数学建模算法课件/程序及数据/16附录A/exA_29_1.m,6.数学建模模型算法大全,待人工分类,source-code,MATLAB,.m,0.02,normal,11a48f4b1b8a56f8eec88a7b37847cc63de7c284ed8a23ef0ce9dd43db81cd5c,
6.数学建模模型算法大全/司守奎数学建模算法课件/程序及数据/16附录A/exA_29_2.m,6.数学建模模型算法大全,待人工分类,source-code,MATLAB,.m,0.02,normal,8d299b08b1bb9af6612df6c8349efe8c60326e4694d381315157a5f8528b09ed,
6.数学建模模型算法大全/司守奎数学建模算法课件/程序及数据/16附录A/exA_3.m,6.数学建模模型算法大全,待人工分类,source-code,MATLAB,.m,0.02,normal,e0ec59971e74712bebdf7278ab6586f1711ea4d4d31a13eea835e400a75160d1,
6.数学建模模型算法大全/司守奎数学建模算法课件/程序及数据/16附录A/exA_30.m,6.数学建模模型算法大全,待人工分类,source-code,MATLAB,.m,0.02,normal,2fa836e9d6c549b0947aa34620b1ce97e2f99b37388b8439212ef19d995ee9f3,
6.数学建模模型算法大全/司守奎数学建模算法课件/程序及数据/16附录A/exA_31.m,6.数学建模模型算法大全,待人工分类,source-code,MATLAB,.m,0.1,normal,c7b3cb86148ce47ac482967f7cad4352f6cd1dc450ec75141583f955ef5956d2,
6.数学建模模型算法大全/司守奎数学建模算法课件/程序及数据/16附录A/exA_32.m,6.数学建模模型算法大全,待人工分类,source-code,MATLAB,.m,0.05,normal,3bd089ed2c0f8ce9a2c70505a030f479823da6a0aee981f71002047812f5c90a,
6.数学建模模型算法大全/司守奎数学建模算法课件/程序及数据/16附录A/exA_33.m,6.数学建模模型算法大全,待人工分类,source-code,MATLAB,.m,0.04,normal,d48fd6a6b1cffcd79ae9e70128ba1fad85354236ede16cd49fdb0b4fc9de2e90,
6.数学建模模型算法大全/司守奎数学建模算法课件/程序及数据/16附录A/exA_34.m,6.数学建模模型算法大全,待人工分类,source-code,MATLAB,.m,0.36,normal,c6615fea951b559e9a92b031edaa29f245ef62e2d865be0465ec8a185ce931c1,
6.数学建模模型算法大全/司守奎数学建模算法课件/程序及数据/16附录A/exA_35.m,6.数学建模模型算法大全,待人工分类,source-code,MATLAB,.m,0.09,normal,cd17ec586cbb29dde404cf0657960f5a1643a49ec61eb262bd2082871789526f,
6.数学建模模型算法大全/司守奎数学建模算法课件/程序及数据/16附录A/exA_36.m,6.数学建模模型算法大全,待人工分类,source-code,MATLAB,.m,0.16,normal,ddcb5595a7391afffd83a92f3c075791a14fe554da9e6ebec4ce32fb39dcf4ab,
6.数学建模模型算法大全/司守奎数学建模算法课件/程序及数据/16附录A/exA_4.m,6.数学建模模型算法大全,待人工分类,source-code,MATLAB,.m,0.09,normal,650ca0468d8fccdb6af704f0aafdeabf8243ccc7fa894cf22e018c500d3576fa,
6.数学建模模型算法大全/司守奎数学建模算法课件/程序及数据/16附录A/exA_5.m,6.数学建模模型算法大全,待人工分类,source-code,MATLAB,.m,0.22,normal,a6255727cca7c780d36e5c71c60099d316b5457df7b66ebcc006eaf753e03aa5,
6.数学建模模型算法大全/司守奎数学建模算法课件/程序及数据/16附录A/exA_6.m,6.数学建模模型算法大全,待人工分类,source-code,MATLAB,.m,0.07,normal,779b545e23399430b670526a9c19d3ff629121a43708b29cd47003b4a1a8c6cd,
6.数学建模模型算法大全/司守奎数学建模算法课件/程序及数据/16附录A/exA_7.m,6.数学建模模型算法大全,待人工分类,source-code,MATLAB,.m,0.08,normal,6ac20010328486c4f8443339496b90033fddc05707fbdbaf17b8d118686f7e87,
6.数学建模模型算法大全/司守奎数学建模算法课件/程序及数据/16附录A/exA_8_1.m,6.数学建模模型算法大全,待人工分类,source-code,MATLAB,.m,0.14,normal,50c27605e5d4feb3984162e6d3a0f4147f869a1c047edc75fda08edf62852156,
6.数学建模模型算法大全/司守奎数学建模算法课件/程序及数据/16附录A/exA_8_2.m,6.数学建模模型算法大全,待人工分类,source-code,MATLAB,.m,0.13,normal,0486feec531c25f19c32008f0ee6f40d8e7e354f9354fb8a2f5372da03020a36,
6.数学建模模型算法大全/司守奎数学建模算法课件/程序及数据/16附录A/exA_9_1.m,6.数学建模模型算法大全,待人工分类,source-code,MATLAB,.m,0.09,normal,9a2b28c05503f46723a67fe134a51d2f5cff32b987b4d20bb3787cbacfddc978,
6.数学建模模型算法大全/司守奎数学建模算法课件/程序及数据/16附录A/exA_9_2.m,6.数学建模模型算法大全,待人工分类,source-code,MATLAB,.m,0.09,normal,a23ca6737724f841b47e169b50cfd9ff7cc9f45d0ab9c3cfd5ae241c627f51c6,
6.数学建模模型算法大全/司守奎数学建模算法课件/程序及数据/16附录A/exA_9_3.m,6.数学建模模型算法大全,待人工分类,source-code,MATLAB,.m,0.02,normal,886d292bb8951bbc0bb4b4617c66b8763f129316ce342d15a51830bb68b410b1,
6.数学建模模型算法大全/司守奎数学建模算法课件/程序及数据/16附录A/exA_9_4.m,6.数学建模模型算法大全,待人工分类,source-code,MATLAB,.m,0.08,normal,7f7724ec27054126ee59baa998c461c28354cfa6479e9359391929da4406a3d1,
6.数学建模模型算法大全/司守奎数学建模算法课件/程序及数据/16附录A/exA_9_5.m,6.数学建模模型算法大全,待人工分类,source-code,MATLAB,.m,0.03,normal,4d9f61551be593e63108f1731f30a09bf7837ddf82bcbe5d90ca05902303c470,
6.数学建模模型算法大全/司守奎数学建模算法课件/程序及数据/16附录A/exA_9_6.m,6.数学建模模型算法大全,待人工分类,source-code,MATLAB,.m,0.02,normal,cab332a460996cb2088b6912c1f3200f8142ab252d9b4663195a9ac10b32319d,
6.数学建模模型算法大全/司守奎数学建模算法课件/程序及数据/16附录A/exA_9_7.m,6.数学建模模型算法大全,待人工分类,source-code,MATLAB,.m,0.07,normal,26efd19ae8921557daa294b8d1fbbb901d14aa3148a8baa311ea541953bd8bd6,
6.数学建模模型算法大全/司守奎数学建模算法课件/程序及数据/17附录B/B_10.lg4,6.数学建模模型算法大全,博弈论,source-code,LINGO,.lg4,5.0,normal,3ca803fd304fb01be67733163682b8c2e9289f65ea52354b40bc1acdd0927d2b,
6.数学建模模型算法大全/司守奎数学建模算法课件/程序及数据/17附录B/B_11.lg4,6.数学建模模型算法大全,博弈论,source-code,LINGO,.lg4,4.0,normal,b92e262d1a8c51a4628aa866545024c3ae9bcd29ce5b7d4481f22700b06fe9fd,
6.数学建模模型算法大全/司守奎数学建模算法课件/程序及数据/17附录B/B_12.lg4,6.数学建模模型算法大全,博弈论,source-code,LINGO,.lg4,5.5,normal,40fcdfa5bb4a12ac2831d16b601b42a1583ad587ffa609c728286fe424caf4e5,
6.数学建模模型算法大全/司守奎数学建模算法课件/程序及数据/17附录B/exB_1.lg4,6.数学建模模型算法大全,博弈论,source-code,LINGO,.lg4,4.0,normal,3221b09d340531bef27dc9129240dc6c38b6e6c3c3e8ad3d18351be9cb23d77e,
6.数学建模模型算法大全/司守奎数学建模算法课件/程序及数据/17附录B/exB_2.lg4,6.数学建模模型算法大全,博弈论,source-code,LINGO,.lg4,3.5,normal,9f35480038307c374585a93189d301a32afa7989e15fca6077511f3e7c42058f,
6.数学建模模型算法大全/司守奎数学建模算法课件/程序及数据/17附录B/exB_3.lg4,6.数学建模模型算法大全,博弈论,source-code,LINGO,.lg4,3.5,normal,d78989f3c97e2d1274a2f7f14e52ace23d171163f2c848c07b32497bc8f74669,
6.数学建模模型算法大全/司守奎数学建模算法课件/程序及数据/17附录B/exB_4.lg4,6.数学建模模型算法大全,博弈论,source-code,LINGO,.lg4,5.5,normal,32d52f475231a3ef2d9c46623f546d99f3b68c5ca9b16d6f230ee48e51bf12b2,
6.数学建模模型算法大全/司守奎数学建模算法课件/程序及数据/17附录B/exB_5.lg4,6.数学建模模型算法大全,博弈论,source-code,LINGO,.lg4,4.0,normal,90b7b676f51b2ddbac4a10408a69e6c2cc0455d5505e857438339706fc53f8d4,
6.数学建模模型算法大全/司守奎数学建模算法课件/程序及数据/17附录B/exB_6.lg4,6.数学建模模型算法大全,博弈论,source-code,LINGO,.lg4,5.0,normal,e96a9a9cb814a3c0805b8304f1248e261a79c5e7fa9f2e6512ae528d9a1b109a,
6.数学建模模型算法大全/司守奎数学建模算法课件/程序及数据/17附录B/exB_7.lg4,6.数学建模模型算法大全,博弈论,source-code,LINGO,.lg4,3.5,normal,ee2209e344d3959537a2ff64afa1a8ed8450d86296b5555f88f416489406c22e,
6.数学建模模型算法大全/司守奎数学建模算法课件/程序及数据/17附录B/exB_8.lg4,6.数学建模模型算法大全,博弈论,source-code,LINGO,.lg4,4.0,normal,f986ab7071385f92ba42474e171d2de26c370e6c84e04076924c0e8a6a359416,
6.数学建模模型算法大全/司守奎数学建模算法课件/程序及数据/17附录B/exB_9.lg4,6.数学建模模型算法大全,博弈论,source-code,LINGO,.lg4,4.0,normal,54218d59100055c7c816ac38c2091d8ca53f6358984741f4e70709c222e6badd,
6.数学建模模型算法大全/数据的统计处理/第10讲 数据的统计描述与分析/data.m,6.数学建模模型算法大全,统计与数据处理,source-code,MATLAB,.m,0.17,normal,4ff155346d21919eb02a8e83ea303ab0cfa2991f72566e8ec41453c6a23c8287,
6.数学建模模型算法大全/数据的统计处理/第10讲 数据的统计描述与分析/liti101.m,6.数学建模模型算法大全,统计与数据处理,source-code,MATLAB,.m,0.6,normal,74beff933100be47104accec8b00e20ab820ac85e70a7d9ceecebda11bfc1ea7,
6.数学建模模型算法大全/数据的统计处理/第10讲 数据的统计描述与分析/liti102.m,6.数学建模模型算法大全,统计与数据处理,source-code,MATLAB,.m,0.02,normal,271a2ce2401918e472e2815667cb23627c8b95bb894aa0c71cf571fbecff9345,
6.数学建模模型算法大全/数据的统计处理/第10讲 数据的统计描述与分析/liti103.m,6.数学建模模型算法大全,统计与数据处理,source-code,MATLAB,.m,0.02,normal,0a78230255adaa0345775fa6b7b181b7908b4d9ee2faa7ee4d7f74e72f0ea632,
6.数学建模模型算法大全/数据的统计处理/第10讲 数据的统计描述与分析/liti104.m,6.数学建模模型算法大全,统计与数据处理,source-code,MATLAB,.m,0.05,normal,1032dda82979b8fb2e1b252a5e80fe50074fb5c2096af89d6643145af24654d2,
6.数学建模模型算法大全/数据的统计处理/第10讲 数据的统计描述与分析/liti105.m,6.数学建模模型算法大全,统计与数据处理,source-code,MATLAB,.m,0.04,normal,7e32029f8c429260a2b7c5ef7c2afdaaaff97185c930c474f203e2c051d1cab6,
6.数学建模模型算法大全/数据的统计处理/第10讲 数据的统计描述与分析/liti2.m,6.数学建模模型算法大全,统计与数据处理,source-code,MATLAB,.m,0.06,normal,b6d302e33cde87465d35c2d80902f7b729ac7fd345c23a8263ca215a252808af,
6.数学建模模型算法大全/数据的统计处理/第10讲 数据的统计描述与分析/liti3.m,6.数学建模模型算法大全,统计与数据处理,source-code,MATLAB,.m,0.02,normal,d4d04cfa79153283c88ab28b33dc054a61ed4ecce837f03af53f37af6bf2ecf4,
6.数学建模模型算法大全/数据的统计处理/第10讲 数据的统计描述与分析/liti4.m,6.数学建模模型算法大全,统计与数据处理,source-code,MATLAB,.m,0.02,normal,de70e73fc89267ff3f62d88b4e82f3e3ca9bec56677d37526a6caf68b32ae4cd,
6.数学建模模型算法大全/数据的统计处理/第10讲 数据的统计描述与分析/liti5.m,6.数学建模模型算法大全,统计与数据处理,source-code,MATLAB,.m,0.02,normal,c5cb26d70e5aaaa3046709e2724ef2cd74648257d8f73d4fd1dce0149558726a,
6.数学建模模型算法大全/数据的统计处理/第10讲 数据的统计描述与分析/liti6.m,6.数学建模模型算法大全,统计与数据处理,source-code,MATLAB,.m,0.03,normal,023c53b9a133f48a8f973ecbde712e1230a5154b46925d2e15c61bf427a6cc2d,
6.数学建模模型算法大全/数据的统计处理/第10讲 数据的统计描述与分析/liti7.m,6.数学建模模型算法大全,统计与数据处理,source-code,MATLAB,.m,0.06,normal,67631ea60737225c5746b2bbe68a872c855c8cb08bee03b46aeff9a7f7d4b5c5,
6.数学建模模型算法大全/数据的统计处理/第10讲 数据的统计描述与分析/liti8.m,6.数学建模模型算法大全,统计与数据处理,source-code,MATLAB,.m,0.05,normal,435e79678ecccb885a56c9ecb3e82c2df3cbd5774f0911d20fddfe660237a4a6,
6.数学建模模型算法大全/数据的统计处理/第10讲 数据的统计描述与分析/liti9.m,6.数学建模模型算法大全,统计与数据处理,source-code,MATLAB,.m,0.04,normal,78c60aa07917fc6d6433cae31a527fa3cb3a9c9745984d6af4d746e5bad37b87,
6.数学建模模型算法大全/数据的统计处理/第10讲 数据的统计描述与分析/tjl.m,6.数学建模模型算法大全,统计与数据处理,source-code,MATLAB,.m,0.12,normal,7f017231f85356406b57b9078860e46bd8d37b48e3fe90755d99bc2c1f2e2306,
6.数学建模模型算法大全/数据的统计处理/第10讲 数据的统计描述与分析/txy.m,6.数学建模模型算法大全,统计与数据处理,source-code,MATLAB,.m,0.14,normal,01a979f21b264a4e0881564011132e5064e33c58c2d4b7e0d8f9cc23c6433368,
6.数学建模模型算法大全/模拟退火/satools/m/anneal.m,6.数学建模模型算法大全,优化与规划,source-code,MATLAB,.m,16.57,normal,474c265ee1af87894322fc89f00c0168e4b96552c388755bdf3794e57881cfcc,DUP-0017
6.数学建模模型算法大全/模拟退火/satools/m/berkeley.m,6.数学建模模型算法大全,优化与规划,source-code,MATLAB,.m,1.05,normal,b38a57b4a3a4b2427406987049be0131b9d7923d0b9bbf865572f2f78f27d8bf,DUP-0018
6.数学建模模型算法大全/模拟退火/satools/m/dispEh.m,6.数学建模模型算法大全,优化与规划,source-code,MATLAB,.m,1.0,normal,379b7e4ab972043c688c6a06f0dfddeede02918b4db3012962bfddd8375b3c75,DUP-0019
6.数学建模模型算法大全/模拟退火/satools/m/dispEt.m,6.数学建模模型算法大全,优化与规划,source-code,MATLAB,.m,0.92,normal,17cc3ea07673c8a066ad296cede271d78ab3bb58d33e8c1285ea2f8709026376,DUP-0020
6.数学建模模型算法大全/模拟退火/satools/m/dispMat.m,6.数学建模模型算法大全,优化与规划,source-code,MATLAB,.m,0.61,normal,a039db731b4ff573ed0eb678a8f42a9f31f1e520df3e4ed819b685d566601d00,DUP-0021
6.数学建模模型算法大全/模拟退火/satools/m/ensembleInit.m,6.数学建模模型算法大全,优化与规划,source-code,MATLAB,.m,1.43,normal,fdbaf14c1f7ced86332972b6c753062009b0022224bcf0cabe9600d938effc94,DUP-0022
6.数学建模模型算法大全/模拟退火/satools/m/examples/chemcluster/cluster_cost.m,6.数学建模模型算法大全,优化与规划,source-code,MATLAB,.m,0.7,normal,56d83d5077a151cdda0b2586e75f4f802e3f987eb5308f7edf42df654988a5e8,DUP-0023
6.数学建模模型算法大全/模拟退火/satools/m/examples/chemcluster/cluster_init.m,6.数学建模模型算法大全,优化与规划,source-code,MATLAB,.m,1.0,normal,34f6d0da4d1812aac04a73f8d3fe800379818376067c2803a72be8e3a18c18c1,DUP-0024
6.数学建模模型算法大全/模拟退火/satools/m/examples/chemcluster/cluster_new.m,6.数学建模模型算法大全,优化与规划,source-code,MATLAB,.m,0.84,normal,7c342fbdd39cf61aa2cb5c593e146b298cf3f0f7831e4c6ceb056bc8b83a6c9c,DUP-0025
6.数学建模模型算法大全/模拟退火/satools/m/examples/chemcluster/cluster_perturb.m,6.数学建模模型算法大全,优化与规划,source-code,MATLAB,.m,0.94,normal,17c754e583452090f1abcf3a7e7c1d69eb72876ed3bafebd5713beaa46ef89fb,DUP-0026
6.数学建模模型算法大全/模拟退火/satools/m/examples/chemcluster/clusterdistances.m,6.数学建模模型算法大全,优化与规划,source-code,MATLAB,.m,0.46,normal,48655141626b84aa66c03f41bc79e725ac22a5f56917fe3f06e736166d5a4dd1,DUP-0027
6.数学建模模型算法大全/模拟退火/satools/m/examples/chemcluster/clusterplot.m,6.数学建模模型算法大全,优化与规划,source-code,MATLAB,.m,0.36,normal,eaf6c539e1c1cd96c172f010eb4020771b1fc2f9719323e62dfe4b8eb076e8ad,DUP-0028
6.数学建模模型算法大全/模拟退火/satools/m/examples/chemcluster/test_all.m,6.数学建模模型算法大全,优化与规划,source-code,MATLAB,.m,3.65,normal,b43891d60e986c7bfad0f4d0af03273d57c27119ec5cccbdf4191e746890aa2c,DUP-0029
6.数学建模模型算法大全/模拟退火/satools/m/examples/chemcluster/try_me.m,6.数学建模模型算法大全,优化与规划,source-code,MATLAB,.m,1.64,normal,939c9fc1a2c5a9b40e91bdf9e9f96b8a060beca5f0d43525406f50b2e7ad881e,DUP-0030
6.数学建模模型算法大全/模拟退火/satools/m/examples/graphbipart/bipart_cost.m,6.数学建模模型算法大全,优化与规划,source-code,MATLAB,.m,0.71,normal,f79da2aa487a0ea5a992015128221d8fc28849b662b426680b2eedd01c7b6bdf,DUP-0031
6.数学建模模型算法大全/模拟退火/satools/m/examples/graphbipart/bipart_init.m,6.数学建模模型算法大全,优化与规划,source-code,MATLAB,.m,1.71,normal,4f0fc127f51d2b55fc0f967ad91d50e612ec0f1b284b1d09b6c9c550a0ea761a,DUP-0032
6.数学建模模型算法大全/模拟退火/satools/m/examples/graphbipart/bipart_new.m,6.数学建模模型算法大全,优化与规划,source-code,MATLAB,.m,0.44,normal,33cd492688279a7d5694a82817bc495ae057b8140604fca086b8c0de7194d6d5,DUP-0033
6.数学建模模型算法大全/模拟退火/satools/m/examples/graphbipart/bipart_perturb.m,6.数学建模模型算法大全,优化与规划,source-code,MATLAB,.m,0.56,normal,712461c50fa65168888df0d30409ac6311950ad21e3a2200cb89e8ea882796b2,DUP-0034
6.数学建模模型算法大全/模拟退火/satools/m/examples/graphbipart/try_me.m,6.数学建模模型算法大全,优化与规划,source-code,MATLAB,.m,1.53,normal,f51ad964135f69284c760f2d5606ef084f3e1c2ec5cbaeca77fb0168d26886da,DUP-0035
6.数学建模模型算法大全/模拟退火/satools/m/examples/proteinfold/sequence_cost.m,6.数学建模模型算法大全,优化与规划,source-code,MATLAB,.m,1.89,normal,6460e0eb403ec86b6052f250a7722ae9b87d652bae5c1dea2db19dc7ccf319fe,DUP-0036
6.数学建模模型算法大全/模拟退火/satools/m/examples/proteinfold/sequence_init.m,6.数学建模模型算法大全,优化与规划,source-code,MATLAB,.m,1.6,normal,a213e70d295f8b3877c0b39fa45ecce7745b45f00814f3fcb7475b7082b83efd,DUP-0037
6.数学建模模型算法大全/模拟退火/satools/m/examples/proteinfold/sequence_new.m,6.数学建模模型算法大全,优化与规划,source-code,MATLAB,.m,1.11,normal,33eb4563fc3b99048c98992bf76bc58bbd5718eed194565d6c0bae13a0f4a8b3,DUP-0038
6.数学建模模型算法大全/模拟退火/satools/m/examples/proteinfold/sequence_perturb.m,6.数学建模模型算法大全,优化与规划,source-code,MATLAB,.m,2.25,normal,85d8deb311028c19813399b97e8b8fed82f101b898c40d6de9a09af9b9b6add3,DUP-0039
6.数学建模模型算法大全/模拟退火/satools/m/examples/proteinfold/try_me.m,6.数学建模模型算法大全,优化与规划,source-code,MATLAB,.m,1.66,normal,b9b6148b9dd7e41fc75685ad5e67c97063af29a17596934f351cccca2ff603c8,DUP-0040
6.数学建模模型算法大全/模拟退火/satools/m/examples/seismicdecon/decon_cost.m,6.数学建模模型算法大全,优化与规划,source-code,MATLAB,.m,0.85,normal,80656b8bce9c38f2f0bb39b8a303a34dadbf4a521d224260447798022615e61e,DUP-0042
6.数学建模模型算法大全/模拟退火/satools/m/examples/seismicdecon/decon_init.m,6.数学建模模型算法大全,优化与规划,source-code,MATLAB,.m,2.05,normal,ff28680370275023b2c035c5a4b958283e837bd7b0e9d3d7a19d3f7f4bb55b61,DUP-0043
6.数学建模模型算法大全/模拟退火/satools/m/examples/seismicdecon/decon_new(1).m,6.数学建模模型算法大全,优化与规划,source-code,MATLAB,.m,0.8,normal,e8eda59754eff350db45bb3b2c2ec6c778610c038626a7876c4d781766e2b60b,DUP-0044
6.数学建模模型算法大全/模拟退火/satools/m/examples/seismicdecon/decon_perturb.m,6.数学建模模型算法大全,优化与规划,source-code,MATLAB,.m,1.14,normal,1b50774c0292dc8315b036c97757093069d683ff558692e24171b784f9ccf0bf,DUP-0045
6.数学建模模型算法大全/模拟退火/satools/m/examples/seismicdecon/eventparts.m,6.数学建模模型算法大全,优化与规划,source-code,MATLAB,.m,0.5,normal,c206fdb95e2fd952dd974697310e3b33f95f65e91e4757c8f0a9d99b9934d0d4,DUP-0046
6.数学建模模型算法大全/模拟退火/satools/m/examples/seismicdecon/eventplot.m,6.数学建模模型算法大全,优化与规划,source-code,MATLAB,.m,0.57,normal,6ca58614fe6fa406169a76c315773de2663da2c8b52fd2ff33441cb36ba4a008,DUP-0047
6.数学建模模型算法大全/模拟退火/satools/m/examples/seismicdecon/modelparts.m,6.数学建模模型算法大全,优化与规划,source-code,MATLAB,.m,0.45,normal,e9366218cab96e4a591dc07e85fc4073367776382075d1ce1bbed3568287f189,DUP-0048
6.数学建模模型算法大全/模拟退火/satools/m/examples/seismicdecon/modelplot.m,6.数学建模模型算法大全,优化与规划,source-code,MATLAB,.m,0.73,normal,88bee6e636df10f2945b5a17ce0ad972a7a447c156dece8ee010bbe98cbfc191,DUP-0049
6.数学建模模型算法大全/模拟退火/satools/m/examples/seismicdecon/modelsignal.m,6.数学建模模型算法大全,优化与规划,source-code,MATLAB,.m,0.63,normal,96e908e214f1aafaa9217c108d02475ac166eff400d3acff80ab69d8447f1af2,DUP-0050
6.数学建模模型算法大全/模拟退火/satools/m/examples/seismicdecon/try_me.m,6.数学建模模型算法大全,优化与规划,source-code,MATLAB,.m,1.53,normal,1823d4573a603609f5dc5517a578dfd2cc4d4333d644607d3f25d916238a40e3,DUP-0052
6.数学建模模型算法大全/模拟退火/satools/m/examples/spinglass/Jcoord.m,6.数学建模模型算法大全,优化与规划,source-code,MATLAB,.m,0.74,normal,b85c8f86312f39493e8cce93228c07bfea9c9a19bdcb5499b9f2b75453832183,DUP-0053
6.数学建模模型算法大全/模拟退火/satools/m/examples/spinglass/spin_cost.m,6.数学建模模型算法大全,优化与规划,source-code,MATLAB,.m,0.57,normal,4cb9a9798cd8f45b7e2b1aa92033fae2f7b9d623cbec975f86578f9b166c4de3,DUP-0054
6.数学建模模型算法大全/模拟退火/satools/m/examples/spinglass/spin_init.m,6.数学建模模型算法大全,优化与规划,source-code,MATLAB,.m,2.53,normal,224e3f1f7a554f20071d156e6e983c69b729b64cac7a74bcb093b7c2ba80ca06,DUP-0055
6.数学建模模型算法大全/模拟退火/satools/m/examples/spinglass/spin_new.m,6.数学建模模型算法大全,优化与规划,source-code,MATLAB,.m,0.48,normal,0b6847e96cec90a2826b31923484d01197063576cdf07623e2ae69810ced89de,DUP-0056
6.数学建模模型算法大全/模拟退火/satools/m/examples/spinglass/spin_perturb.m,6.数学建模模型算法大全,优化与规划,source-code,MATLAB,.m,0.59,normal,ec8d2b62ff8165eb01e7872fb6f0181942bbc60a707eef1e720a4a2805f24d5a,DUP-0057
6.数学建模模型算法大全/模拟退火/satools/m/examples/spinglass/try_me.m,6.数学建模模型算法大全,优化与规划,source-code,MATLAB,.m,1.62,normal,f1d54d5aab390c0d35b78feb7ada6df447775b31f638e4e58c01b9492c58259d,DUP-0058
6.数学建模模型算法大全/模拟退火/satools/m/examples/tsp/route_cost.m,6.数学建模模型算法大全,优化与规划,source-code,MATLAB,.m,0.56,normal,b529a2e660924bc9a43908c6d4692c1065c7190110c2b8f0d678068b8381fec8,DUP-0059
6.数学建模模型算法大全/模拟退火/satools/m/examples/tsp/route_init.m,6.数学建模模型算法大全,优化与规划,source-code,MATLAB,.m,1.0,normal,71861ccd0163939a5e8e13b69c544db6ea3b33eed664f859632eb859d08b12d0,DUP-0060
6.数学建模模型算法大全/模拟退火/satools/m/examples/tsp/route_new.m,6.数学建模模型算法大全,优化与规划,source-code,MATLAB,.m,0.46,normal,adf33023ea2405fa1c0a88dcc0ef39e7288f6ce6b15c70866604e914c902ab4b,DUP-0061
6.数学建模模型算法大全/模拟退火/satools/m/examples/tsp/route_perturb.m,6.数学建模模型算法大全,优化与规划,source-code,MATLAB,.m,1.06,normal,b41bfa63285938c7630afaf63fade8d159a4204675dcb666b8047de737fabaef,DUP-0062
6.数学建模模型算法大全/模拟退火/satools/m/examples/tsp/try_me.m,6.数学建模模型算法大全,优化与规划,source-code,MATLAB,.m,1.65,normal,f33553bc4b88d457dc577f19356b59493640db3cf01af2040b98db094fa55da5,DUP-0063
6.数学建模模型算法大全/模拟退火/satools/m/franz.m,6.数学建模模型算法大全,优化与规划,source-code,MATLAB,.m,0.86,normal,53c4d3ac2277ae04d3a31821036f34e55d705b30ea7b1b7af6535813c13f9e8f,DUP-0064
6.数学建模模型算法大全/模拟退火/satools/m/geman.m,6.数学建模模型算法大全,优化与规划,source-code,MATLAB,.m,0.86,normal,fd4a350807c3a736a05e7aec3a34ae59311df39c928cfb830b1a0c8b0834ae27,DUP-0065
6.数学建模模型算法大全/模拟退火/satools/m/geometric.m,6.数学建模模型算法大全,优化与规划,source-code,MATLAB,.m,0.84,normal,130f6082b3e15570afe303957532c3ee139afbdcb9aaa95d72e3b77692bd38f0,DUP-0066
6.数学建模模型算法大全/模拟退火/satools/m/hartley.m,6.数学建模模型算法大全,优化与规划,source-code,MATLAB,.m,0.87,normal,b53dbb13ae3cb465e75cadf8e6a68c79bc0e3348933fb210a9321bfb7a8bbf10,DUP-0067
6.数学建模模型算法大全/模拟退火/satools/m/historyupdate.m,6.数学建模模型算法大全,优化与规划,source-code,MATLAB,.m,1.4,normal,c84dc8bb76375a41614fef8691254b7467d496a958d5d2489f6f4faae778a9b5,DUP-0068
6.数学建模模型算法大全/模拟退火/satools/m/hoffmann.m,6.数学建模模型算法大全,优化与规划,source-code,MATLAB,.m,1.43,normal,106d283b01fd4d404b1d3018b0aca6ce344f273bae3b3116bfce4a6c473def4e,DUP-0069
6.数学建模模型算法大全/模拟退火/satools/m/metropolis.m,6.数学建模模型算法大全,优化与规划,source-code,MATLAB,.m,0.58,normal,0956300792f380b2e8ea834c743377702cd939cf1c93a49ddee3665baedad1dc,DUP-0070
6.数学建模模型算法大全/模拟退火/satools/m/metropoliswalk.m,6.数学建模模型算法大全,优化与规划,source-code,MATLAB,.m,5.0,normal,0188aa4119dc2b58e68affd03c7ebfa1d9d3c500973a77c7e91e2e606a8e775b,DUP-0071
6.数学建模模型算法大全/模拟退火/satools/m/mktemplate.m,6.数学建模模型算法大全,优化与规划,source-code,MATLAB,.m,3.08,normal,35edb7d6ead0543f789c8c1022d8d6bb2f21f170bc3f6e4460ce2cb0e1afdd05,DUP-0072
6.数学建模模型算法大全/模拟退火/satools/m/nextstate.m,6.数学建模模型算法大全,优化与规划,source-code,MATLAB,.m,1.57,normal,13e837ea8c2fdb9091b9bb7204cf838ce9e03d9888418b11fe6fa7ecbdf5d636,DUP-0073
6.数学建模模型算法大全/模拟退火/satools/m/plotBins.m,6.数学建模模型算法大全,优化与规划,source-code,MATLAB,.m,1.26,normal,b01e113fe1856e804352805302735cf6b9cd64d6c63e5bc0a82cb605cba8a655,DUP-0074
6.数学建模模型算法大全/模拟退火/satools/m/randomwalk.m,6.数学建模模型算法大全,优化与规划,source-code,MATLAB,.m,2.54,normal,deb18107ebd6d5484ae8f68acfb2711f9c26018d64945f3afe5ab92afa8b6aba,DUP-0075
6.数学建模模型算法大全/模拟退火/satools/m/retrospect.m,6.数学建模模型算法大全,优化与规划,source-code,MATLAB,.m,1.13,normal,eca1a50f46761354df3d0e62f60af7b91be6090f95da7daf6181afae06a5f096,DUP-0077
6.数学建模模型算法大全/模拟退火/satools/m/satools.m,6.数学建模模型算法大全,优化与规划,source-code,MATLAB,.m,0.95,normal,09b9d87fb7fe5861b664c818e4edb8995cd6c5cb5379d3407e8810c4faacc250,DUP-0078
6.数学建模模型算法大全/模拟退火/satools/m/satoolsversion.m,6.数学建模模型算法大全,优化与规划,source-code,MATLAB,.m,0.38,normal,7644ee78d3ac119c6034e0470479fc155c6a3c2c624c5f5e97af649e3f54d358,DUP-0079
6.数学建模模型算法大全/模拟退火/satools/m/stillinger3Dpoints.m,6.数学建模模型算法大全,优化与规划,source-code,MATLAB,.m,1.52,normal,fca0a5b529aabd9938bec325c9fc2b07c04330dfe8b805b20c220043c12076ee,DUP-0080
6.数学建模模型算法大全/模拟退火/satools/m/szu.m,6.数学建模模型算法大全,优化与规划,source-code,MATLAB,.m,0.58,normal,167e29eb27c086b6e280c5171437c3f0ea50fe17f343a0f3f90291a477d61295,DUP-0081
6.数学建模模型算法大全/模拟退火/satools/m/template_cost.txt,6.数学建模模型算法大全,优化与规划,source-code,MATLAB,.txt,0.29,normal,e72f46f0cc210c5577c2cf1ce45f22009c007954ee0c09a2af27de12148cffe2,DUP-0082
6.数学建模模型算法大全/模拟退火/satools/m/template_init.txt,6.数学建模模型算法大全,优化与规划,source-code,MATLAB,.txt,0.18,normal,cf3a17099fccefc4cfab0717da64c1370147d02a3ede773ff3a35272179ee98a,DUP-0083
6.数学建模模型算法大全/模拟退火/satools/m/template_new.txt,6.数学建模模型算法大全,优化与规划,source-code,MATLAB,.txt,0.36,normal,0477642751a005607390483fc39081420db20a0f4ef4cdda1432b5f584d1766a,DUP-0084
6.数学建模模型算法大全/模拟退火/satools/m/template_perturb.txt,6.数学建模模型算法大全,优化与规划,source-code,MATLAB,.txt,0.26,normal,2609d75e2dd5f3954a654d7b9a203b857581691c809ca4cb698e63eeb90d0ae9,DUP-0085
6.数学建模模型算法大全/模拟退火/satools/m/template_try_me.txt,6.数学建模模型算法大全,优化与规划,source-code,MATLAB,.txt,1.36,normal,255ee88a9df9d61e00b461f8ff0e15f45b37b25fdde5b3aed1be7d8237f57201,DUP-0086
6.数学建模模型算法大全/模拟退火/satools/m/TfinalNstop.m,6.数学建模模型算法大全,优化与规划,source-code,MATLAB,.m,1.63,normal,72134a4957141587b5d2dedfe00726bb37e85d53944a9aaf362fa21736df3cd8,DUP-0087
6.数学建模模型算法大全/模拟退火/satools/m/thermospeedHC.m,6.数学建模模型算法大全,优化与规划,source-code,MATLAB,.m,1.14,normal,372b40e64956fe86db2ef38716014dc1479ec6109f9e72a79f049dc3cef6a0a2,DUP-0088
6.数学建模模型算法大全/模拟退火/satools/m/thermospeedR.m,6.数学建模模型算法大全,优化与规划,source-code,MATLAB,.m,1.06,normal,1dfe1d45874fd9091699d829b2e56de9f06ffea59fd9b54b8f20e9f5cd3a37cb,DUP-0089
6.数学建模模型算法大全/模拟退火/satools/m/threshold.m,6.数学建模模型算法大全,优化与规划,source-code,MATLAB,.m,0.57,normal,8098ae8161209cfb1db7270f824dc9a744a40e3338397dea0c8c958864a62459,DUP-0090
6.数学建模模型算法大全/模拟退火/satools/m/TinitAccept.m,6.数学建模模型算法大全,优化与规划,source-code,MATLAB,.m,4.15,normal,681ec22a4ccf92ef45b7bb16bf427c063bfb9dc85d542140be0e2db25a412619,DUP-0091
6.数学建模模型算法大全/模拟退火/satools/m/TinitT0.m,6.数学建模模型算法大全,优化与规划,source-code,MATLAB,.m,2.22,normal,04082f2467b1d1664f8454efc516d8465c81ffd963c110aaa3fcbc07c73b19e2,DUP-0092
6.数学建模模型算法大全/模拟退火/satools/m/TinitWhite.m,6.数学建模模型算法大全,优化与规划,source-code,MATLAB,.m,2.93,normal,a4e9ffdf5be99f56931056d4e12d091ae76c455361bb3daabefdc1ee56b344f9,DUP-0093
6.数学建模模型算法大全/模拟退火/satools/m/TM.m,6.数学建模模型算法大全,优化与规划,source-code,MATLAB,.m,4.66,normal,f3df9c3de98481a6f0748ae42564b784ab928c673260328cc6a9580f9aa2d4df,DUP-0094
6.数学建模模型算法大全/模拟退火/satools/m/tsallis.m,6.数学建模模型算法大全,优化与规划,source-code,MATLAB,.m,0.71,normal,8b10b8c6d0e872e64aff31f8446411cccac9ed103a440e8c7b3f096e0aa655b5,DUP-0095
6.数学建模模型算法大全/模拟退火/模拟退火算法/monituihuo.m,6.数学建模模型算法大全,优化与规划,source-code,MATLAB,.m,1.24,normal,3afb99e4b4d2b918734519292327c05ea5d71d7a7268ae30a9a072c737bf0f0a,
6.数学建模模型算法大全/模拟退火/模拟退火算法及禁忌搜索算法的matlab源程序.txt,6.数学建模模型算法大全,优化与规划,source-code,MATLAB,.txt,7.9,normal,d803488e9760961e35d099f63e9e927f446f70acac9ee4e6f136cca61973ff8d,
6.数学建模模型算法大全/模拟退火/直接搜索算法/example23_3.m,6.数学建模模型算法大全,优化与规划,source-code,MATLAB,.m,0.42,normal,b731c576d894cecdd59ae71c9b28ee4943744b9ffc0fff0e49c7fc22b12f25fe,
6.数学建模模型算法大全/灰色模型/bpnet(1).m,6.数学建模模型算法大全,预测与时间序列,source-code,MATLAB,.m,2.34,normal,4d3b1015e586811f84971693f25766c3adc59f97bdc62e0a4dd5265c636da34c,
6.数学建模模型算法大全/神经网络/Matlab神经网络.txt,6.数学建模模型算法大全,机器学习与神经网络,source-code,MATLAB,.txt,3.2,normal,2b8c11778cdc2066ad0750d48cc203d06fcbfad426ecfe2242a76438edaaa884,
6.数学建模模型算法大全/神经网络/神经网络预测/NumREC.m,6.数学建模模型算法大全,预测与时间序列,source-code,MATLAB,.m,0.45,normal,c22fdff55e3800b831edbd3c8544cc862fe1e23c74492898907194fa8f123bcd,DUP-0097
6.数学建模模型算法大全/神经网络/神经网络预测/NumSIM.m,6.数学建模模型算法大全,预测与时间序列,source-code,MATLAB,.m,0.31,normal,c7bdbdddde568f36f5a3e135e08cf8716738f40cab01e45449f6d0944dd88924,DUP-0098
6.数学建模模型算法大全/统计分析/00预备知识 SAS软件简介/数据.txt,6.数学建模模型算法大全,统计与数据处理,source-code,SAS,.txt,1.83,normal,dda6638ba37f0890c28f33a65fc36a8f8abac7879791a5dada2fadef34494591,
6.数学建模模型算法大全/统计分析/00预备知识 SAS软件简介/第01章例题程序.txt,6.数学建模模型算法大全,统计与数据处理,source-code,SAS,.txt,3.99,normal,5b1488a93a836082a76fd31ec1f826ba4f0d7aa66122644fd5fbee9de67081dd,
6.数学建模模型算法大全/统计分析/00预备知识 SAS软件简介/第3章例题程序.txt,6.数学建模模型算法大全,统计与数据处理,source-code,SAS,.txt,4.47,normal,cc2f3747429ca02959fd4dc285fe6369a1877927e3465a823444ef86ccca1a42,
6.数学建模模型算法大全/统计分析/00预备知识 SAS软件简介/第4章例题程序.txt,6.数学建模模型算法大全,统计与数据处理,source-code,SAS,.txt,4.11,normal,1b785711a66bcbf3a17dc9c04c9890dbd9275f495f0dc5bce52184dcd0600505,
6.数学建模模型算法大全/统计分析/00预备知识 SAS软件简介/第五章例题程序.txt,6.数学建模模型算法大全,统计与数据处理,source-code,SAS,.txt,10.67,normal,ee386a48cfc3ddb18534e0ecdb9a5c463b5042a24f680a8b65ab2ff7ea256f3b,
6.数学建模模型算法大全/统计分析/00预备知识 SAS软件简介/第六章例题程序.txt,6.数学建模模型算法大全,统计与数据处理,source-code,SAS,.txt,9.11,normal,31906dcb9e5a8c7b3efec8864c7318b99647e11f36d14249c2e922eb6cbede81,
6.数学建模模型算法大全/统计分析/多元分析/主成份分析/Untitled14.m,6.数学建模模型算法大全,统计与数据处理,source-code,MATLAB,.m,0.58,normal,4c817ca920a3b6985c4bcda247365f825b8b87503799d2ea170442fde24ab90f,
6.数学建模模型算法大全/统计分析/多元分析/主成份分析/zhuchengfen.m,6.数学建模模型算法大全,统计与数据处理,source-code,MATLAB,.m,1.18,normal,dca8425268d00c140a079fd53d8b6847baa05fe033ddeba1fa999a22a6eb5448,
6.数学建模模型算法大全/统计分析/多元分析/因子分析/yinzifenxi.m,6.数学建模模型算法大全,统计与数据处理,source-code,MATLAB,.m,0.82,normal,959feef572d88d47a1f2769b73ee1f6f4e510baf5d76de9f462b5e493def5bd7,
6.数学建模模型算法大全/统计分析/多元分析/因子分析/yinzixuanzhuan.m,6.数学建模模型算法大全,统计与数据处理,source-code,MATLAB,.m,0.56,normal,b348b9d67788453bca47cae2ba7b04195e6cd4bc94fea98722341b96e8431bee,
6.数学建模模型算法大全/统计分析/多元分析/因子分析/yinzixuanzhuan2.m,6.数学建模模型算法大全,统计与数据处理,source-code,MATLAB,.m,0.55,normal,46fde769918b39817e5ada76889d011e05f48f25369503f8a2d5c5a2f96cc466,
6.数学建模模型算法大全/统计分析/多元分析/聚类分析/Q型聚类分析/Qjulei.m,6.数学建模模型算法大全,统计与数据处理,source-code,MATLAB,.m,0.65,normal,c861212e6ebbb44e002ed2cf2423b85daac7be6b7b390c8bbce1ff54af976878,
6.数学建模模型算法大全/统计分析/多元分析/聚类分析/R型聚类分析/Rjuleifenxi1.m,6.数学建模模型算法大全,统计与数据处理,source-code,MATLAB,.m,0.5,normal,f18777fbfc5e12e6b763fc5392cc6a68a1a6f90ba3e7eeabc88c2895278f1b61,
6.数学建模模型算法大全/统计分析/多元分析/聚类分析/最短距离法与最长距离法/juleifenxi1.m,6.数学建模模型算法大全,统计与数据处理,source-code,MATLAB,.m,0.68,normal,8c09a248a25bbeef829b752198753f1f3c990456e30c1a5342c4fb4eb0bc7c5b,
6.数学建模模型算法大全/统计分析/多元分析/聚类分析/最短距离法与最长距离法/juleifenxi2.m,6.数学建模模型算法大全,统计与数据处理,source-code,MATLAB,.m,0.39,normal,1f9f636436b8265419116e342cb80cf7eda12f705bde2a6e73652cfd2c1b4815,
6.数学建模模型算法大全/统计分析/多元分析/聚类分析/服装标准制定中的变量聚类法/juleifenxi3.m,6.数学建模模型算法大全,统计与数据处理,source-code,MATLAB,.m,0.45,normal,502fe3a428bcfd256dd6c3f64045f4c969493d04bcb8a56d9cb03cfa261d3a9e,
6.数学建模模型算法大全/统计分析/张敬信-SAS学习系列/代码实例/ch01_exam.sas,6.数学建模模型算法大全,统计与数据处理,source-code,SAS,.sas,0.45,normal,f1e45eb3b54e404eb799bbe161085d28cbe4d8da15b057ec3b47d2a0679eb1b8,
6.数学建模模型算法大全/统计分析/张敬信-SAS学习系列/代码实例/ch01_sample.sas,6.数学建模模型算法大全,统计与数据处理,source-code,SAS,.sas,0.27,normal,156978b1cb98a767477eb0826b99e5c5cd5fc496a575d2e0f5d283256548fb74,
6.数学建模模型算法大全/统计分析/张敬信-SAS学习系列/代码实例/ch02_basic_report.sas,6.数学建模模型算法大全,统计与数据处理,source-code,SAS,.sas,0.13,normal,902c345b075d41dd6ea41ad0685812f456f95d28e526b44b8e99aeb3b0149875,
6.数学建模模型算法大全/统计分析/张敬信-SAS学习系列/代码实例/ch02_column_subtotals.sas,6.数学建模模型算法大全,统计与数据处理,source-code,SAS,.sas,0.18,normal,8554d86c7dfe5725ac7fe8a2f1f2cc859c35718c934572eac52b1bdb77cf9cce,
6.数学建模模型算法大全/统计分析/张敬信-SAS学习系列/代码实例/ch02_column_totals.sas,6.数学建模模型算法大全,统计与数据处理,source-code,SAS,.sas,0.11,normal,7e515d4730309ebbadf1a0b3c17cb162982791245f3d56a6f56a1da0ea8f7c0c,
6.数学建模模型算法大全/统计分析/张敬信-SAS学习系列/代码实例/ch02_label_statement.sas,6.数学建模模型算法大全,统计与数据处理,source-code,SAS,.sas,0.21,normal,471732832fd74e00f28c658f74263ff25e662ae1c9f152f6c2a327850a20b195,
6.数学建模模型算法大全/统计分析/张敬信-SAS学习系列/代码实例/ch02_Selecting_Variables.sas,6.数学建模模型算法大全,统计与数据处理,source-code,SAS,.sas,0.12,normal,753174ded4546ef5c54767552267b601d888f03476401dd5c5e18e2b9c38c28b,
6.数学建模模型算法大全/统计分析/张敬信-SAS学习系列/代码实例/ch02_sort.sas,6.数学建模模型算法大全,统计与数据处理,source-code,SAS,.sas,0.16,normal,e6bd6258420a4f0294ea20893499fad8e2b66b36b9e37a7d5b458d0d1f452fd0,
6.数学建模模型算法大全/统计分析/张敬信-SAS学习系列/代码实例/ch02_title_footnote.sas,6.数学建模模型算法大全,统计与数据处理,source-code,SAS,.sas,0.24,normal,f3b14dc728e2081589ff93ad2c92b0d2440f6d5297b3ace1d0a5d6fda520d07a,
6.数学建模模型算法大全/统计分析/张敬信-SAS学习系列/代码实例/ch02_where_statement.sas,6.数学建模模型算法大全,统计与数据处理,source-code,SAS,.sas,0.09,normal,0a586a47187dc475455f544534e2530e83e0dfc5cca374be3678efcfc9dbcad5,
6.数学建模模型算法大全/统计分析/张敬信-SAS学习系列/代码实例/ch03_at_yong_fa.sas,6.数学建模模型算法大全,统计与数据处理,source-code,SAS,.sas,1.03,normal,a0e07738aa392fb4b72642346ae002396dd1594b62c04ea5d063085c3415f297,
6.数学建模模型算法大全/统计分析/张敬信-SAS学习系列/代码实例/ch03_fei_biao_zhun_shu_ju.sas,6.数学建模模型算法大全,统计与数据处理,source-code,SAS,.sas,0.22,normal,d4565509179d80fd059b20623d2f0b3b1817ecff8c5a9e3ffd612338019e68ef,
6.数学建模模型算法大全/统计分析/张敬信-SAS学习系列/代码实例/ch03_fen_ge_fu.sas,6.数学建模模型算法大全,统计与数据处理,source-code,SAS,.sas,0.21,normal,578db540e5ac35aba9e72c0a44ae5a119accd7e357431f11aec3f52b250591e4,
6.数学建模模型算法大全/统计分析/张敬信-SAS学习系列/代码实例/ch03_gu_ding_lie.sas,6.数学建模模型算法大全,统计与数据处理,source-code,SAS,.sas,0.24,normal,a18b3352188c2591e636cbf0cd7f64abc0f2f5ab708ccdfcfa5f92d6d9485d9e,
6.数学建模模型算法大全/统计分析/张敬信-SAS学习系列/代码实例/ch03_hun_he_ge_shi.sas,6.数学建模模型算法大全,统计与数据处理,source-code,SAS,.sas,0.19,normal,c63ceaa3f6ffab601521fcdac6eb0321aa08faa4133b5ee8b7cd1477375e379b,
6.数学建模模型算法大全/统计分析/张敬信-SAS学习系列/代码实例/ch03_kong_ge_fen_ge.sas,6.数学建模模型算法大全,统计与数据处理,source-code,SAS,.sas,0.16,normal,f41f443e87339b31f4ccc481ff13edc3da6e67e1c35707b7cd81b72484185f33,
6.数学建模模型算法大全/统计分析/张敬信-SAS学习系列/代码实例/ch03_kua_hang_guan_ce_zhi.sas,6.数学建模模型算法大全,统计与数据处理,source-code,SAS,.sas,0.21,normal,09bb6d7a260121e6ef200a27f1a757b06943dba27d5e6620303dc44a09070818,
6.数学建模模型算法大全/统计分析/张敬信-SAS学习系列/代码实例/ch03_lie_kuan_bu_tong_TRUNCOVER.sas,6.数学建模模型算法大全,统计与数据处理,source-code,SAS,.sas,0.15,normal,0b20995a6d6bef5d03f4216fd521b560787d83b5052d8456ffdaee47ad5a4690,DUP-0100
6.数学建模模型算法大全/统计分析/张敬信-SAS学习系列/代码实例/ch03_ling_luan_shu_ju1.sas,6.数学建模模型算法大全,统计与数据处理,source-code,SAS,.sas,0.2,normal,66d67e9ef9bff3335deea058200fdecac7e27c665c6ed44b8d427a7247f8c195,
6.数学建模模型算法大全/统计分析/张敬信-SAS学习系列/代码实例/ch03_ling_luan_shu_ju2.sas,6.数学建模模型算法大全,统计与数据处理,source-code,SAS,.sas,0.16,normal,5cea2340c9b57b660a3700265a2e114331b8f2ff63317cbb665f8480bf5acaf7,
6.数学建模模型算法大全/统计分析/张敬信-SAS学习系列/代码实例/ch03_que_shi_MISSOVER.sas,6.数学建模模型算法大全,统计与数据处理,source-code,SAS,.sas,0.15,normal,9930b2e55fd728fb493ea3ac5b491f85378082f0e6fcf88f6dea73a2dbd8a717,
6.数学建模模型算法大全/统计分析/张敬信-SAS学习系列/代码实例/ch03_xu_hang_du_qu.sas,6.数学建模模型算法大全,统计与数据处理,source-code,SAS,.sas,0.15,normal,0b20995a6d6bef5d03f4216fd521b560787d83b5052d8456ffdaee47ad5a4690,DUP-0100
6.数学建模模型算法大全/统计分析/张敬信-SAS学习系列/代码实例/ch03_yi_hang_duo_guan_ce_zhi.sas,6.数学建模模型算法大全,统计与数据处理,source-code,SAS,.sas,0.23,normal,63942c378f661d22dfa52c0f6e53f8436cbf33adb43db61a0f8f62edaf01e590,
6.数学建模模型算法大全/统计分析/张敬信-SAS学习系列/代码实例/ch03_you_xuan_ze_du_qu.sas,6.数学建模模型算法大全,统计与数据处理,source-code,SAS,.sas,0.21,normal,e5c8be735bc67a4962f92a75b3518e43639ffbe33b6661cad45655637173e111,
6.数学建模模型算法大全/统计分析/张敬信-SAS学习系列/代码实例/ch04_dao_ru_excel1.sas,6.数学建模模型算法大全,统计与数据处理,source-code,SAS,.sas,0.13,normal,1878ad926a46168ef184249d79324eaf696bd32f14a35c659c6d45eb53db715d,
6.数学建模模型算法大全/统计分析/张敬信-SAS学习系列/代码实例/ch04_dao_ru_excel2.sas,6.数学建模模型算法大全,统计与数据处理,source-code,SAS,.sas,0.24,normal,38bc5eaca79681fdf186fa91dbbb70108b9ba1ba0d0f50296986e13da866d3e3,
6.数学建模模型算法大全/统计分析/张敬信-SAS学习系列/代码实例/ch04_dataset_2_xlsx.sas,6.数学建模模型算法大全,统计与数据处理,source-code,SAS,.sas,0.21,normal,a48c83958e8c596e7e1971a5ddc76edb61cc42e9ab81016c123eca8fc7277b72,
6.数学建模模型算法大全/统计分析/张敬信-SAS学习系列/代码实例/ch04_dataset_2_xlsx2.sas,6.数学建模模型算法大全,统计与数据处理,source-code,SAS,.sas,0.14,normal,c0e33dd4a973f2406c81a4160635d2753545c45470aed3081f7f49ea98b5eb03,
6.数学建模模型算法大全/统计分析/张敬信-SAS学习系列/代码实例/ch05_program_data_vector.sas,6.数学建模模型算法大全,统计与数据处理,source-code,SAS,.sas,0.19,normal,7cb956b647e8c45254050572b58c9e7628c9bad80b0b072fbe5b5be4f61bdb0c,
6.数学建模模型算法大全/统计分析/张敬信-SAS学习系列/代码实例/ch05_retain_sum.sas,6.数学建模模型算法大全,统计与数据处理,source-code,SAS,.sas,0.31,normal,6f729210bb29fae387f03e9a31ee5d3e5057b53b6f7f81c65f0999ea10ca7971,
6.数学建模模型算法大全/统计分析/张敬信-SAS学习系列/代码实例/ch05_xiu_gai_cuo_wu_shu_ju.sas,6.数学建模模型算法大全,统计与数据处理,source-code,SAS,.sas,0.24,normal,6574857e52a8555e8e6db505008636f7e4d5fd8026648465ccd5e590e4bf008e,
6.数学建模模型算法大全/统计分析/张敬信-SAS学习系列/代码实例/ch05_xuan_ze_du_ru_shu_ju.sas,6.数学建模模型算法大全,统计与数据处理,source-code,SAS,.sas,0.22,normal,72dd2aa7aa0408b22c189a14b277ca60701be72174d2971fe66df4219d64f0a2,
6.数学建模模型算法大全/统计分析/张敬信-SAS学习系列/代码实例/ch06_han_shu_shi_li.sas,6.数学建模模型算法大全,统计与数据处理,source-code,SAS,.sas,0.32,normal,158f952c0ba56f660f0f2fb4b9678d4123b750b2af814b61aa22aa9661b79db6,
6.数学建模模型算法大全/统计分析/张敬信-SAS学习系列/代码实例/ch06_zeng_jia_lie_bian_liang.sas,6.数学建模模型算法大全,统计与数据处理,source-code,SAS,.sas,0.3,normal,2e7726ef969f2185d1655f024b8a96be4b409a2f753fb02c59761ee8b610c679,
6.数学建模模型算法大全/统计分析/张敬信-SAS学习系列/代码实例/ch07_if_then.sas,6.数学建模模型算法大全,统计与数据处理,source-code,SAS,.sas,0.29,normal,dd9ba11cbe972798296cca6be736c90d65adc3a0e829280468746fdb54102fac,
6.数学建模模型算法大全/统计分析/张敬信-SAS学习系列/代码实例/ch07_if_then2.sas,6.数学建模模型算法大全,统计与数据处理,source-code,SAS,.sas,0.34,normal,01e92c4455978540154b64616fb97d81d8dd2725848cae7c0c3d8c0380b3cb3d,
6.数学建模模型算法大全/统计分析/张敬信-SAS学习系列/代码实例/ch07_if_then3.sas,6.数学建模模型算法大全,统计与数据处理,source-code,SAS,.sas,0.2,normal,759ee304a80c12809144be338c780ae70e25bf77a84def26e25f8b6021ab9938,
6.数学建模模型算法大全/统计分析/张敬信-SAS学习系列/代码实例/ch07_if_then4.sas,6.数学建模模型算法大全,统计与数据处理,source-code,SAS,.sas,0.42,normal,426b6ba3134d42d5e0ab24bd2c5ea2c65674ba1101dcf2f797c6e2388748c08d,
6.数学建模模型算法大全/统计分析/张敬信-SAS学习系列/代码实例/ch07_if_where_qu_bie1.sas,6.数学建模模型算法大全,统计与数据处理,source-code,SAS,.sas,0.13,normal,90a88308edb0f70eeed4e26266ffdd5fcd55f3a21672a9f3f9b6b4ebf217bbca,
6.数学建模模型算法大全/统计分析/张敬信-SAS学习系列/代码实例/ch07_if_where_qu_bie2.sas,6.数学建模模型算法大全,统计与数据处理,source-code,SAS,.sas,0.14,normal,44c10d2aff201bae0c0102800fcdefc1d8b70d598e13be435476dcf9561de257,
6.数学建模模型算法大全/统计分析/张敬信-SAS学习系列/代码实例/ch07_where1.sas,6.数学建模模型算法大全,统计与数据处理,source-code,SAS,.sas,0.25,normal,917f760123a1bed3d9ddfa76e2f2e4ef2d95938e4112910d5509a207df635d8f,
6.数学建模模型算法大全/统计分析/张敬信-SAS学习系列/代码实例/ch07_where2.sas,6.数学建模模型算法大全,统计与数据处理,source-code,SAS,.sas,0.36,normal,29275880d2b9b26bd628122755aeb66779164c85f54ee46d7be8ce73d22cd6c8,
6.数学建模模型算法大全/统计分析/张敬信-SAS学习系列/代码实例/ch08_date1.sas,6.数学建模模型算法大全,统计与数据处理,source-code,SAS,.sas,0.42,normal,d939c0cbd491bac62528be8c110164415ed93bdb85305f53711ea444bd7453a3,
6.数学建模模型算法大全/统计分析/张敬信-SAS学习系列/代码实例/ch08_format.sas,6.数学建模模型算法大全,统计与数据处理,source-code,SAS,.sas,0.6,normal,484ff4041b5e0f7728aba5f6ce2d368f83e90bf31a2e6e03fc110ae394e87582,
6.数学建模模型算法大全/统计分析/张敬信-SAS学习系列/代码实例/ch09_set_drop_keep.sas,6.数学建模模型算法大全,统计与数据处理,source-code,SAS,.sas,0.36,normal,e258ad1a1d87db515bfaedccc221c86bbbede6f9429b509dc5485f3a92b990ff,
6.数学建模模型算法大全/统计分析/张敬信-SAS学习系列/代码实例/ch09_set_modify_data.sas,6.数学建模模型算法大全,统计与数据处理,source-code,SAS,.sas,0.21,normal,5da95d977e7f1b23ff790d03f14d31bebaa36a74462e95cb9b0bde26d2ed897a,
6.数学建模模型算法大全/统计分析/张敬信-SAS学习系列/代码实例/ch09_update_data.sas,6.数学建模模型算法大全,统计与数据处理,source-code,SAS,.sas,0.69,normal,230544ee08ba057abdbe1cec1f735c3963ee0e97f9ed61d262ee3c831d17f673,
6.数学建模模型算法大全/统计分析/张敬信-SAS学习系列/代码实例/ch09_zhuan_zhi.sas,6.数学建模模型算法大全,统计与数据处理,source-code,SAS,.sas,0.33,normal,ed9932d7e08456b9752a9c86281c1fbd43257d2820c59ad33aa6243be84d8bba,
6.数学建模模型算法大全/统计分析/张敬信-SAS学习系列/代码实例/ch09_zhuan_zhi2.sas,6.数学建模模型算法大全,统计与数据处理,source-code,SAS,.sas,0.56,normal,975e95470876192379a0391a4e22f3a2bd3c22776e5e516de2d3491087801595,
6.数学建模模型算法大全/统计分析/张敬信-SAS学习系列/代码实例/ch10 yi_dui_yi_pi_pei.sas,6.数学建模模型算法大全,统计与数据处理,source-code,SAS,.sas,0.39,normal,f92d0cabfd9417e3bb37bcd929e63ced03a10bc499be8f227c1875148c1468f5,
6.数学建模模型算法大全/统计分析/张敬信-SAS学习系列/代码实例/ch10_in_geng_zong_xuan_ze.sas,6.数学建模模型算法大全,统计与数据处理,source-code,SAS,.sas,0.48,normal,e5fc755baf91489cf5926fef9f0202fea55ee9ec1babc1afaf0fc9c841bedf11,
6.数学建模模型算法大全/统计分析/张敬信-SAS学习系列/代码实例/ch10_pai_xu_pin_jie_he_bing.sas,6.数学建模模型算法大全,统计与数据处理,source-code,SAS,.sas,0.58,normal,6bad9d559293386a169d308841d87ff272c0a9a387061c09fcd1714ac3952de5,
6.数学建模模型算法大全/统计分析/张敬信-SAS学习系列/代码实例/ch10_pin_jie_he_bing.sas,6.数学建模模型算法大全,统计与数据处理,source-code,SAS,.sas,0.72,normal,9be41518ac333b760ae8c493addf7b0090efa1316ee218390c60b21fc0daecfb,
6.数学建模模型算法大全/统计分析/张敬信-SAS学习系列/代码实例/ch10_yi_dui_duo_pi_pei.sas,6.数学建模模型算法大全,统计与数据处理,source-code,SAS,.sas,0.46,normal,68abc3be344f1bd315b8c612667361e11f17f0f365ad545bedd7232641640f36,
6.数学建模模型算法大全/统计分析/张敬信-SAS学习系列/代码实例/ch11_bao_cun_means.sas,6.数学建模模型算法大全,统计与数据处理,source-code,SAS,.sas,0.55,normal,3806da65dc02adfe61f5bb39038d65967ee8dfb369c6287f0670bc4fa8800445,
6.数学建模模型算法大全/统计分析/张敬信-SAS学习系列/代码实例/ch11_freq.sas,6.数学建模模型算法大全,统计与数据处理,source-code,SAS,.sas,0.25,normal,7b41f9f65425dfa1f63284642d7c057846242495ec3ea981bcc9702c78aefbfb,
6.数学建模模型算法大全/统计分析/张敬信-SAS学习系列/代码实例/ch11_he_bing_hui_zong_tong_ji_liang.sas,6.数学建模模型算法大全,统计与数据处理,source-code,SAS,.sas,0.61,normal,cca237ac26309b60cd895f3417090328171b737cf173d1f069de5409b3f1c938,
6.数学建模模型算法大全/统计分析/张敬信-SAS学习系列/代码实例/ch11_he_bing_tong_ji_liang.sas,6.数学建模模型算法大全,统计与数据处理,source-code,SAS,.sas,0.66,normal,ab42d46b4cabdb4de96033b5d55085135075e3bcdab470d62183219b79bad876,
6.数学建模模型算法大全/统计分析/张敬信-SAS学习系列/代码实例/ch11_means.sas,6.数学建模模型算法大全,统计与数据处理,source-code,SAS,.sas,0.35,normal,ea9f6e0305a4653572bf14b019a474f82f74521934daff5215b7eef2f039c61e,
6.数学建模模型算法大全/统计分析/张敬信-SAS学习系列/代码实例/ch11_tabulate1.sas,6.数学建模模型算法大全,统计与数据处理,source-code,SAS,.sas,0.33,normal,b0aaef382de35cf57b020811bc72dbd0a09f8fb2d34f175266213d673c9b3a9c,
6.数学建模模型算法大全/统计分析/张敬信-SAS学习系列/代码实例/ch11_tabulate2.sas,6.数学建模模型算法大全,统计与数据处理,source-code,SAS,.sas,0.35,normal,ceacbb5646fcff4692eaaee5cbac34d75d7270dbd65434239a0453d1aaee6e5e,
6.数学建模模型算法大全/统计分析/张敬信-SAS学习系列/代码实例/ch11_tabulate3.sas,6.数学建模模型算法大全,统计与数据处理,source-code,SAS,.sas,0.37,normal,0ab140f7d404c4cab704bd68a8ea377d1b5bc34c0cf9747ef3ceed84216de3fb,
6.数学建模模型算法大全/统计分析/张敬信-SAS学习系列/代码实例/ch11_tabulate4.sas,6.数学建模模型算法大全,统计与数据处理,source-code,SAS,.sas,0.58,normal,25d81f1a037e1e0380f592aaa18ef1b258786a02cd62569297ea914de6e97817,
6.数学建模模型算法大全/统计分析/张敬信-SAS学习系列/代码实例/ch11_tabulate5.sas,6.数学建模模型算法大全,统计与数据处理,source-code,SAS,.sas,0.39,normal,7c7c9d2d2af68f14ab9b471ca11f1b1e02350f47f13a8fdddc59f522e90eed65,
6.数学建模模型算法大全/统计分析/张敬信-SAS学习系列/代码实例/ch12_array.sas,6.数学建模模型算法大全,统计与数据处理,source-code,SAS,.sas,0.27,normal,30d5dd53279077fff25ff960f3a7e2b9d9f22e1c6e8379cdf3d9c7c453cc5b8b,
6.数学建模模型算法大全/统计分析/张敬信-SAS学习系列/代码实例/ch12_lin_shi_array1.sas,6.数学建模模型算法大全,统计与数据处理,source-code,SAS,.sas,0.37,normal,db142d182a73b411ca2c9a6624c31e1829cbc548721fa7021a63fd1102b6400b,
6.数学建模模型算法大全/统计分析/张敬信-SAS学习系列/代码实例/ch12_lin_shi_array2.sas,6.数学建模模型算法大全,统计与数据处理,source-code,SAS,.sas,0.78,normal,0f9f1008d4142466f26df6d9a06344676498f122c2d3058bb89fda3f3bb6810e,
6.数学建模模型算法大全/统计分析/张敬信-SAS学习系列/代码实例/ch13_SGPANEL.sas,6.数学建模模型算法大全,统计与数据处理,source-code,SAS,.sas,0.37,normal,cddf56e158122a324918e7c8b77a38a86f3c45b9b29ace15c872e54d5149c663,
6.数学建模模型算法大全/统计分析/张敬信-SAS学习系列/代码实例/ch13_she_zhi_tu_xing_shu_chu.sas,6.数学建模模型算法大全,统计与数据处理,source-code,SAS,.sas,0.37,normal,6c2e4f03f5f76c74c8934dc833011538f651512a48bf82913d881329ee845973,
6.数学建模模型算法大全/统计分析/张敬信-SAS学习系列/代码实例/ch14_bar_plots.sas,6.数学建模模型算法大全,统计与数据处理,source-code,SAS,.sas,0.4,normal,b30108237eae0724fa7fe149dc70bdce28a56041444185ffb95d8cd5694bce70,
6.数学建模模型算法大全/统计分析/张敬信-SAS学习系列/代码实例/ch14_box_plots.sas,6.数学建模模型算法大全,统计与数据处理,source-code,SAS,.sas,0.23,normal,01594e2396f099f2bb2e85c808164b1c1c45a9f43caaea181b1fa6afcba7fe68,
6.数学建模模型算法大全/统计分析/张敬信-SAS学习系列/代码实例/ch14_histogram.sas,6.数学建模模型算法大全,统计与数据处理,source-code,SAS,.sas,0.29,normal,68b069774afb3f043750a1fec1f7277b850b39db65efb04d2dcccb26eb2e6d5d,
6.数学建模模型算法大全/统计分析/张敬信-SAS学习系列/代码实例/ch14_pie_plots.sas,6.数学建模模型算法大全,统计与数据处理,source-code,SAS,.sas,0.38,normal,694e5403bb39bfe5777848543edb06976cfd0f958e68b5c126320cf059610d6c,
6.数学建模模型算法大全/统计分析/张敬信-SAS学习系列/代码实例/ch14_pie_plots2.sas,6.数学建模模型算法大全,统计与数据处理,source-code,SAS,.sas,0.29,normal,5ba133779249d52dde7f8dbfebd443d6d6fa75b70da12db28752ac7ec54858bf,
6.数学建模模型算法大全/统计分析/张敬信-SAS学习系列/代码实例/ch15_ni_he_qu_xian.sas,6.数学建模模型算法大全,统计与数据处理,source-code,SAS,.sas,0.27,normal,b6fecaccf681fa5d77a3d3b72efed42e655cacb229152517cf1e4cc00f7e16a7,
6.数学建模模型算法大全/统计分析/张敬信-SAS学习系列/代码实例/ch15_scatter.sas,6.数学建模模型算法大全,统计与数据处理,source-code,SAS,.sas,0.38,normal,3454c01d7c523f002a6bf7c62db28f660439479cb0bc55027e2a9ba6a86569f9,
6.数学建模模型算法大全/统计分析/张敬信-SAS学习系列/代码实例/ch15_series_gu_piao.sas,6.数学建模模型算法大全,统计与数据处理,source-code,SAS,.sas,0.69,normal,96d2a5c2cdb54befdbd51fd72d38e7a1ac489e8747131667cbfc8ea0295edbe0,
6.数学建模模型算法大全/统计分析/张敬信-SAS学习系列/代码实例/ch15_series_plot.sas,6.数学建模模型算法大全,统计与数据处理,source-code,SAS,.sas,0.34,normal,1a078d98473c059ef1a95e1cc90f90f3502155d7c372d1461c9946e302d19403,
6.数学建模模型算法大全/统计分析/张敬信-SAS学习系列/代码实例/ch16_SQL1.sas,6.数学建模模型算法大全,统计与数据处理,source-code,SAS,.sas,0.3,normal,b9cc84a6ebdabdbe5d3052b2f5c258dc54213ce01fdbb3dd83fb6f191025dd49,
6.数学建模模型算法大全/统计分析/张敬信-SAS学习系列/代码实例/ch16_SQL2.sas,6.数学建模模型算法大全,统计与数据处理,source-code,SAS,.sas,0.26,normal,cf7bbcc62fd86cdd26677fd1d1aab072943104e7fb0b6b9ab8523d6dfff024bc,
6.数学建模模型算法大全/统计分析/张敬信-SAS学习系列/代码实例/ch16_SQL3.sas,6.数学建模模型算法大全,统计与数据处理,source-code,SAS,.sas,0.49,normal,02a89245ad1854bcb434723eb6de733489e6e4850b8bdbddecbe78e81d20187b,
6.数学建模模型算法大全/统计分析/张敬信-SAS学习系列/代码实例/ch16_SQL4.sas,6.数学建模模型算法大全,统计与数据处理,source-code,SAS,.sas,0.46,normal,b3267c7c1bb4bfe1e5a1e7dfbef47fe095cdb5f6952c1491d27f4eb409360308,
6.数学建模模型算法大全/统计分析/张敬信-SAS学习系列/代码实例/ch16_SQL5.sas,6.数学建模模型算法大全,统计与数据处理,source-code,SAS,.sas,0.25,normal,35916c54676f52186ec6695231d12907b6e26731078bbd2fdceec3962fd9440e,
6.数学建模模型算法大全/统计分析/张敬信-SAS学习系列/代码实例/ch16_SQL6.sas,6.数学建模模型算法大全,统计与数据处理,source-code,SAS,.sas,0.28,normal,7666c8995b2e7864da6a843f1d1c8e0c71218c9f269cce5d3d461fcf0325ce4c,
6.数学建模模型算法大全/统计分析/张敬信-SAS学习系列/代码实例/ch16_SQL7.sas,6.数学建模模型算法大全,统计与数据处理,source-code,SAS,.sas,0.35,normal,9d7e8b59bc8a2c3d5fb7d6c6b9c835df851e66da2e996d298f3d28105d73c910,
6.数学建模模型算法大全/统计分析/张敬信-SAS学习系列/代码实例/ch16_SQL8.sas,6.数学建模模型算法大全,统计与数据处理,source-code,SAS,.sas,0.31,normal,959441680adafb1a40409c3c278eb560e66e75475335531f078c6c909b715f46,
6.数学建模模型算法大全/统计分析/张敬信-SAS学习系列/代码实例/ch16_SQL9.sas,6.数学建模模型算法大全,统计与数据处理,source-code,SAS,.sas,0.28,normal,06ff1683a895203dbcc0225a808fa8d1883e8a58157851e563b9ce45fb2472e9,
6.数学建模模型算法大全/统计分析/张敬信-SAS学习系列/代码实例/ch20_dan_bian_liang_univariate.sas,6.数学建模模型算法大全,统计与数据处理,source-code,SAS,.sas,0.13,normal,b619a0464e96d6e7127924faafc1832f82b7e9c2e9b38a1368f5e54adb8cffd4,
6.数学建模模型算法大全/统计分析/张敬信-SAS学习系列/代码实例/ch20_univariate_hui_tu.sas,6.数学建模模型算法大全,统计与数据处理,source-code,SAS,.sas,0.17,normal,43d3c77f19438e781269bc1c2e4cf14f906bfa7e4c0c7e893e093204472b32df,
6.数学建模模型算法大全/统计分析/张敬信-SAS学习系列/代码实例/ch21_means.sas,6.数学建模模型算法大全,统计与数据处理,source-code,SAS,.sas,0.23,normal,4c4820384435b6c832932ff7cefd70a8090f6fcf042e333152750c76bcecfd35,
6.数学建模模型算法大全/统计分析/张敬信-SAS学习系列/代码实例/ch21_ttest1.sas,6.数学建模模型算法大全,统计与数据处理,source-code,SAS,.sas,0.25,normal,3408c16991d24c6b1812da88f5c3690dd85675164b99a1c258d3aedd308f931e,
6.数学建模模型算法大全/统计分析/张敬信-SAS学习系列/代码实例/ch22_freq.sas,6.数学建模模型算法大全,统计与数据处理,source-code,SAS,.sas,0.37,normal,d88a3147503ef674e7697713e04587d8c61730de6f2eb3bd4c59f1552e2dded1,
6.数学建模模型算法大全/统计分析/张敬信-SAS学习系列/代码实例/ch23_corr1.sas,6.数学建模模型算法大全,统计与数据处理,source-code,SAS,.sas,0.27,normal,67e11d47167fd797a78abafa5caae50ccbac76c88fd2f48f7aed7f9e988fc389,
6.数学建模模型算法大全/统计分析/张敬信-SAS学习系列/代码实例/ch23_corr_dian_xing_xiang_guan.sas,6.数学建模模型算法大全,统计与数据处理,source-code,SAS,.sas,0.63,normal,c6cc9ab50dcbe151a3aa992730dfad3ed668f609c90980bbb169241d542f994e,
6.数学建模模型算法大全/统计分析/张敬信-SAS学习系列/代码实例/ch23_corr_zhi_xiang_guan.sas,6.数学建模模型算法大全,统计与数据处理,source-code,SAS,.sas,0.32,normal,e2ce1d275ad7208bbacea36a5629ddec7144166f2e49aa3dd9d0aed02f813d33,
6.数学建模模型算法大全/统计分析/张敬信-SAS学习系列/代码实例/ch24_xian_xing_hui_gui.sas,6.数学建模模型算法大全,统计与数据处理,source-code,SAS,.sas,0.22,normal,5e1970e60bbd08f8416d9b4992a28e11d6bf81eaf07bb94e00e9176f13995053,
6.数学建模模型算法大全/统计分析/张敬信-SAS学习系列/代码实例/ch25_duo_yuan_xian_xing_hui_gui.sas,6.数学建模模型算法大全,统计与数据处理,source-code,SAS,.sas,2.15,normal,95ad37540b770261ff6de0a53de6a03630ada7970996d648bfdebb3e29a369e3,
6.数学建模模型算法大全/统计分析/张敬信-SAS学习系列/代码实例/ch26_zhu_bu_hui_gui.sas,6.数学建模模型算法大全,统计与数据处理,source-code,SAS,.sas,1.28,normal,7ebaba253d3e04c76417ed655a360c7a2c560ebced336f7ec58bf04db2d3e5c2,
6.数学建模模型算法大全/统计分析/张敬信-SAS学习系列/代码实例/ch26_zhu_bu_hui_gui0.sas,6.数学建模模型算法大全,统计与数据处理,source-code,SAS,.sas,1.23,normal,20a923bdbef370b9a25ca34b04d346774cc70c49e56404a64ba440762488d9cc,
6.数学建模模型算法大全/统计分析/张敬信-SAS学习系列/代码实例/ch26_zhu_bu_hui_gui_cp.sas,6.数学建模模型算法大全,统计与数据处理,source-code,SAS,.sas,1.46,normal,159e40d8acee052082e231393c7cef9ffcbc43cbfa8c59a99d36b4d9ff18c596,
6.数学建模模型算法大全/统计分析/张敬信-SAS学习系列/代码实例/ch26_zhu_bu_hui_gui_rsuare.sas,6.数学建模模型算法大全,统计与数据处理,source-code,SAS,.sas,1.29,normal,a63c3a9c1725921788346130f68e2b6f41c4b0542bb8923bb204f2c4160c4500,
6.数学建模模型算法大全/统计分析/张敬信-SAS学习系列/代码实例/ch27_fei_xian_xing_hui_gui1.sas,6.数学建模模型算法大全,统计与数据处理,source-code,SAS,.sas,0.74,normal,e0f8c351c8dca545e99388f552559bf3bce3b7fbc7ec195e17973e523e4581b3,
6.数学建模模型算法大全/统计分析/张敬信-SAS学习系列/代码实例/ch27_fei_xian_xing_hui_gui2.sas,6.数学建模模型算法大全,统计与数据处理,source-code,SAS,.sas,0.54,normal,82e3bfdc3fd1ed794e564069560cd68ca02e71ebb27d3f09b27348a31978a325,
6.数学建模模型算法大全/统计分析/张敬信-SAS学习系列/代码实例/ch27_fei_xian_xing_hui_gui3.sas,6.数学建模模型算法大全,统计与数据处理,source-code,SAS,.sas,0.83,normal,7c7647b08f8f2be41251025b3a86036975cd5d90c2a1c56ede060e631da5964d,
6.数学建模模型算法大全/统计分析/张敬信-SAS学习系列/代码实例/ch28_college.sas,6.数学建模模型算法大全,统计与数据处理,source-code,SAS,.sas,0.35,normal,6784769e36673e3ecf57d2aff6894d1ca9ccbc7f02c32ef456628aa849857a34,
6.数学建模模型算法大全/统计分析/张敬信-SAS学习系列/代码实例/ch28_duo_fen_lei_Logistic.sas,6.数学建模模型算法大全,统计与数据处理,source-code,SAS,.sas,0.64,normal,c1703e92917bbec3c3dfc18bf032bbf5333d8ac3e36feb634dd6f807a1b013c8,
6.数学建模模型算法大全/统计分析/张敬信-SAS学习系列/代码实例/ch28_Logistic.sas,6.数学建模模型算法大全,统计与数据处理,source-code,SAS,.sas,0.41,normal,90af41b9b0a365b8c5c964d9402b7900bd6253ce08dca4309c0ffe71305f997d,
6.数学建模模型算法大全/统计分析/张敬信-SAS学习系列/代码实例/ch28_Logistic_1.sas,6.数学建模模型算法大全,统计与数据处理,source-code,SAS,.sas,1.71,normal,ac88325c16eff7280c54cb498c8c82fcb1f9f45aada81ddedc299c02c1c95111,
6.数学建模模型算法大全/统计分析/张敬信-SAS学习系列/代码实例/ch28_Logistic_effects.sas,6.数学建模模型算法大全,统计与数据处理,source-code,SAS,.sas,0.27,normal,23d0ada5bd4ac66cdfade7e4aecb64886215f907c0b0e948ee436887b745241e,
6.数学建模模型算法大全/统计分析/张敬信-SAS学习系列/代码实例/ch28_Logistic_effects2.sas,6.数学建模模型算法大全,统计与数据处理,source-code,SAS,.sas,0.52,normal,6764bc30a7e9f6e7269756ed487486c80f1877fb1ef92e7758a7bb9c8ad0e80b,
6.数学建模模型算法大全/统计分析/张敬信-SAS学习系列/代码实例/ch28_Logistic_er_fen_lei_bian_liang.sas,6.数学建模模型算法大全,统计与数据处理,source-code,SAS,.sas,0.8,normal,0f6ffa710327ea0dfcb23c35041dab6ad5e979d7d465284feeab53e658689b88,
6.数学建模模型算法大全/统计分析/张敬信-SAS学习系列/代码实例/ch28_Logistic_exact.sas,6.数学建模模型算法大全,统计与数据处理,source-code,SAS,.sas,0.74,normal,9af97ab709a293768391b25b8a510c78d0721a97d384261599106baa0a23ba54,
6.数学建模模型算法大全/统计分析/张敬信-SAS学习系列/代码实例/ch28_Logistic_hui_gui_zhen_duan.sas,6.数学建模模型算法大全,统计与数据处理,source-code,SAS,.sas,0.56,normal,61776bcbded0763781948682374c1768645c75c4e16430a0d4f0b1db7a741436,
6.数学建模模型算法大全/统计分析/张敬信-SAS学习系列/代码实例/ch28_Logistic_lian_xu_bian_liang.sas,6.数学建模模型算法大全,统计与数据处理,source-code,SAS,.sas,1.24,normal,aee8f163d62fbfa69b930f8dc685c2ef8fbb0089c45e6cf5fa8823dad194301a,
6.数学建模模型算法大全/统计分析/张敬信-SAS学习系列/代码实例/ch28_Logistic_ROC_qu_xian.sas,6.数学建模模型算法大全,统计与数据处理,source-code,SAS,.sas,0.29,normal,63ab42d2dc0c18edc7261aa156e8b4eddbeec776f52c24994777892469c0567c,
6.数学建模模型算法大全/统计分析/张敬信-SAS学习系列/代码实例/ch28_Logistic_xu_ni_bian_liang.sas,6.数学建模模型算法大全,统计与数据处理,source-code,SAS,.sas,1.37,normal,9bad5ac740acd2e11a4df2c2278350c939c18b5263579bb73f76d3020c8740c5,
6.数学建模模型算法大全/统计分析/张敬信-SAS学习系列/代码实例/ch28_logistic_zi_fu_bian_liang.sas,6.数学建模模型算法大全,统计与数据处理,source-code,SAS,.sas,1.14,normal,c33c61483e355017fd5a0705f2637ee54256f911900b1cec6cba6ac789c4c4c5,
6.数学建模模型算法大全/统计分析/张敬信-SAS学习系列/代码实例/ch29_fu_hao_jian_yan.sas,6.数学建模模型算法大全,统计与数据处理,source-code,SAS,.sas,0.25,normal,e0a2d6d57e97348e01da0d4e083d00aa9a34a764f3104fe99411bd1d127abd85,
6.数学建模模型算法大全/统计分析/张敬信-SAS学习系列/代码实例/ch29_fu_hao_zhi_jian_yan.sas,6.数学建模模型算法大全,统计与数据处理,source-code,SAS,.sas,0.26,normal,6dc99f8ced6773edbdf9b34dd0d63d68f952a2b451c4ae17f707d2ec81922d02,
6.数学建模模型算法大全/统计分析/张敬信-SAS学习系列/代码实例/ch29_KW_zhi_he_jian_yan.sas,6.数学建模模型算法大全,统计与数据处理,source-code,SAS,.sas,0.41,normal,86b7cb77db743ff514e037532f9723c843adfd11aead948c53e5d25aa2e3137d,
6.数学建模模型算法大全/统计分析/张敬信-SAS学习系列/代码实例/ch29_zhi_he_jian_yan.sas,6.数学建模模型算法大全,统计与数据处理,source-code,SAS,.sas,0.31,normal,7cd55e8129cdec0ffacddb04fce3dd9c31e5784b7fa810b383f29db8a6e5b103,
6.数学建模模型算法大全/统计分析/张敬信-SAS学习系列/代码实例/ch31_fang_cha_fen_xi_anova1.sas,6.数学建模模型算法大全,统计与数据处理,source-code,SAS,.sas,0.28,normal,331e7d588464763b8933a165548a2b76469c5ea31db58b609d4c203b52c08fc8,
6.数学建模模型算法大全/统计分析/张敬信-SAS学习系列/代码实例/ch31_fang_cha_fen_xi_anova2.sas,6.数学建模模型算法大全,统计与数据处理,source-code,SAS,.sas,0.3,normal,6787752452488aed429248445ccbc5afe5c150e47cf6549489d08e56599acc95,
6.数学建模模型算法大全/统计分析/张敬信-SAS学习系列/代码实例/ch31_fang_cha_fen_xi_glm1.sas,6.数学建模模型算法大全,统计与数据处理,source-code,SAS,.sas,0.47,normal,5d1249c5f09e1716fcf453254f413e01815ce72fa9b21b29387251234dbe26dd,
6.数学建模模型算法大全/统计分析/张敬信-SAS学习系列/代码实例/ch31_fang_cha_fen_xi_glm2_sui_ji_qu_zu.sas,6.数学建模模型算法大全,统计与数据处理,source-code,SAS,.sas,0.37,normal,70e22a7f6e714de63ba61622eb68aa5d5e28c73ebcbe9299a204744195ef5000,
6.数学建模模型算法大全/统计分析/张敬信-SAS学习系列/代码实例/ch31_fang_cha_fen_xi_ka_ding_fang.sas,6.数学建模模型算法大全,统计与数据处理,source-code,SAS,.sas,0.5,normal,15837802d34dd1a8edd77cae6c6a905ec6004ebc9b81c5fd5899dda9e9309d53,
6.数学建模模型算法大全/统计分析/张敬信-SAS学习系列/代码实例/ch31_fang_cha_fen_xi_shuang_yin_su.sas,6.数学建模模型算法大全,统计与数据处理,source-code,SAS,.sas,1.23,normal,5aeb782016c7865a7da0314d7f7470af8e803353bfb2c580c83f2bef6b81128d,
6.数学建模模型算法大全/统计分析/张敬信-SAS学习系列/代码实例/ch32_xie_fang_cha1.sas,6.数学建模模型算法大全,统计与数据处理,source-code,SAS,.sas,1.0,normal,147400785f42a80192749abb8bdfc398d1d2f37d1562c02f3b3dfd82930e9742,
6.数学建模模型算法大全/统计分析/张敬信-SAS学习系列/代码实例/ch32_xie_fang_cha2.sas,6.数学建模模型算法大全,统计与数据处理,source-code,SAS,.sas,0.84,normal,e309bcd68bd03dcfa41004cc2d7d46f397cdecd8733223904aa070c757d160f5,
6.数学建模模型算法大全/统计分析/张敬信-SAS学习系列/代码实例/ch32_xie_fang_cha3.sas,6.数学建模模型算法大全,统计与数据处理,source-code,SAS,.sas,0.84,normal,ba216be2fd6e9e36644fc3219f2a5bad971cd6532c535f5968680f1cd8fd2053,
6.数学建模模型算法大全/统计分析/张敬信-SAS学习系列/代码实例/ch33_zhu_cheng_fen_fen_xi.sas,6.数学建模模型算法大全,统计与数据处理,source-code,SAS,.sas,0.25,normal,4f0fe10dfeb0e4529201a17f97073b5d130887a9e7ea6b25e20a2d5be38cc3de,
6.数学建模模型算法大全/统计分析/张敬信-SAS学习系列/代码实例/ch34_yin_zi_fen_xi.sas,6.数学建模模型算法大全,统计与数据处理,source-code,SAS,.sas,0.51,normal,00276b723817807e23521fbd00ab4351fa4451704cb5d9aef49f862752afcd40,
6.数学建模模型算法大全/统计分析/张敬信-SAS学习系列/代码实例/ch35_cluster.sas,6.数学建模模型算法大全,统计与数据处理,source-code,SAS,.sas,0.63,normal,008788862d99693418d3060dc99a6cc35d3eaff60ad8c85e91a33ba26e7d75f7,
6.数学建模模型算法大全/统计分析/张敬信-SAS学习系列/代码实例/ch35_cluster_test.sas,6.数学建模模型算法大全,统计与数据处理,source-code,SAS,.sas,2.75,normal,605535e81bbd1f8b29c111442b64cb8eb48398fee10cd942cfb5f7aa80d1146e,
6.数学建模模型算法大全/统计分析/张敬信-SAS学习系列/代码实例/ch35_plot_ccc_psf_pst2.sas,6.数学建模模型算法大全,统计与数据处理,source-code,SAS,.sas,1.02,normal,c1340d35b1d246daa99023a5e405cdbaeeaa73b1efc46867571a63895b45603d,
6.数学建模模型算法大全/统计分析/张敬信-SAS学习系列/代码实例/ch36_dian_xing_pan_bie_fen_xi.sas,6.数学建模模型算法大全,统计与数据处理,source-code,SAS,.sas,0.67,normal,fbacf37b61305dfe3c17578f8610bba9895f41cac4273acf6d6ef1f0b86721f3,
6.数学建模模型算法大全/统计分析/张敬信-SAS学习系列/代码实例/ch36_pan_bie_fen_xi.sas,6.数学建模模型算法大全,统计与数据处理,source-code,SAS,.sas,0.9,normal,ab836dd54403ba6b05e27aa644d2537a9ed7e1be73137ee11a65040702d144dd,
6.数学建模模型算法大全/统计分析/张敬信-SAS学习系列/代码实例/ch36_pan_bie_fen_xi2.sas,6.数学建模模型算法大全,统计与数据处理,source-code,SAS,.sas,1.05,normal,a2b5bd0e081d37ea4d89219faa564813e4883c1313ec8b0c0cb7bef555a377db,
6.数学建模模型算法大全/统计分析/张敬信-SAS学习系列/代码实例/ch37_chun_sui_ji_xing_jian_yan1.sas,6.数学建模模型算法大全,统计与数据处理,source-code,SAS,.sas,0.9,normal,859aa72cdaf6864683948d1882f779efeff8fc8b11773f2e2fa43113b86303ff,
6.数学建模模型算法大全/统计分析/张敬信-SAS学习系列/代码实例/ch37_chun_sui_ji_xing_jian_yan2.sas,6.数学建模模型算法大全,统计与数据处理,source-code,SAS,.sas,0.67,normal,762d9b4ef5a7b3909f7fb8ac4bcf20a28ee760d25f0f8a2e074f4baad0a562b6,
6.数学建模模型算法大全/统计分析/张敬信-SAS学习系列/代码实例/ch37_ping_wen_xing_jian_yan.sas,6.数学建模模型算法大全,统计与数据处理,source-code,SAS,.sas,0.81,normal,0c77167ebc7842d74499c42ea9668773079fb8c834d06e668daccaa830dfd760,
6.数学建模模型算法大全/统计分析/张敬信-SAS学习系列/代码实例/ch37_ping_wen_xing_jian_yan2.sas,6.数学建模模型算法大全,统计与数据处理,source-code,SAS,.sas,0.74,normal,c47e8266d2fb87e04ce2dfd0d072a9fe0677f1a144223778461f0993b9c21f7e,
6.数学建模模型算法大全/统计分析/张敬信-SAS学习系列/代码实例/ch38_yue_du_shu_ju_ji_jie_tiao_zheng.sas,6.数学建模模型算法大全,统计与数据处理,source-code,SAS,.sas,1.72,normal,125956ed3cebb0d08ffb48e3eaa440557690966ce3e6750932178bb85b5867a8,
6.数学建模模型算法大全/统计分析/张敬信-SAS学习系列/代码实例/ch39_ARIMA_sui_ji_fen_xi.sas,6.数学建模模型算法大全,预测与时间序列,source-code,SAS,.sas,3.19,normal,77b91776c73b4e70492d08d66e645cccb67f4ac4f079191d9bc9bb0c91f778f6,
6.数学建模模型算法大全/统计分析/张敬信-SAS学习系列/代码实例/ch40_GARCH_yi_fang_cha.sas,6.数学建模模型算法大全,统计与数据处理,source-code,SAS,.sas,1.42,normal,02e935ab947b0ee2da5a1730d93cda4c7c8916b3cf0a13e1750fe4344a8b27ff,
6.数学建模模型算法大全/统计分析/时间序列/时间序列课件/时间序列/程序/第一章/example1_1.sas,6.数学建模模型算法大全,预测与时间序列,source-code,SAS,.sas,1.63,normal,e0abb16176d8bab39c5b46c5880013bf803eae764310f819dff0847ab33049c3,
6.数学建模模型算法大全/统计分析/时间序列/时间序列课件/时间序列/程序/第一章/example1_2.sas,6.数学建模模型算法大全,预测与时间序列,source-code,SAS,.sas,0.99,normal,7c3bfb2f7e0ea9ec2000c4ef022ee9aa3d49b3994f51ad9650c3aa69116e9ed7,
6.数学建模模型算法大全/统计分析/时间序列/时间序列课件/时间序列/程序/第一章/example1_3.sas,6.数学建模模型算法大全,预测与时间序列,source-code,SAS,.sas,1.02,normal,3f17234483088b6eebe0a7943b1fb9d92d82a74e2f342254e2ca9ea584b8a7e6,
6.数学建模模型算法大全/统计分析/时间序列/时间序列课件/时间序列/程序/第一章/example1_4.sas,6.数学建模模型算法大全,预测与时间序列,source-code,SAS,.sas,0.57,normal,6b33dc5d0fa70ec56bc2ed26f2667161b33c9881d6d757c1b007e823b31f0609,
6.数学建模模型算法大全/统计分析/时间序列/时间序列课件/时间序列/程序/第一章/example1_5.sas,6.数学建模模型算法大全,预测与时间序列,source-code,SAS,.sas,1.08,normal,d9b5a61ac672ee67ebe2dd9d01d5152be8b7efe796c73260f1afb583db2ab392,
6.数学建模模型算法大全/统计分析/时间序列/时间序列课件/时间序列/程序/第三章/example3_1.sas,6.数学建模模型算法大全,预测与时间序列,source-code,SAS,.sas,2.0,normal,9d5cf548b36f9252c43073104f5736cc6f24bb5eeb50381a07c8467ca3b6a7f4,
6.数学建模模型算法大全/统计分析/时间序列/时间序列课件/时间序列/程序/第三章/例3.1.sas,6.数学建模模型算法大全,预测与时间序列,source-code,SAS,.sas,0.37,normal,7e1847c3eeecd6d6560058e5d4f5c4550c39883b9db47dcb2c7d09712e6ad9d1,
6.数学建模模型算法大全/统计分析/时间序列/时间序列课件/时间序列/程序/第三章/例3.13.sas,6.数学建模模型算法大全,预测与时间序列,source-code,SAS,.sas,0.37,normal,35617dc49dec4e4c11673954c52881e34bffb5c7863186b9c63a30ccdbaf509b,
6.数学建模模型算法大全/统计分析/时间序列/时间序列课件/时间序列/程序/第三章/例3.5.sas,6.数学建模模型算法大全,预测与时间序列,source-code,SAS,.sas,0.83,normal,fb03732356fca16a9db7c5814e699c0c7bcf350c39b9e86cdf84cab6249ae753,
6.数学建模模型算法大全/统计分析/时间序列/时间序列课件/时间序列/程序/第三章/例3.6.sas,6.数学建模模型算法大全,预测与时间序列,source-code,SAS,.sas,0.75,normal,2e11630e779f22dd44134ec46155253fbd3f140ded5f25fa7110a81d3ce12232,
6.数学建模模型算法大全/统计分析/时间序列/时间序列课件/时间序列/程序/第三章/例3.7.sas,6.数学建模模型算法大全,预测与时间序列,source-code,SAS,.sas,0.29,normal,e6b67c23f61c5002a4999bddffe0b48161b112eeb5ef4cf714dfa9d89e5b720e,
6.数学建模模型算法大全/统计分析/时间序列/时间序列课件/时间序列/程序/第三章/例3.8.sas,6.数学建模模型算法大全,预测与时间序列,source-code,SAS,.sas,0.41,normal,4e9479a3845ebe8f50bb9b7e9207d87ebeb1fa585d333895a5c27af2818f1263,
6.数学建模模型算法大全/统计分析/时间序列/时间序列课件/时间序列/程序/第三章/例3.9.sas,6.数学建模模型算法大全,预测与时间序列,source-code,SAS,.sas,1.06,normal,a145a8f0b96d6dc4f5d1e5df941091af67ad78a226c0aeac26db1737a2e34b3a,
6.数学建模模型算法大全/统计分析/时间序列/时间序列课件/时间序列/程序/第二章/example2_1.sas,6.数学建模模型算法大全,预测与时间序列,source-code,SAS,.sas,0.38,normal,6109a0cb018578784a2f1304713b299e0a52c81ce285e0bbcd30ebc3ecb431f6,
6.数学建模模型算法大全/统计分析/时间序列/时间序列课件/时间序列/程序/第二章/example2_2.sas,6.数学建模模型算法大全,预测与时间序列,source-code,SAS,.sas,0.31,normal,52be3f09feb2b5abfcaf3dfeba9a5d132dd32433f3d4090eab24798a7f426c0e,
6.数学建模模型算法大全/统计分析/时间序列/时间序列课件/时间序列/程序/第二章/例2.1.sas,6.数学建模模型算法大全,预测与时间序列,source-code,SAS,.sas,0.5,normal,a92aefeae37123b98d9e30e744f0794416e3b27650ef4844150e95f4d739aec4,
6.数学建模模型算法大全/统计分析/时间序列/时间序列课件/时间序列/程序/第二章/例2.2.sas,6.数学建模模型算法大全,预测与时间序列,source-code,SAS,.sas,1.18,normal,e7ee5e7e691eb67d7a89e1858d89e392823e3f78bcaba00a4a8a1ed2baf944ed,
6.数学建模模型算法大全/统计分析/时间序列/时间序列课件/时间序列/程序/第二章/例2.3.sas,6.数学建模模型算法大全,预测与时间序列,source-code,SAS,.sas,0.69,normal,53ba4700eddccb1eb80598060a38e54725e424b5ba8bb2bff51d7c153e0abb4e,
6.数学建模模型算法大全/统计分析/时间序列/时间序列课件/时间序列/程序/第二章/例2.4.sas,6.数学建模模型算法大全,预测与时间序列,source-code,SAS,.sas,0.19,normal,c41b4382e2cda15d3a3ba6e66d5c9ec505da39d95707e24d58a68cf3c7506f4d,
6.数学建模模型算法大全/统计分析/时间序列/时间序列课件/时间序列/程序/第二章/例2.5.sas,6.数学建模模型算法大全,预测与时间序列,source-code,SAS,.sas,0.91,normal,8f768fbb252a39438177684bf56238bad0199d30815ba8c3c4e97afc6a9c42fa,
6.数学建模模型算法大全/统计分析/时间序列/时间序列课件/时间序列/程序/第五章/example5_1.sas,6.数学建模模型算法大全,预测与时间序列,source-code,SAS,.sas,0.65,normal,abe10bc1450201363fb21ed4e737ac642cff63514e6928703621afa807e9ea99,
6.数学建模模型算法大全/统计分析/时间序列/时间序列课件/时间序列/程序/第五章/example5_2.sas,6.数学建模模型算法大全,预测与时间序列,source-code,SAS,.sas,2.18,normal,a909ce8d72c72dc5c1be97043b906221e8f6fba999786cc8847b474932db9f17,
6.数学建模模型算法大全/统计分析/时间序列/时间序列课件/时间序列/程序/第五章/example5_3.sas,6.数学建模模型算法大全,预测与时间序列,source-code,SAS,.sas,1.08,normal,e59a1bff1d753a548daffa7e44736a1bc0b1d6959eb5ea9b113e5c31596a446c,
6.数学建模模型算法大全/统计分析/时间序列/时间序列课件/时间序列/程序/第五章/例5.1.sas,6.数学建模模型算法大全,预测与时间序列,source-code,SAS,.sas,0.53,normal,080fdcd2954a0047722fe59787352bfce36f5003e1bdcfc4925167c090344b5b,
6.数学建模模型算法大全/统计分析/时间序列/时间序列课件/时间序列/程序/第五章/例5.10.sas,6.数学建模模型算法大全,预测与时间序列,source-code,SAS,.sas,2.32,normal,45fb5ceb4d84d71c9c803fb6001a1290c123763bccb613fd5da9d8f3ed12d30a,
6.数学建模模型算法大全/统计分析/时间序列/时间序列课件/时间序列/程序/第五章/例5.11.sas,6.数学建模模型算法大全,预测与时间序列,source-code,SAS,.sas,1.33,normal,0a7e3a541d9a303c721f8b21cbfb1b1a92c8efde6608b10b696a3aa200a95627,
6.数学建模模型算法大全/统计分析/时间序列/时间序列课件/时间序列/程序/第五章/例5.12.sas,6.数学建模模型算法大全,预测与时间序列,source-code,SAS,.sas,2.6,normal,f3ffe0e5c15804aa9bc69cf5fbc4de3dfed22505cde27c7455439bfee6a7310c,
6.数学建模模型算法大全/统计分析/时间序列/时间序列课件/时间序列/程序/第五章/例5.2.sas,6.数学建模模型算法大全,预测与时间序列,source-code,SAS,.sas,0.74,normal,83688c42cdd4caee988218d069f15ff2ddb55ada8974aa8f4015dd844d002854,
6.数学建模模型算法大全/统计分析/时间序列/时间序列课件/时间序列/程序/第五章/例5.3.sas,6.数学建模模型算法大全,预测与时间序列,source-code,SAS,.sas,0.89,normal,fb1fc6fb1dce621db1b8262c67acbf9a5c291ada0a06cd5b322a0c2bec939745,
6.数学建模模型算法大全/统计分析/时间序列/时间序列课件/时间序列/程序/第五章/例5.5.sas,6.数学建模模型算法大全,预测与时间序列,source-code,SAS,.sas,0.16,normal,163f5a95ab9c94b9e90b1d2bce8da2c717847b31de5a1ae46f07ad8d7df9151e,
6.数学建模模型算法大全/统计分析/时间序列/时间序列课件/时间序列/程序/第五章/例5.6.sas,6.数学建模模型算法大全,预测与时间序列,source-code,SAS,.sas,2.47,normal,6397f4ac81313250518c147676c252b4df0e65bd5d60e43aea3a3fd0c1414021,
6.数学建模模型算法大全/统计分析/时间序列/时间序列课件/时间序列/程序/第五章/例5.8.sas,6.数学建模模型算法大全,预测与时间序列,source-code,SAS,.sas,1.1,normal,8cf212db6ccda7b3f65fe8873aeab79d7145a6222bddd62c3ae507b270f80fac,
6.数学建模模型算法大全/统计分析/时间序列/时间序列课件/时间序列/程序/第五章/例5.9.sas,6.数学建模模型算法大全,预测与时间序列,source-code,SAS,.sas,0.89,normal,a2ca740bf2707bc669131dc724b574359e21b16ca2cfa6a5bf9561b5af5d8748,
6.数学建模模型算法大全/统计分析/时间序列/时间序列课件/时间序列/程序/第六章/example6_1.sas,6.数学建模模型算法大全,预测与时间序列,source-code,SAS,.sas,1.83,normal,82492837cfac22b87203b5a2ab63b676d37b6962cddef885d5fb1b1c77c3ba0f,
6.数学建模模型算法大全/统计分析/时间序列/时间序列课件/时间序列/程序/第六章/例6.1.sas,6.数学建模模型算法大全,预测与时间序列,source-code,SAS,.sas,4.43,normal,4dd48668e66f85fb7a8da39c911a5c592e4bd8bee8bd3a00cb75fee7911235c5,
6.数学建模模型算法大全/统计分析/时间序列/时间序列课件/时间序列/程序/第六章/例6.2.sas,6.数学建模模型算法大全,预测与时间序列,source-code,SAS,.sas,1.51,normal,fbd199d2ec63c58b0bda11e9703bd7d6e4b7deaa378bb9a10a3fa6923f538650,
6.数学建模模型算法大全/统计分析/时间序列/时间序列课件/时间序列/程序/第四章/example4_1.sas,6.数学建模模型算法大全,预测与时间序列,source-code,SAS,.sas,0.32,normal,30c81dee30adeda2bbbd5d37a83d9b786757aab8602bedd70e010a4d2f65c3ff,
6.数学建模模型算法大全/统计分析/时间序列/时间序列课件/时间序列/程序/第四章/example4_2.sas,6.数学建模模型算法大全,预测与时间序列,source-code,SAS,.sas,1.5,normal,5b15293401992ba05a9f0c1b1ad8fe4ef7ed0dc62c78f8e4ad6293bccee8efdf,
6.数学建模模型算法大全/统计分析/时间序列/时间序列课件/时间序列/程序/第四章/example4_3.sas,6.数学建模模型算法大全,预测与时间序列,source-code,SAS,.sas,3.26,normal,1c98a0f26d6bcf7206001806a124833ad33a361f38a702e7c6a1b62ac6ec6861,
6.数学建模模型算法大全/统计分析/时间序列/时间序列课件/时间序列/程序/第四章/例4.1.sas,6.数学建模模型算法大全,预测与时间序列,source-code,SAS,.sas,0.61,normal,5f48edd44922817550c16a3e5b1358a2b52812933f3aff2bb173b506bde013e3,
6.数学建模模型算法大全/统计分析/时间序列/时间序列课件/时间序列/程序/第四章/例4.2.sas,6.数学建模模型算法大全,预测与时间序列,source-code,SAS,.sas,1.33,normal,3e12d7678e1aaba7d8878e4f75c2e03f2c89c466fe5411add8782b74bad922cc,
6.数学建模模型算法大全/统计分析/时间序列/时间序列课件/时间序列/程序/第四章/例4.5.sas,6.数学建模模型算法大全,预测与时间序列,source-code,SAS,.sas,0.69,normal,939ab492f44a9a9c5df8f163980a106526d4f5daa9ab547797fc771774c16484,
6.数学建模模型算法大全/统计分析/时间序列/时间序列课件/时间序列/程序/第四章/例4_7（续）.sas,6.数学建模模型算法大全,预测与时间序列,source-code,SAS,.sas,2.3,normal,c924eaf1c54df1379c44cb342c4c2e795e2b02fe73d6977a129b9eb897c043c9,
6.数学建模模型算法大全/统计分析/模糊数学课件/程序/新建 文本文档 (2).txt,6.数学建模模型算法大全,统计与数据处理,source-code,MATLAB,.txt,5.92,normal,e793ac0ad9754c403475fe577f60e07cb8abae3300f334d75a06b1f4c4c46fcd,
6.数学建模模型算法大全/统计分析/模糊数学课件/程序/新建 文本文档.txt,6.数学建模模型算法大全,统计与数据处理,source-code,MATLAB,.txt,4.75,normal,1783c668e2f3cb7830c2872249cee35cd5238df6c0810fbc2db591a7a01778af,
6.数学建模模型算法大全/综合评价方法/主成份分析法/主成分分析/eig.m,6.数学建模模型算法大全,评价与决策,source-code,MATLAB,.m,1.3,normal,642c99cf96f9a217f1cb1b706494fc3b45d99c3d4de792c252916688013e053f,
6.数学建模模型算法大全/综合评价方法/主成份分析法/主成分分析/xgjz.m,6.数学建模模型算法大全,评价与决策,source-code,MATLAB,.m,1.3,normal,9bd002961f31f177636ed04e88dd60d27ec01aeeef010c1a5790c25a536262d0,
6.数学建模模型算法大全/综合评价方法/层次分析法/AHP理论/层次分析法MATLAB实现.txt,6.数学建模模型算法大全,评价与决策,source-code,MATLAB,.txt,0.74,normal,4f98c74fb783cfbd7dec67f98596097e17407eb5d24a4705ef77874f3edb963c,
6.数学建模模型算法大全/综合评价方法/层次分析法/AHP理论/足球队排名matlab实现.txt,6.数学建模模型算法大全,评价与决策,source-code,MATLAB,.txt,3.35,normal,9182a9f131e20916b267c837c07436821188ddc45123edfcb20207c5c00c7fac,
6.数学建模模型算法大全/综合评价方法/层次分析法/Untitled12.m,6.数学建模模型算法大全,评价与决策,source-code,MATLAB,.m,0.72,normal,bd087b8f7ea86dde20a69da6137644eec8ea726b6be60fc190dc0bb99eb116d7,
6.数学建模模型算法大全/蒙特卡罗算法/蒙特卡洛法/蒙特卡洛/MonteCarlo/Demos/LakeArea/ConfidenceIntervalInMC.m,6.数学建模模型算法大全,仿真与随机模型,source-code,MATLAB,.m,1.57,normal,2494f0f2ff33c4e2e2966cd4f24bf31c5723c7b6d56ab5152dab894a14a9734a,
6.数学建模模型算法大全/蒙特卡罗算法/蒙特卡洛法/蒙特卡洛/MonteCarlo/Demos/LakeArea/CreateConvexPolygon(1).m,6.数学建模模型算法大全,仿真与随机模型,source-code,MATLAB,.m,0.38,normal,dbb202c3a1bd6012440f6216c5445450c827b574d242e15c15370d54e23a5320,
6.数学建模模型算法大全/蒙特卡罗算法/蒙特卡洛法/蒙特卡洛/MonteCarlo/Demos/LakeArea/EstimateAreaMC.m,6.数学建模模型算法大全,仿真与随机模型,source-code,MATLAB,.m,0.97,normal,889c4cfb0b7b2823bfd17474dc2428dae9b3248e2d04667756844d96fc8fe890,
6.数学建模模型算法大全/蒙特卡罗算法/蒙特卡洛法/蒙特卡洛/MonteCarlo/Demos/LakeArea/MainLakeArea.m,6.数学建模模型算法大全,仿真与随机模型,source-code,MATLAB,.m,0.23,normal,75c522674eaa66ce4b5cbf195c4057b6a16f8b17818ffeafb5765f08636a744f,
6.数学建模模型算法大全/蒙特卡罗算法/蒙特卡洛法/蒙特卡洛/MonteCarlo/Demos/LakeArea/TestPolyGon.m,6.数学建模模型算法大全,仿真与随机模型,source-code,MATLAB,.m,0.21,normal,f6e8995cb71823dd6e61a2483e022b5c94a6e794f28a21a746b84033fe28d7d4,
6.数学建模模型算法大全/蒙特卡罗算法/蒙特卡洛法/蒙特卡洛/MonteCarlo/Demos/MyMC/MonteCarlo.m,6.数学建模模型算法大全,仿真与随机模型,source-code,MATLAB,.m,1.65,normal,072ceaf785217d4020c4f67e9e7b990e69605ae00fd22a4bafe61ed558777358,
6.数学建模模型算法大全/蒙特卡罗算法/蒙特卡洛法/蒙特卡洛/MonteCarlo/Demos/PortSim/GetOptionPrice.m,6.数学建模模型算法大全,仿真与随机模型,source-code,MATLAB,.m,0.66,normal,b98bb22df791d4c8e6f5b4ec8108a807e8d19869609b01bbc1b5d9d1ed428142,
6.数学建模模型算法大全/蒙特卡罗算法/蒙特卡洛法/蒙特卡洛/MonteCarlo/Demos/PortSim/WebinarScript.m,6.数学建模模型算法大全,仿真与随机模型,source-code,MATLAB,.m,6.33,normal,457e4d05effecdf02b5dcd2f0ae6bef279fdc47fdb59c1ceaef555bb17156731,
6.数学建模模型算法大全/蒙特卡罗算法/蒙特卡洛法/蒙特卡洛/MonteCarlo/Demos/VarReduction/BlsHalton.m,6.数学建模模型算法大全,仿真与随机模型,source-code,MATLAB,.m,0.33,normal,cc43279586adc549623834663bedb9b60e984d6ecb930e88582227732992847b,
6.数学建模模型算法大全/蒙特卡罗算法/蒙特卡洛法/蒙特卡洛/MonteCarlo/Demos/VarReduction/BlsMC.m,6.数学建模模型算法大全,仿真与随机模型,source-code,MATLAB,.m,0.23,normal,969a07109e6e392d375314f87c5cd713709edf3a22c61acc672d9a2d6718c5c5,
6.数学建模模型算法大全/蒙特卡罗算法/蒙特卡洛法/蒙特卡洛/MonteCarlo/Demos/VarReduction/BlsMCAV.m,6.数学建模模型算法大全,仿真与随机模型,source-code,MATLAB,.m,0.33,normal,286394376e2ffe2b80975bee9a1f255f5ce45939b1a703d45c7bcb10a42d6cc3,
6.数学建模模型算法大全/蒙特卡罗算法/蒙特卡洛法/蒙特卡洛/MonteCarlo/Demos/VarReduction/BlsMCCV.m,6.数学建模模型算法大全,仿真与随机模型,source-code,MATLAB,.m,0.82,normal,cff59b0d7c790f9e04e6cee6fd3a91eb8ade81853ac6de6d123165702f58073d,
6.数学建模模型算法大全/蒙特卡罗算法/蒙特卡洛法/蒙特卡洛/MonteCarlo/Demos/VarReduction/BlsSobol.m,6.数学建模模型算法大全,仿真与随机模型,source-code,MATLAB,.m,2.25,normal,b80855f7189a7d3552515aa7909f46fd4a23f0679dbb959dd8c57a8ca91ed9bf,
6.数学建模模型算法大全/蒙特卡罗算法/蒙特卡洛法/蒙特卡洛/MonteCarlo/Demos/VarReduction/FillBetween.m,6.数学建模模型算法大全,仿真与随机模型,source-code,MATLAB,.m,0.29,normal,8452d358e4ddd868f6c2c833ecd8a24c11b9cd122c8b4b54484b89a7c85077e6,
6.数学建模模型算法大全/蒙特卡罗算法/蒙特卡洛法/蒙特卡洛/MonteCarlo/Demos/VarReduction/VanillaPricingUsingDifferentMethods.m,6.数学建模模型算法大全,仿真与随机模型,source-code,MATLAB,.m,2.04,normal,7ef47565bad9f23a6efb3b0f7dbf1c5dbcaad63dcbd86afcb307a802200e7aac,
6.数学建模模型算法大全/蒙特卡罗算法/蒙特卡洛法/蒙特卡洛/蒙特卡洛/montec.m,6.数学建模模型算法大全,仿真与随机模型,source-code,MATLAB,.m,0.26,normal,d5b5e129254d165ad256c0f86d3ddf5c51aeb6933f65c72ddc73dd2056e74c2f,
6.数学建模模型算法大全/蒙特卡罗算法/蒙特卡洛法/蒙特卡洛/蒙特卡洛/montec2var.m,6.数学建模模型算法大全,仿真与随机模型,source-code,MATLAB,.m,0.38,normal,489ce9d7f9c915932fd23ee44affe85b66f7760a605b9146961e6d4604075690,
6.数学建模模型算法大全/蒙特卡罗算法/蒙特卡洛法/蒙特卡洛/蒙特卡洛/montec2vvar.m,6.数学建模模型算法大全,仿真与随机模型,source-code,MATLAB,.m,0.62,normal,f8a56eaf36e0970689d6bfce638adbf95998dceaf0e0f3b028ab062621ebca4b,
6.数学建模模型算法大全/蒙特卡罗算法/蒙特卡洛法/蒙特卡洛/蒙特卡洛/simpson.m,6.数学建模模型算法大全,仿真与随机模型,source-code,MATLAB,.m,0.31,normal,05bdaf86762a246c931e9c5f749b84269a79aff668b6e06efb8d830f0ee571dd,
6.数学建模模型算法大全/蒙特卡罗算法/蒙特卡洛法/蒙特卡洛法/combat1.m,6.数学建模模型算法大全,仿真与随机模型,source-code,MATLAB,.m,10.79,normal,c5c0a06ca169f7ec744471bab76b70b209a62ec2a706ae4ccbef7d7cecd3de68,
6.数学建模模型算法大全/蒙特卡罗算法/蒙特卡洛法/蒙特卡洛法/computing.m,6.数学建模模型算法大全,仿真与随机模型,source-code,MATLAB,.m,2.16,normal,24ecc1bde540e4fb22d1538e18f5a65cb0319c8cefde6a551e5d5520677dcf71,
6.数学建模模型算法大全/蒙特卡罗算法/蒙特卡洛法/蒙特卡洛法/envirment.m,6.数学建模模型算法大全,仿真与随机模型,source-code,MATLAB,.m,2.18,normal,f21163a47eaffb81a08f8b704fdef1d02c74020bdd54a3f8838ae1fcf16ddeb7,
6.数学建模模型算法大全/蒙特卡罗算法/蒙特卡洛法/蒙特卡洛法/leaveflash.m,6.数学建模模型算法大全,仿真与随机模型,source-code,MATLAB,.m,5.38,normal,6fb1754ae9ca50374cd59a706315c2aac158e14b40ee412ae4dee1fce08b1cfa,
6.数学建模模型算法大全/蒙特卡罗算法/蒙特卡洛法/蒙特卡洛法/personcreat.m,6.数学建模模型算法大全,仿真与随机模型,source-code,MATLAB,.m,0.65,normal,e172c1c6fa5fedf350965dbddeee37bfe41250fbe6b0e1e5b4c4a7b1cb20fd52,
6.数学建模模型算法大全/蒙特卡罗算法/蒙特卡洛法/蒙特卡洛法/serveflash.m,6.数学建模模型算法大全,仿真与随机模型,source-code,MATLAB,.m,5.74,normal,d0c90eb6a50306344b0c49432d88307db31cde8e2c30b9aea188dadc7d2adb04,
6.数学建模模型算法大全/蒙特卡罗算法/蒙特卡洛法/蒙特卡洛法/timinge1.m,6.数学建模模型算法大全,仿真与随机模型,source-code,MATLAB,.m,0.8,normal,2f7ade97bb645d88c9e08fe535261d07a0a975d9e45e358b8c6f3158f536c89a,
6.数学建模模型算法大全/蒙特卡罗算法/蒙特卡罗算法mcmc/betalpr.m,6.数学建模模型算法大全,仿真与随机模型,source-code,MATLAB,.m,0.39,normal,ed67fb8e94cbef10593c204c47540cabba4aea9fb4f0f2dfcdc6a2039c0af0e4,
6.数学建模模型算法大全/蒙特卡罗算法/蒙特卡罗算法mcmc/Contents.m,6.数学建模模型算法大全,仿真与随机模型,source-code,MATLAB,.m,3.01,normal,8dc1bb3878bd09cdb944cf4ff5d25eceb6d46247018f72af3fea8ad567911aa3,
6.数学建模模型算法大全/蒙特卡罗算法/蒙特卡罗算法mcmc/gamlpr.m,6.数学建模模型算法大全,仿真与随机模型,source-code,MATLAB,.m,0.35,normal,163aea6d307c3443f1fc3046ccfe3cd35c7dbe52fdc28c4daaff3db8da8fcdcd,
6.数学建模模型算法大全/蒙特卡罗算法/蒙特卡罗算法mcmc/invwishirnd.m,6.数学建模模型算法大全,仿真与随机模型,source-code,MATLAB,.m,0.83,normal,cbac5f181b709c602610381e871916fe64a25292ebe347d7ec65ca5cc4080bd2,
6.数学建模模型算法大全/蒙特卡罗算法/蒙特卡罗算法mcmc/invwishlpr.m,6.数学建模模型算法大全,仿真与随机模型,source-code,MATLAB,.m,0.82,normal,bff55ae50c253613e3ccdecc5cbbc4e3d726b1f5e566a70389ead7e95aa7f7bc,
6.数学建模模型算法大全/蒙特卡罗算法/蒙特卡罗算法mcmc/invwishpdf.m,6.数学建模模型算法大全,仿真与随机模型,source-code,MATLAB,.m,1.22,normal,b42c5c928fa6910f58b0108ed0e52ab069a9958df705d9fbc759226243eb6e4d,
6.数学建模模型算法大全/蒙特卡罗算法/蒙特卡罗算法mcmc/invwishrnd.m,6.数学建模模型算法大全,仿真与随机模型,source-code,MATLAB,.m,0.82,normal,bb218409270a5700465e5802cc168378bfaf3938febd4d13c51a6e88ad02a867,
6.数学建模模型算法大全/蒙特卡罗算法/蒙特卡罗算法mcmc/ltindex.m,6.数学建模模型算法大全,仿真与随机模型,source-code,MATLAB,.m,0.67,normal,3beda5b65a8c34c097cc7529c6ecf9294f92ffbcec73d0d825c84f51da0db316,
6.数学建模模型算法大全/蒙特卡罗算法/蒙特卡罗算法mcmc/ltvec.m,6.数学建模模型算法大全,仿真与随机模型,source-code,MATLAB,.m,0.54,normal,a8321be3248c728837cfc654b4e3505d3d4db8528c2f24892748a3e7a342dadd,
6.数学建模模型算法大全/蒙特卡罗算法/蒙特卡罗算法mcmc/mcmcacf.m,6.数学建模模型算法大全,仿真与随机模型,source-code,MATLAB,.m,0.34,normal,e6b3fb3c0e71f98ff046f9e1ee6d756ec489a43b44283f5fbe7fa947264b259e,
6.数学建模模型算法大全/蒙特卡罗算法/蒙特卡罗算法mcmc/mcmcdemo.m,6.数学建模模型算法大全,仿真与随机模型,source-code,MATLAB,.m,1.39,normal,8d98041eea32c9b28b9c753b608962710a2f22de1a08ea66a3f0b0f92aae400e,
6.数学建模模型算法大全/蒙特卡罗算法/蒙特卡罗算法mcmc/mcmcgr.m,6.数学建模模型算法大全,仿真与随机模型,source-code,MATLAB,.m,0.71,normal,ff53cbf3de7cdce5f183d5be1858cb6ae82cae6203194eccc27461e0785edbfb,
6.数学建模模型算法大全/蒙特卡罗算法/蒙特卡罗算法mcmc/mcmclt.m,6.数学建模模型算法大全,仿真与随机模型,source-code,MATLAB,.m,0.77,normal,77a90440490e25ff414826b55bb1f8443e6d0a07387686647a57138bb5acc8f7,
6.数学建模模型算法大全/蒙特卡罗算法/蒙特卡罗算法mcmc/mcmcsumm.m,6.数学建模模型算法大全,仿真与随机模型,source-code,MATLAB,.m,2.66,normal,bc739aaa28fff46ea2ba6ae57d30119c88423e4a6a0d02035f4562cb113f8f35,
6.数学建模模型算法大全/蒙特卡罗算法/蒙特卡罗算法mcmc/mcmctrace.m,6.数学建模模型算法大全,仿真与随机模型,source-code,MATLAB,.m,0.76,normal,58a4ee8cd914163d5f70f5dc6bfc29d65eb39b7aa35c5959cf9d88cd3d7fa7e1,
6.数学建模模型算法大全/蒙特卡罗算法/蒙特卡罗算法mcmc/metrop.m,6.数学建模模型算法大全,仿真与随机模型,source-code,MATLAB,.m,0.84,normal,5d79dc658fab3c5045360c0daf2fac6f1586e60e9045ff8d6319826149cd1a0f,
6.数学建模模型算法大全/蒙特卡罗算法/蒙特卡罗算法mcmc/mvnormlpr.m,6.数学建模模型算法大全,仿真与随机模型,source-code,MATLAB,.m,0.63,normal,469d9ebb77e57434d3a04c337e3c6af65f6e57afc7d5178cd3185e0a709a7187,
6.数学建模模型算法大全/蒙特卡罗算法/蒙特卡罗算法mcmc/mvnormrnd.m,6.数学建模模型算法大全,仿真与随机模型,source-code,MATLAB,.m,0.88,normal,160a114b7da0201acbf477205534b8a60b5610f7621544693015f8fe0e34d100,
6.数学建模模型算法大全/蒙特卡罗算法/蒙特卡罗算法mcmc/randrand.m,6.数学建模模型算法大全,仿真与随机模型,source-code,MATLAB,.m,0.49,normal,e294f81aa86fd7f1b78e42996a753e78011a6640b21b7f86256efa92590f66b8,
6.数学建模模型算法大全/蒙特卡罗算法/蒙特卡罗算法mcmc/veclt.m,6.数学建模模型算法大全,仿真与随机模型,source-code,MATLAB,.m,0.59,normal,e00f0df791b5dac233543b26f20bb1148a1d6cc1d27bf030d00961327d2f895d,
6.数学建模模型算法大全/蒙特卡罗算法/蒙特卡罗算法mcmc/wishirnd.m,6.数学建模模型算法大全,仿真与随机模型,source-code,MATLAB,.m,0.75,normal,939ff4ad402a0415dca3d2cf790561263eaf9a04724096020deb3ad2ba7eb262,
6.数学建模模型算法大全/蒙特卡罗算法/蒙特卡罗算法mcmc/wishrnd.m,6.数学建模模型算法大全,仿真与随机模型,source-code,MATLAB,.m,1.42,normal,9a96a4009134bbcc908046afe2c8eca48f05db06ceade954b77f7e3c5a243315,
6.数学建模模型算法大全/蚁群算法/粒子群工具箱 - Particle Swarm (PSO) Toolbox-beta-0.3/DeJong.m,6.数学建模模型算法大全,优化与规划,source-code,MATLAB,.m,0.29,normal,6bc768f881546edd91011801c016ab7e31f3bd450aebdc9031b21a2e39a6debe,DUP-0101
6.数学建模模型算法大全/蚁群算法/粒子群工具箱 - Particle Swarm (PSO) Toolbox-beta-0.3/DrawSwarm.m,6.数学建模模型算法大全,优化与规划,source-code,MATLAB,.m,0.7,normal,06873764c2f213d1d954c5466a48fc5274f12893a26516f672fba41cd0ec30b6,
6.数学建模模型算法大全/蚁群算法/粒子群工具箱 - Particle Swarm (PSO) Toolbox-beta-0.3/functions/DeJong.m,6.数学建模模型算法大全,优化与规划,source-code,MATLAB,.m,0.29,normal,6bc768f881546edd91011801c016ab7e31f3bd450aebdc9031b21a2e39a6debe,DUP-0101
6.数学建模模型算法大全/蚁群算法/粒子群工具箱 - Particle Swarm (PSO) Toolbox-beta-0.3/functions/Griewank.m,6.数学建模模型算法大全,优化与规划,source-code,MATLAB,.m,0.42,normal,d01fbc478f90f5b7b0d2a3707095a6e868247c5756f143400e1ecc75df52d0a2,DUP-0102
6.数学建模模型算法大全/蚁群算法/粒子群工具箱 - Particle Swarm (PSO) Toolbox-beta-0.3/functions/Rastrigrin.m,6.数学建模模型算法大全,优化与规划,source-code,MATLAB,.m,0.36,normal,ecc69b544573a8d946dd9b7650b9ac401b4170cddb5470a5dee1f84ff6ac0222,DUP-0103
6.数学建模模型算法大全/蚁群算法/粒子群工具箱 - Particle Swarm (PSO) Toolbox-beta-0.3/functions/Rosenbrock.m,6.数学建模模型算法大全,优化与规划,source-code,MATLAB,.m,0.52,normal,932283b1ec6907be37bedc4c45a3fbdd3438081fe50554445a737f99c4770377,DUP-0104
6.数学建模模型算法大全/蚁群算法/粒子群工具箱 - Particle Swarm (PSO) Toolbox-beta-0.3/get_psoOptions.m,6.数学建模模型算法大全,优化与规划,source-code,MATLAB,.m,9.58,normal,4a13ba667349f501581f0e29cb63fe3d3e99be79be11d7a5bf2a9d75ced71c19,
6.数学建模模型算法大全/蚁群算法/粒子群工具箱 - Particle Swarm (PSO) Toolbox-beta-0.3/Griewank.m,6.数学建模模型算法大全,优化与规划,source-code,MATLAB,.m,0.42,normal,d01fbc478f90f5b7b0d2a3707095a6e868247c5756f143400e1ecc75df52d0a2,DUP-0102
6.数学建模模型算法大全/蚁群算法/粒子群工具箱 - Particle Swarm (PSO) Toolbox-beta-0.3/pso.m,6.数学建模模型算法大全,优化与规划,source-code,MATLAB,.m,7.41,normal,b53691eb62a3b656d7fbcabe4361510fb96f6cbcd7f8370a0b274495f8eefca2,
6.数学建模模型算法大全/蚁群算法/粒子群工具箱 - Particle Swarm (PSO) Toolbox-beta-0.3/Rastrigrin.m,6.数学建模模型算法大全,优化与规划,source-code,MATLAB,.m,0.36,normal,ecc69b544573a8d946dd9b7650b9ac401b4170cddb5470a5dee1f84ff6ac0222,DUP-0103
6.数学建模模型算法大全/蚁群算法/粒子群工具箱 - Particle Swarm (PSO) Toolbox-beta-0.3/Rosenbrock.m,6.数学建模模型算法大全,优化与规划,source-code,MATLAB,.m,0.52,normal,932283b1ec6907be37bedc4c45a3fbdd3438081fe50554445a737f99c4770377,DUP-0104
6.数学建模模型算法大全/蚁群算法/粒子群工具箱 - Particle Swarm (PSO) Toolbox-beta-0.3/RunExp.m,6.数学建模模型算法大全,优化与规划,source-code,MATLAB,.m,7.3,normal,307da4eb911e0616ab49e71fb374b61520f0760763a70f5df6eed94a82f7cbea,
6.数学建模模型算法大全/蚁群算法/粒子群工具箱 - Particle Swarm (PSO) Toolbox-beta-0.3/show_psoOptions.m,6.数学建模模型算法大全,优化与规划,source-code,MATLAB,.m,1.67,normal,cd389b01f1ee4496cf5ae0c004c38b53659bf11709dd4dfa6132f5b7c3f2b6a7,
6.数学建模模型算法大全/蚁群算法/粒子群算法的源代码/pso1.txt,6.数学建模模型算法大全,优化与规划,source-code,MATLAB,.txt,6.39,normal,84bb08b9cdea548288f9f16e14599b20281b26291c98b19a935617ebc007eb06,
6.数学建模模型算法大全/蚁群算法/粒子群算法的源代码/pso2.txt,6.数学建模模型算法大全,优化与规划,source-code,C++,.txt,3.94,normal,9c631016ea1f095d4fa4c939d81447722d4183bb43799ab922aee4513331febd,
6.数学建模模型算法大全/蚁群算法/粒子群算法的源代码/粒子群算法的源代码.txt,6.数学建模模型算法大全,优化与规划,source-code,C++,.txt,11.78,normal,cd655386b1170e4e66555dae5f75c083b1b766846f8fa1c69b2c6839d6553741,
6.数学建模模型算法大全/蚁群算法/蚁群算法matlab源码.txt,6.数学建模模型算法大全,优化与规划,source-code,MATLAB,.txt,3.01,normal,0a36a33ce293a86437133fde3d9756267c7b08bdebb29e23a3172429b8c77083,
6.数学建模模型算法大全/遗传算法/GA_spline/checkPop(1).m,6.数学建模模型算法大全,优化与规划,source-code,MATLAB,.m,0.23,normal,5826c2675873b4277fa903044598f06d5189c7af2cc22b79ee89562763150a21,
6.数学建模模型算法大全/遗传算法/GA_spline/cross.m,6.数学建模模型算法大全,优化与规划,source-code,MATLAB,.m,0.33,normal,e256cadcf64d54ae0b8dc2f133d26484c2e46c5bff08fd5ba3b8453927f32ba8,
6.数学建模模型算法大全/遗传算法/GA_spline/fitness.m,6.数学建模模型算法大全,优化与规划,source-code,MATLAB,.m,0.77,normal,909e9debc77aadcc5f4d7b29745449642e5176412c2689667a97e20789ed6dc6,
6.数学建模模型算法大全/遗传算法/GA_spline/init.m,6.数学建模模型算法大全,优化与规划,source-code,MATLAB,.m,0.38,normal,87fae6e3f824430da5a9a2ed0d8715eb707e30ee8ca264cf5729a5eb1a96421d,
6.数学建模模型算法大全/遗传算法/GA_spline/main.m,6.数学建模模型算法大全,优化与规划,source-code,MATLAB,.m,1.58,normal,e1b829b2512d1f3cca276b0ea66b3edf5901ffff4b764e0cfb83de64c48f5906,
6.数学建模模型算法大全/遗传算法/GA_spline/mutation.m,6.数学建模模型算法大全,优化与规划,source-code,MATLAB,.m,0.65,normal,e6a39effcc05cecb4be8514f55c088833b78632f852222c3a3cf5e7aa72ca4d4,
6.数学建模模型算法大全/遗传算法/GA_spline/readData.m,6.数学建模模型算法大全,优化与规划,source-code,MATLAB,.m,0.2,normal,e2383fb1c01806bd7c123ccf3b97da208845fd03a95559d250a0efcc58eb1ea7,
6.数学建模模型算法大全/遗传算法/GA_spline/selection.m,6.数学建模模型算法大全,优化与规划,source-code,MATLAB,.m,0.78,normal,6f1b945a8f8a889aff2297790401b0c2d06f2bbceae3a03a6bc6f41726d19dc2,
6.数学建模模型算法大全/遗传算法/改进遗传算法/gaijinyichuansuanfa.m,6.数学建模模型算法大全,优化与规划,source-code,MATLAB,.m,1.75,normal,4362168f71f89f1809d226dfce04dbc7e0dfcb0e6c44b8ecb391a66e84574b08,
6.数学建模模型算法大全/遗传算法/简单函数优化的遗传算法程序/cro.m,6.数学建模模型算法大全,优化与规划,source-code,MATLAB,.m,0.39,normal,562446dab063a1febd8e13f5743cc08f5cdec9dcd0a707900a7a4c8030f9f66d,DUP-0105
6.数学建模模型算法大全/遗传算法/简单函数优化的遗传算法程序/ft.m,6.数学建模模型算法大全,优化与规划,source-code,MATLAB,.m,0.05,normal,57f88d5be46ddaa7246d2261256c320f1502811625b08cf4a2c930fefe512767,DUP-0106
6.数学建模模型算法大全/遗传算法/简单函数优化的遗传算法程序/ga.m,6.数学建模模型算法大全,优化与规划,source-code,MATLAB,.m,2.38,normal,c1a709b588c07db1b31853790ebcc2ddc6f98fa21af62b990e1cbfcae0558734,DUP-0107
6.数学建模模型算法大全/遗传算法/简单函数优化的遗传算法程序/main.m,6.数学建模模型算法大全,优化与规划,source-code,MATLAB,.m,1.17,normal,d233ac06401545a7bba768cdd2825d1c2f1b5790112cd3054fdc4332d62e503f,DUP-0108
6.数学建模模型算法大全/遗传算法/简单函数优化的遗传算法程序/mut.m,6.数学建模模型算法大全,优化与规划,source-code,MATLAB,.m,0.25,normal,92824b7c9edbc3038c2f6ac5d07e01e717573ad2dff7c8649605c17c2afdec71,DUP-0109
6.数学建模模型算法大全/遗传算法/简单函数优化的遗传算法程序/n2to10.m,6.数学建模模型算法大全,优化与规划,source-code,MATLAB,.m,0.12,normal,39c9a211a175cc01609a9a86412bebe3edcf5bf1e3af77be8f7515c68b86d0b5,DUP-0110
6.数学建模模型算法大全/遗传算法/简单函数优化的遗传算法程序/objf.m,6.数学建模模型算法大全,优化与规划,source-code,MATLAB,.m,0.39,normal,73548fe322b023fe09a1fb2476af4ad2b6bee3ed1198e8cfbc61caf76e7d4eb4,DUP-0111
6.数学建模模型算法大全/遗传算法/简单函数优化的遗传算法程序/pro.m,6.数学建模模型算法大全,优化与规划,source-code,MATLAB,.m,0.11,normal,2daa3229d842fb0154fdfb8be18da2df13254bc6bdf471a948649d3019fa2d0c,DUP-0112
6.数学建模模型算法大全/遗传算法/简单函数优化的遗传算法程序/sel.m,6.数学建模模型算法大全,优化与规划,source-code,MATLAB,.m,0.22,normal,802791b541fcfaf8a7371d45db2a939462bce2280829a70f2769c258c5c697fd,DUP-0113
6.数学建模模型算法大全/遗传算法/遗传算法/SGA/b2f.m,6.数学建模模型算法大全,优化与规划,source-code,MATLAB,.m,0.53,normal,813e909bf1d2df157b0892c51855ec0c804c787c9181dbd00461d26657171776,
6.数学建模模型算法大全/遗传算法/遗传算法/SGA/calcbits.m,6.数学建模模型算法大全,优化与规划,source-code,MATLAB,.m,0.34,normal,dda343113148db27a562643f49ca9e0847830c0b82df4251da14f6d1b4d73a53,
6.数学建模模型算法大全/遗传算法/遗传算法/SGA/example/examplefun1.m,6.数学建模模型算法大全,优化与规划,source-code,MATLAB,.m,0.05,normal,1841ed7d9a4611e7fca50acfbfd1f4856f97ef1985da0fd3c36571ed48f4c9e4,
6.数学建模模型算法大全/遗传算法/遗传算法/SGA/example/examplefun3.m,6.数学建模模型算法大全,优化与规划,source-code,MATLAB,.m,0.1,normal,986ba472dae18e2f7b971d9b48ffeeaef639fc34a8b379d43d8e2b37902d24ef,
6.数学建模模型算法大全/遗传算法/遗传算法/SGA/example/test1.m,6.数学建模模型算法大全,优化与规划,source-code,MATLAB,.m,0.19,normal,85c5e69a7b2fd76750033fec376ecb7d501daa28d11a2fa377aafa9f5e48f9be,
6.数学建模模型算法大全/遗传算法/遗传算法/SGA/example/test2.m,6.数学建模模型算法大全,优化与规划,source-code,MATLAB,.m,0.2,normal,257b277c92e44ceaea476b209489ed0d7db6b6a2e747beca84b9aaf1145849cd,
6.数学建模模型算法大全/遗传算法/遗传算法/SGA/example/testfungraph1.m,6.数学建模模型算法大全,优化与规划,source-code,MATLAB,.m,0.32,normal,a0000804d5dd4559c5257ff508db3619525855e9749066e43105aba5af0733d8,
6.数学建模模型算法大全/遗传算法/遗传算法/SGA/example/testgraph2.m,6.数学建模模型算法大全,优化与规划,source-code,MATLAB,.m,0.19,normal,14840543ce8830dcbac35eecfa775ad4aaa797db9ff69ba04734eec64ccc7fc0,
6.数学建模模型算法大全/遗传算法/遗传算法/SGA/example/tran1.m,6.数学建模模型算法大全,优化与规划,source-code,MATLAB,.m,0.26,normal,bae446a27d40ccc3aebe7d5a0a76bd678300c9b241546fc052f376bafe081a16,
6.数学建模模型算法大全/遗传算法/遗传算法/SGA/examplefun4.m,6.数学建模模型算法大全,优化与规划,source-code,MATLAB,.m,0.08,normal,164e3c2c744750135f5e929a8faca5a0f6e5d33f654f843d7235d619aa75e848,
6.数学建模模型算法大全/遗传算法/遗传算法/SGA/f2b.m,6.数学建模模型算法大全,优化与规划,source-code,MATLAB,.m,1.46,normal,a115ec348893ed19ef77193a3638e298732d1087b90209985fdee60da068a3df,
6.数学建模模型算法大全/遗传算法/遗传算法/SGA/initializega.m,6.数学建模模型算法大全,优化与规划,source-code,MATLAB,.m,0.37,normal,fd484707ed41d6bd765b48aed89bbf69dac6df4f83a1b6fa246bb409ce0df156,
6.数学建模模型算法大全/遗传算法/遗传算法/SGA/river.m,6.数学建模模型算法大全,优化与规划,source-code,MATLAB,.m,0.96,normal,51666fbe9bfb09dc0cf28f15e4372aa5251b2465f66717f69f8fd568706bf604,
6.数学建模模型算法大全/遗传算法/遗传算法/SGA/rouletteselect.m,6.数学建模模型算法大全,优化与规划,source-code,MATLAB,.m,0.84,normal,5d9a3d40d4ee6e9ceb42a75ea8fbf7cd2e3e187d8a651f314275eb9c99498d55,
6.数学建模模型算法大全/遗传算法/遗传算法/SGA/SGA.m,6.数学建模模型算法大全,优化与规划,source-code,MATLAB,.m,2.73,normal,2a16212b38575449049a1bb649f1bf79a06b66f47c41a880d43e997bb4539f8f,
6.数学建模模型算法大全/遗传算法/遗传算法/SGA/simplexover.m,6.数学建模模型算法大全,优化与规划,source-code,MATLAB,.m,0.95,normal,2551e1d77dc12cc9fad1a43c8cd447707781808d9411814e1278fb192be70f56,
6.数学建模模型算法大全/遗传算法/遗传算法/SGA/sta.m,6.数学建模模型算法大全,优化与规划,source-code,MATLAB,.m,0.3,normal,d711d0b9991ba15ec1c6636e5581878c9f6fa0a326e363edbab4f298ff715494,
6.数学建模模型算法大全/遗传算法/遗传算法/SGA/sta1.m,6.数学建模模型算法大全,优化与规划,source-code,MATLAB,.m,0.29,normal,f2bdb1040c5358f2a2123396098bc2fd248ce7b0ca48572eac8440f0a9cb7da1,
6.数学建模模型算法大全/遗传算法/遗传算法/SGA/sta3.m,6.数学建模模型算法大全,优化与规划,source-code,MATLAB,.m,0.21,normal,9ba7ce6d2017cab2b35ee8a99ddfc70b8b023b6d3320abb9c5f42cef187527ca,
6.数学建模模型算法大全/遗传算法/遗传算法/SGA/test8.m,6.数学建模模型算法大全,优化与规划,source-code,MATLAB,.m,0.2,normal,70506033316e0be071e669b4b56c3386df31bb333e2d0632c3bfad2b99ddc95b,
6.数学建模模型算法大全/遗传算法/遗传算法/SGA/tran.m,6.数学建模模型算法大全,优化与规划,source-code,MATLAB,.m,0.14,normal,dbe085d25aff017314187b116627985640bb942d3d0d4ebfd2a6df107b0b20cf,
6.数学建模模型算法大全/遗传算法/遗传算法/yichuansuanfa.m,6.数学建模模型算法大全,优化与规划,source-code,MATLAB,.m,1.69,normal,cdbf05245a0d3863213bbf4791fade6791402a2cda6b88f48f01832d67105150,
6.数学建模模型算法大全/遗传算法/遗传算法@遗传退火算法（算法简介+编程技巧+工具箱+应用大全）（含源代码）/工具箱/遗传算法工具箱/GAOT/arithXover.m,6.数学建模模型算法大全,优化与规划,source-code,MATLAB,.m,1.46,normal,fa289c849b880cde1e2b6bda6f1cfd9cecfb7d98b4c2754fb4c0680cbafbf90e,
6.数学建模模型算法大全/遗传算法/遗传算法@遗传退火算法（算法简介+编程技巧+工具箱+应用大全）（含源代码）/工具箱/遗传算法工具箱/GAOT/b2f.m,6.数学建模模型算法大全,优化与规划,source-code,MATLAB,.m,1.46,normal,06b62dd9938e52d9911900f1a3aec805331dc31a0f57acbae7f35c36cf808dcd,
6.数学建模模型算法大全/遗传算法/遗传算法@遗传退火算法（算法简介+编程技巧+工具箱+应用大全）（含源代码）/工具箱/遗传算法工具箱/GAOT/binaryMutation.m,6.数学建模模型算法大全,优化与规划,source-code,MATLAB,.m,1.47,normal,5eaf2ba477545018f14e5464ac1bb514388e3a7ad60cd37e2c2f737f0b6cae39,
6.数学建模模型算法大全/遗传算法/遗传算法@遗传退火算法（算法简介+编程技巧+工具箱+应用大全）（含源代码）/工具箱/遗传算法工具箱/GAOT/boundaryMutation.m,6.数学建模模型算法大全,优化与规划,source-code,MATLAB,.m,1.6,normal,989873b1e0f18055d3f27379b52a7eb03aad863e49f63270de3296ebbbfc1930,
6.数学建模模型算法大全/遗传算法/遗传算法@遗传退火算法（算法简介+编程技巧+工具箱+应用大全）（含源代码）/工具箱/遗传算法工具箱/GAOT/calcbits.m,6.数学建模模型算法大全,优化与规划,source-code,MATLAB,.m,1.35,normal,62c5df39e810550a5a5f049fc7af0411c2bdeff36c41413cc1b9ace5628a8530,
6.数学建模模型算法大全/遗传算法/遗传算法@遗传退火算法（算法简介+编程技巧+工具箱+应用大全）（含源代码）/工具箱/遗传算法工具箱/GAOT/Contents.m,6.数学建模模型算法大全,优化与规划,source-code,MATLAB,.m,2.95,normal,11678efe112025b2703e2059dd1d9ff1f02b2d23c73cc6c7d18e149a7278616a,
6.数学建模模型算法大全/遗传算法/遗传算法@遗传退火算法（算法简介+编程技巧+工具箱+应用大全）（含源代码）/工具箱/遗传算法工具箱/GAOT/coranaEval.m,6.数学建模模型算法大全,优化与规划,source-code,MATLAB,.m,1.42,normal,80c6cd781427f635aabc77da0918e7ccfc0cfc4f12eb83d8645bbe1a22456a83,
6.数学建模模型算法大全/遗传算法/遗传算法@遗传退火算法（算法简介+编程技巧+工具箱+应用大全）（含源代码）/工具箱/遗传算法工具箱/GAOT/coranaMin.m,6.数学建模模型算法大全,优化与规划,source-code,MATLAB,.m,1.19,normal,dc63ff6db166759626f6f4df27902a7ffc87226de4f0ee9a14081db595fd86b3,
6.数学建模模型算法大全/遗传算法/遗传算法@遗传退火算法（算法简介+编程技巧+工具箱+应用大全）（含源代码）/工具箱/遗传算法工具箱/GAOT/delta.m,6.数学建模模型算法大全,优化与规划,source-code,MATLAB,.m,1.44,normal,4bf099c26e5a6f3cf9291904127fb3e75c0ec1042e25a8a38737d09c99170476,
6.数学建模模型算法大全/遗传算法/遗传算法@遗传退火算法（算法简介+编程技巧+工具箱+应用大全）（含源代码）/工具箱/遗传算法工具箱/GAOT/f2b.m,6.数学建模模型算法大全,优化与规划,source-code,MATLAB,.m,1.46,normal,c9f42ca7cd8c605bbecd2900755b84c2040852f9c2f4c5659907d3487e6194f6,
6.数学建模模型算法大全/遗传算法/遗传算法@遗传退火算法（算法简介+编程技巧+工具箱+应用大全）（含源代码）/工具箱/遗传算法工具箱/GAOT/ga.m,6.数学建模模型算法大全,优化与规划,source-code,MATLAB,.m,10.47,normal,3db58ee3ec1b4a262cd8021f12084b0430db596c4d0708b29a3be5da9fa44fe0,
6.数学建模模型算法大全/遗传算法/遗传算法@遗传退火算法（算法简介+编程技巧+工具箱+应用大全）（含源代码）/工具箱/遗传算法工具箱/GAOT/gademo1.m,6.数学建模模型算法大全,优化与规划,source-code,MATLAB,.m,4.72,normal,18483bad6bd892a7aef56fab7d923ec833563d275b3ce83d6a651a6ca7949739,
6.数学建模模型算法大全/遗传算法/遗传算法@遗传退火算法（算法简介+编程技巧+工具箱+应用大全）（含源代码）/工具箱/遗传算法工具箱/GAOT/gademo1eval1.m,6.数学建模模型算法大全,优化与规划,source-code,MATLAB,.m,1.24,normal,8bb58f7161db15e1c7933e2d81a8d41c2ee7ceb25e2beedf543dfacce1effee5,
6.数学建模模型算法大全/遗传算法/遗传算法@遗传退火算法（算法简介+编程技巧+工具箱+应用大全）（含源代码）/工具箱/遗传算法工具箱/GAOT/gademo2.m,6.数学建模模型算法大全,优化与规划,source-code,MATLAB,.m,2.75,normal,e1468f440fc68eb1b96128a789e3d395b621f4be3d0976c42c1adde69f2331b5,
6.数学建模模型算法大全/遗传算法/遗传算法@遗传退火算法（算法简介+编程技巧+工具箱+应用大全）（含源代码）/工具箱/遗传算法工具箱/GAOT/gademo3.m,6.数学建模模型算法大全,优化与规划,source-code,MATLAB,.m,6.11,normal,0e42ed757454a59a699195646342fe1742bd1f2c81bdd1a89cde2220a93f28a3,
6.数学建模模型算法大全/遗传算法/遗传算法@遗传退火算法（算法简介+编程技巧+工具箱+应用大全）（含源代码）/工具箱/遗传算法工具箱/GAOT/heuristicXover.m,6.数学建模模型算法大全,优化与规划,source-code,MATLAB,.m,2.09,normal,ef01a21a13157ae9fb77cbaf9f5f3a50bc14a9c48da3d3696e88247ab0bdf0e4,
6.数学建模模型算法大全/遗传算法/遗传算法@遗传退火算法（算法简介+编程技巧+工具箱+应用大全）（含源代码）/工具箱/遗传算法工具箱/GAOT/initialize.m,6.数学建模模型算法大全,优化与规划,source-code,MATLAB,.m,3.12,normal,b0aae211bd3d017d80af0852cd13c90f99e366c5e30fc466363d10149c1f800c,
6.数学建模模型算法大全/遗传算法/遗传算法@遗传退火算法（算法简介+编程技巧+工具箱+应用大全）（含源代码）/工具箱/遗传算法工具箱/GAOT/maxGenTerm.m,6.数学建模模型算法大全,优化与规划,source-code,MATLAB,.m,1.24,normal,486c85caf44d78be1603c1fb88819ea294c342bc4b9effa876ee51c9ad40df3a,
6.数学建模模型算法大全/遗传算法/遗传算法@遗传退火算法（算法简介+编程技巧+工具箱+应用大全）（含源代码）/工具箱/遗传算法工具箱/GAOT/multiNonUnifMutation.m,6.数学建模模型算法大全,优化与规划,source-code,MATLAB,.m,1.94,normal,63cb60366f073527d546094319f0769a62a191bb4568620626638e886fee67af,
6.数学建模模型算法大全/遗传算法/遗传算法@遗传退火算法（算法简介+编程技巧+工具箱+应用大全）（含源代码）/工具箱/遗传算法工具箱/GAOT/nonUnifMutation.m,6.数学建模模型算法大全,优化与规划,source-code,MATLAB,.m,2.14,normal,2c8713c06a631c80c4bc4f325b3a5d03bffec23cdfeb9e00120d193600da6748,
6.数学建模模型算法大全/遗传算法/遗传算法@遗传退火算法（算法简介+编程技巧+工具箱+应用大全）（含源代码）/工具箱/遗传算法工具箱/GAOT/normGeomSelect.m,6.数学建模模型算法大全,优化与规划,source-code,MATLAB,.m,2.26,normal,f1c4675b3d99f25bd0d51efdc519453ecba055ca46590bc8d6c54a8a3801c57a,
6.数学建模模型算法大全/遗传算法/遗传算法@遗传退火算法（算法简介+编程技巧+工具箱+应用大全）（含源代码）/工具箱/遗传算法工具箱/GAOT/optMaxGenTerm.m,6.数学建模模型算法大全,优化与规划,source-code,MATLAB,.m,1.39,normal,c8285e812483cb1895c8b250a12aedb817a77c3819b8fa2de44dc6336838b7a9,
6.数学建模模型算法大全/遗传算法/遗传算法@遗传退火算法（算法简介+编程技巧+工具箱+应用大全）（含源代码）/工具箱/遗传算法工具箱/GAOT/parse.m,6.数学建模模型算法大全,优化与规划,source-code,MATLAB,.m,1.42,normal,4cac9baa65366e9604e3bf061005c8c9c73254320accbad0508aab2e733e3330,
6.数学建模模型算法大全/遗传算法/遗传算法@遗传退火算法（算法简介+编程技巧+工具箱+应用大全）（含源代码）/工具箱/遗传算法工具箱/GAOT/roulette.m,6.数学建模模型算法大全,优化与规划,source-code,MATLAB,.m,1.74,normal,7f54031a43bf3eadb6aa75569d51938f0c479d70df78fd1e7b07720bf1476826,
6.数学建模模型算法大全/遗传算法/遗传算法@遗传退火算法（算法简介+编程技巧+工具箱+应用大全）（含源代码）/工具箱/遗传算法工具箱/GAOT/simpleXover.m,6.数学建模模型算法大全,优化与规划,source-code,MATLAB,.m,1.58,normal,558dd6bef980160834395343a34418a7f4bde61374b224fefac9b5b5fa146a4e,
6.数学建模模型算法大全/遗传算法/遗传算法@遗传退火算法（算法简介+编程技巧+工具箱+应用大全）（含源代码）/工具箱/遗传算法工具箱/GAOT/tournSelect.m,6.数学建模模型算法大全,优化与规划,source-code,MATLAB,.m,1.58,normal,89e976b3c4590675501c98c739fa5d7023e0b3d67121436623eccdb9961823e1,
6.数学建模模型算法大全/遗传算法/遗传算法@遗传退火算法（算法简介+编程技巧+工具箱+应用大全）（含源代码）/工具箱/遗传算法工具箱/GAOT/unifMutation.m,6.数学建模模型算法大全,优化与规划,source-code,MATLAB,.m,1.61,normal,3bcc9920437174a261b9c338297dabffe002bf911d18625972e265594fd05741,
6.数学建模模型算法大全/遗传算法/遗传算法@遗传退火算法（算法简介+编程技巧+工具箱+应用大全）（含源代码）/工具箱/遗传算法工具箱/Genetic Algorithms/binaryExample.m,6.数学建模模型算法大全,优化与规划,source-code,MATLAB,.m,1.75,normal,e47c7170796ddf355af3d400e839d07519f4e02b34396b20a8d515ef9ef82b42,
6.数学建模模型算法大全/遗传算法/遗传算法@遗传退火算法（算法简介+编程技巧+工具箱+应用大全）（含源代码）/工具箱/遗传算法工具箱/Genetic Algorithms/floatExample.m,6.数学建模模型算法大全,优化与规划,source-code,MATLAB,.m,1.93,normal,7f60fda7a0a68f9ee88656fd3c56775ae44a1052504d731e076a9960f4296101,
6.数学建模模型算法大全/遗传算法/遗传算法@遗传退火算法（算法简介+编程技巧+工具箱+应用大全）（含源代码）/工具箱/遗传算法工具箱/Genetic Algorithms/floatGrad.m,6.数学建模模型算法大全,优化与规划,source-code,MATLAB,.m,1.45,normal,16519071d8f15701b75a484561ea20052f49d86d5289e7ba18aa24d5498ba804,
6.数学建模模型算法大全/遗传算法/遗传算法@遗传退火算法（算法简介+编程技巧+工具箱+应用大全）（含源代码）/工具箱/遗传算法工具箱/Genetic Algorithms/gaMichEval.m,6.数学建模模型算法大全,优化与规划,source-code,MATLAB,.m,0.18,normal,9c6347cb529905b7538f1c15dcde5a62da53812e643cdb4fc1d903d6eaf0a3c8,
6.数学建模模型算法大全/遗传算法/遗传算法@遗传退火算法（算法简介+编程技巧+工具箱+应用大全）（含源代码）/工具箱/遗传算法工具箱/Genetic Algorithms/gas.m,6.数学建模模型算法大全,优化与规划,source-code,MATLAB,.m,0.06,normal,22e923000ba3ac417d65e319e67513cdc218431c1e8b2bba399db5fa5529ff8d,
6.数学建模模型算法大全/遗传算法/遗传算法@遗传退火算法（算法简介+编程技巧+工具箱+应用大全）（含源代码）/工具箱/遗传算法工具箱/Genetic Algorithms/gaSimpleEval.m,6.数学建模模型算法大全,优化与规划,source-code,MATLAB,.m,0.19,normal,1b736ca4c5c087ab5f01d52661fc5f6137a230f4285b8a043bc96598b65aa598,
6.数学建模模型算法大全/遗传算法/遗传算法@遗传退火算法（算法简介+编程技巧+工具箱+应用大全）（含源代码）/工具箱/遗传算法工具箱/Genetic Algorithms/gaZBGrad.m,6.数学建模模型算法大全,优化与规划,source-code,MATLAB,.m,0.17,normal,b5a2df3af293828b22600cff26452e96d7a50ac2de08e40cfa89cc43d676563c,
6.数学建模模型算法大全/遗传算法/遗传算法@遗传退火算法（算法简介+编程技巧+工具箱+应用大全）（含源代码）/工具箱/遗传算法工具箱/Genetic Algorithms/gaZBGradEval.m,6.数学建模模型算法大全,优化与规划,source-code,MATLAB,.m,0.67,normal,1ab07a9cafc850137759649eeeb15345ca16f1d8a2a3c9067034e0206c7a6cc6,
6.数学建模模型算法大全/遗传算法/遗传算法@遗传退火算法（算法简介+编程技巧+工具箱+应用大全）（含源代码）/工具箱/遗传算法工具箱/Genetic Algorithms/startup.m,6.数学建模模型算法大全,优化与规划,source-code,MATLAB,.m,0.05,normal,7a31db6b29276c6ca2dc034bb836520ca19dbf905b4af001a50177a412757e25,
6.数学建模模型算法大全/遗传算法/遗传算法@遗传退火算法（算法简介+编程技巧+工具箱+应用大全）（含源代码）/用MATLAB实现遗传算法程序/B2F.m,6.数学建模模型算法大全,优化与规划,source-code,MATLAB,.m,0.64,normal,caea6aa308c917bc76e4d3980872e51b48889a0d128b746fe638d85f752e5ef7,DUP-0114
6.数学建模模型算法大全/遗传算法/遗传算法@遗传退火算法（算法简介+编程技巧+工具箱+应用大全）（含源代码）/用MATLAB实现遗传算法程序/changes.m,6.数学建模模型算法大全,优化与规划,source-code,MATLAB,.m,0.94,normal,6131cf2e58e7b2cd7e9544b4bf335f9125fc89508b6b115d574e43c2a6e1a1d3,DUP-0115
6.数学建模模型算法大全/遗传算法/遗传算法@遗传退火算法（算法简介+编程技巧+工具箱+应用大全）（含源代码）/用MATLAB实现遗传算法程序/cross.m,6.数学建模模型算法大全,优化与规划,source-code,MATLAB,.m,1.13,normal,8eddbc1746d3ce06c04e4f33f27630936f1363ff0bd4e46b9e4728f0d6a4ef96,DUP-0116
6.数学建模模型算法大全/遗传算法/遗传算法@遗传退火算法（算法简介+编程技巧+工具箱+应用大全）（含源代码）/用MATLAB实现遗传算法程序/de2bi.m,6.数学建模模型算法大全,优化与规划,source-code,MATLAB,.m,1.02,normal,4f30725723950ae1bdcef724606abbee72b698362ef807e41355418a50fe37e9,DUP-0117
6.数学建模模型算法大全/遗传算法/遗传算法@遗传退火算法（算法简介+编程技巧+工具箱+应用大全）（含源代码）/用MATLAB实现遗传算法程序/F2B.m,6.数学建模模型算法大全,优化与规划,source-code,MATLAB,.m,0.53,normal,a654ccb2ce5b7741bacf18e5a16ae600391206a70d4f5bb6daebdbb2ed3030ef,DUP-0118
6.数学建模模型算法大全/遗传算法/遗传算法@遗传退火算法（算法简介+编程技巧+工具箱+应用大全）（含源代码）/用MATLAB实现遗传算法程序/f553.m,6.数学建模模型算法大全,优化与规划,source-code,MATLAB,.m,0.53,normal,c3efd92dd04b3ec59c80ec94d94e6296dc2f327da97efc9df149e05e76ed1658,DUP-0119
6.数学建模模型算法大全/遗传算法/遗传算法@遗传退火算法（算法简介+编程技巧+工具箱+应用大全）（含源代码）/用MATLAB实现遗传算法程序/ga.m,6.数学建模模型算法大全,优化与规划,source-code,MATLAB,.m,1.04,normal,63c2ae74e4a035bbec682e2c8ef9d6b7cb3481ecd2713f56cc86dc7b6e5e8f37,DUP-0120
6.数学建模模型算法大全/遗传算法/遗传算法@遗传退火算法（算法简介+编程技巧+工具箱+应用大全）（含源代码）/用MATLAB实现遗传算法程序/gaDemo1Eeval.m,6.数学建模模型算法大全,优化与规划,source-code,MATLAB,.m,0.17,normal,82092f0e0f6cd34f61a92150513e4c7826f922afcb9cd933ad587ca2cac7106e,DUP-0121
6.数学建模模型算法大全/遗传算法/遗传算法@遗传退火算法（算法简介+编程技巧+工具箱+应用大全）（含源代码）/用MATLAB实现遗传算法程序/INTinti.m,6.数学建模模型算法大全,优化与规划,source-code,MATLAB,.m,0.37,normal,86e35ec011f252b6ca717adb34969009a3ebc0aceb4c9c4c24b22724a000e949,DUP-0122
6.数学建模模型算法大全/遗传算法/遗传算法@遗传退火算法（算法简介+编程技巧+工具箱+应用大全）（含源代码）/用MATLAB实现遗传算法程序/mutation.m,6.数学建模模型算法大全,优化与规划,source-code,MATLAB,.m,0.52,normal,8b1dcac14752d20cfa8a63de5d92b869f5efd00cb7650bbb9cce458a603a390a,DUP-0123
6.数学建模模型算法大全/遗传算法/遗传算法@遗传退火算法（算法简介+编程技巧+工具箱+应用大全）（含源代码）/用MATLAB实现遗传算法程序/myfun.m,6.数学建模模型算法大全,优化与规划,source-code,MATLAB,.m,0.15,normal,b1855695ae6d222117e6b1937ef2063bbcdbb87810659120e19177ed1da2ed9c,DUP-0124
6.数学建模模型算法大全/遗传算法/遗传算法@遗传退火算法（算法简介+编程技巧+工具箱+应用大全）（含源代码）/用MATLAB实现遗传算法程序/myga.m,6.数学建模模型算法大全,优化与规划,source-code,MATLAB,.m,1.57,normal,e81f0d48d2000673960cd2f40e86e892a8cab20282d90de7bc0ae7280a0552b2,DUP-0125
6.数学建模模型算法大全/遗传算法/遗传算法@遗传退火算法（算法简介+编程技巧+工具箱+应用大全）（含源代码）/用MATLAB实现遗传算法程序/xcross.m,6.数学建模模型算法大全,优化与规划,source-code,MATLAB,.m,0.13,normal,2ec2484033d8e1167922fbb2b1b9f7c57f2c16034f64f52652be91c9cd4cec84,DUP-0126
6.数学建模模型算法大全/遗传算法/遗传算法@遗传退火算法（算法简介+编程技巧+工具箱+应用大全）（含源代码）/遗传算法的一些应用于编程（含源代码）/MTSP问题求解/MTSP的求解程序代码/ceshide.m,6.数学建模模型算法大全,优化与规划,source-code,MATLAB,.m,0.23,normal,a340ffcbf05f99980a5b09aad080efa8eca418f5100c063929276a17ca6b76de,
6.数学建模模型算法大全/遗传算法/遗传算法@遗传退火算法（算法简介+编程技巧+工具箱+应用大全）（含源代码）/遗传算法的一些应用于编程（含源代码）/MTSP问题求解/MTSP的求解程序代码/floyed.m,6.数学建模模型算法大全,优化与规划,source-code,MATLAB,.m,0.91,normal,ccb198e8f01bcb03064ed5f427c69a8468a5a49611dc2f116d8448c5617c9b83,
6.数学建模模型算法大全/遗传算法/遗传算法@遗传退火算法（算法简介+编程技巧+工具箱+应用大全）（含源代码）/遗传算法的一些应用于编程（含源代码）/MTSP问题求解/MTSP的求解程序代码/mtspf_ga.m,6.数学建模模型算法大全,优化与规划,source-code,MATLAB,.m,5.96,normal,8abadf1a9de5ec2d001933d0cba8d15089bb3e4dd7fc9b664dc9c67ff3759315,
6.数学建模模型算法大全/遗传算法/遗传算法@遗传退火算法（算法简介+编程技巧+工具箱+应用大全）（含源代码）/遗传算法的一些应用于编程（含源代码）/MTSP问题求解/MTSP的求解程序代码/myLength.m,6.数学建模模型算法大全,优化与规划,source-code,MATLAB,.m,0.12,normal,b3387939f0f3355f00b9bb8e9714d114e26737bcbdba2f7e42d88c78d99de7b6,
6.数学建模模型算法大全/遗传算法/遗传算法@遗传退火算法（算法简介+编程技巧+工具箱+应用大全）（含源代码）/遗传算法的一些应用于编程（含源代码）/TSP问题求解/基于Matlab的遗传算法解决TSP问题的报告.txt,6.数学建模模型算法大全,优化与规划,source-code,MATLAB,.txt,18.15,normal,5fbac372e478779091bd7d3e055125ade49599c2cf583edcaf7ba9ba854eb3ad,
6.数学建模模型算法大全/遗传算法/遗传算法@遗传退火算法（算法简介+编程技巧+工具箱+应用大全）（含源代码）/遗传算法的一些应用于编程（含源代码）/TSP问题求解/自创遗传算法解TSP操作/crossover.m,6.数学建模模型算法大全,优化与规划,source-code,MATLAB,.m,2.11,normal,5ce5e4d183194c51934593fdd6cac4c986aad02361ead0dadb122832f43270f9,
6.数学建模模型算法大全/遗传算法/遗传算法@遗传退火算法（算法简介+编程技巧+工具箱+应用大全）（含源代码）/遗传算法的一些应用于编程（含源代码）/TSP问题求解/自创遗传算法解TSP操作/draw.m,6.数学建模模型算法大全,优化与规划,source-code,MATLAB,.m,0.54,normal,2d4c4809dd15aebec74a632881c4a124c880ae40b5f6617436c97f5dd066bdb7,
6.数学建模模型算法大全/遗传算法/遗传算法@遗传退火算法（算法简介+编程技巧+工具箱+应用大全）（含源代码）/遗传算法的一些应用于编程（含源代码）/TSP问题求解/自创遗传算法解TSP操作/DrawPath.m,6.数学建模模型算法大全,优化与规划,source-code,MATLAB,.m,0.6,normal,096cd91f41dd4c715eb5ec09142bed6c6719939415fa918ca99ebf20f07221c2,DUP-0128
6.数学建模模型算法大全/遗传算法/遗传算法@遗传退火算法（算法简介+编程技巧+工具箱+应用大全）（含源代码）/遗传算法的一些应用于编程（含源代码）/TSP问题求解/自创遗传算法解TSP操作/dsxy2figxy.m,6.数学建模模型算法大全,优化与规划,source-code,MATLAB,.m,0.94,normal,e93a50af10a503a456294791f45cdba5c9fd3284f2211ca36b010ae1f7a0c5c7,DUP-0129
6.数学建模模型算法大全/遗传算法/遗传算法@遗传退火算法（算法简介+编程技巧+工具箱+应用大全）（含源代码）/遗传算法的一些应用于编程（含源代码）/TSP问题求解/自创遗传算法解TSP操作/GA_TSP.m,6.数学建模模型算法大全,优化与规划,source-code,MATLAB,.m,5.16,normal,ab7ba8ce6bcae254c590ef95b35672182b1fd7a44ac20d41fb5d2602c38ce4cb,
6.数学建模模型算法大全/遗传算法/遗传算法@遗传退火算法（算法简介+编程技巧+工具箱+应用大全）（含源代码）/遗传算法的一些应用于编程（含源代码）/TSP问题求解/自创遗传算法解TSP操作/mutation.m,6.数学建模模型算法大全,优化与规划,source-code,MATLAB,.m,0.92,normal,5868a0c9d3b7e364a85d8a8fa83cf8370f1a5298602b7cbdb582bc368071629c,
6.数学建模模型算法大全/遗传算法/遗传算法@遗传退火算法（算法简介+编程技巧+工具箱+应用大全）（含源代码）/遗传算法的一些应用于编程（含源代码）/TSP问题求解/自创遗传算法解TSP操作/OutputPath.m,6.数学建模模型算法大全,优化与规划,source-code,MATLAB,.m,0.15,normal,a29e2635babeb1672684c95178cc74dd8757830f3bda17e5a34a62c510258ba0,DUP-0130
6.数学建模模型算法大全/遗传算法/遗传算法@遗传退火算法（算法简介+编程技巧+工具箱+应用大全）（含源代码）/遗传算法的一些应用于编程（含源代码）/TSP问题求解/自创遗传算法解TSP操作/PathLength.m,6.数学建模模型算法大全,优化与规划,source-code,MATLAB,.m,0.3,normal,9c626ed9eba0f15634d69a9b2b2a18d1997fe636475c17e19d28e0bdb083b9f4,DUP-0131
6.数学建模模型算法大全/遗传算法/遗传算法@遗传退火算法（算法简介+编程技巧+工具箱+应用大全）（含源代码）/遗传算法的一些应用于编程（含源代码）/TSP问题求解/自创遗传算法解TSP操作/Reins.m,6.数学建模模型算法大全,优化与规划,source-code,MATLAB,.m,0.29,normal,9cd03324e1e2bbb617422427bfd1e392c99ea9e6fe25d4d960e589f14f37c257,DUP-0132
6.数学建模模型算法大全/遗传算法/遗传算法@遗传退火算法（算法简介+编程技巧+工具箱+应用大全）（含源代码）/遗传算法的一些应用于编程（含源代码）/TSP问题求解/自创遗传算法解TSP操作/Reverse.m,6.数学建模模型算法大全,优化与规划,source-code,MATLAB,.m,0.52,normal,362230ebfeb1275e54333fad3d1cfd1e7c2f6ac7eebef563121f8ac8af481c1e,DUP-0133
6.数学建模模型算法大全/遗传算法/遗传算法@遗传退火算法（算法简介+编程技巧+工具箱+应用大全）（含源代码）/遗传算法的一些应用于编程（含源代码）/TSP问题求解/自创遗传算法解TSP操作/select.m,6.数学建模模型算法大全,优化与规划,source-code,MATLAB,.m,2.19,normal,e251f368524063c9eb83453549128fd6aeabef28b18d2ca61b9216765692f5a0,
6.数学建模模型算法大全/遗传算法/遗传算法@遗传退火算法（算法简介+编程技巧+工具箱+应用大全）（含源代码）/遗传算法的一些应用于编程（含源代码）/TSP问题求解/遗传算法求解TSP标准程序/Distanse.m,6.数学建模模型算法大全,优化与规划,source-code,MATLAB,.m,0.26,normal,7dba248dc9470b860e35949a942bb1835838f9847d759ca0d57a902dbb19f37d,
6.数学建模模型算法大全/遗传算法/遗传算法@遗传退火算法（算法简介+编程技巧+工具箱+应用大全）（含源代码）/遗传算法的一些应用于编程（含源代码）/TSP问题求解/遗传算法求解TSP标准程序/DrawPath.m,6.数学建模模型算法大全,优化与规划,source-code,MATLAB,.m,0.6,normal,096cd91f41dd4c715eb5ec09142bed6c6719939415fa918ca99ebf20f07221c2,DUP-0128
6.数学建模模型算法大全/遗传算法/遗传算法@遗传退火算法（算法简介+编程技巧+工具箱+应用大全）（含源代码）/遗传算法的一些应用于编程（含源代码）/TSP问题求解/遗传算法求解TSP标准程序/dsxy2figxy.m,6.数学建模模型算法大全,优化与规划,source-code,MATLAB,.m,0.94,normal,e93a50af10a503a456294791f45cdba5c9fd3284f2211ca36b010ae1f7a0c5c7,DUP-0129
6.数学建模模型算法大全/遗传算法/遗传算法@遗传退火算法（算法简介+编程技巧+工具箱+应用大全）（含源代码）/遗传算法的一些应用于编程（含源代码）/TSP问题求解/遗传算法求解TSP标准程序/Fitness.m,6.数学建模模型算法大全,优化与规划,source-code,MATLAB,.m,0.12,normal,3cbd801e866ead09dd8e38623ac21035e21b4577792cc4ec9d0a230c9fc8513d,
6.数学建模模型算法大全/遗传算法/遗传算法@遗传退火算法（算法简介+编程技巧+工具箱+应用大全）（含源代码）/遗传算法的一些应用于编程（含源代码）/TSP问题求解/遗传算法求解TSP标准程序/GA_TSP.m,6.数学建模模型算法大全,优化与规划,source-code,MATLAB,.m,2.03,normal,36c02067f355eef27d71f260b18044e488dc1a8229b38de3d277195acefbeca0,
6.数学建模模型算法大全/遗传算法/遗传算法@遗传退火算法（算法简介+编程技巧+工具箱+应用大全）（含源代码）/遗传算法的一些应用于编程（含源代码）/TSP问题求解/遗传算法求解TSP标准程序/InitPop.m,6.数学建模模型算法大全,优化与规划,source-code,MATLAB,.m,0.23,normal,7e0ec3b6fdad841fbbf8afe515f208681a97e86861403e687e08a76026153ebf,
6.数学建模模型算法大全/遗传算法/遗传算法@遗传退火算法（算法简介+编程技巧+工具箱+应用大全）（含源代码）/遗传算法的一些应用于编程（含源代码）/TSP问题求解/遗传算法求解TSP标准程序/Mutate.m,6.数学建模模型算法大全,优化与规划,source-code,MATLAB,.m,0.26,normal,f4d98e0965cb14324c7bc368b0b470ee97af968d374ea4798fbb51df5a4f16ae,
6.数学建模模型算法大全/遗传算法/遗传算法@遗传退火算法（算法简介+编程技巧+工具箱+应用大全）（含源代码）/遗传算法的一些应用于编程（含源代码）/TSP问题求解/遗传算法求解TSP标准程序/OutputPath.m,6.数学建模模型算法大全,优化与规划,source-code,MATLAB,.m,0.15,normal,a29e2635babeb1672684c95178cc74dd8757830f3bda17e5a34a62c510258ba0,DUP-0130
6.数学建模模型算法大全/遗传算法/遗传算法@遗传退火算法（算法简介+编程技巧+工具箱+应用大全）（含源代码）/遗传算法的一些应用于编程（含源代码）/TSP问题求解/遗传算法求解TSP标准程序/PathLength.m,6.数学建模模型算法大全,优化与规划,source-code,MATLAB,.m,0.3,normal,9c626ed9eba0f15634d69a9b2b2a18d1997fe636475c17e19d28e0bdb083b9f4,DUP-0131
6.数学建模模型算法大全/遗传算法/遗传算法@遗传退火算法（算法简介+编程技巧+工具箱+应用大全）（含源代码）/遗传算法的一些应用于编程（含源代码）/TSP问题求解/遗传算法求解TSP标准程序/Recombin.m,6.数学建模模型算法大全,优化与规划,source-code,MATLAB,.m,1.37,normal,a70ce4be06389dcd49648ff2cbf599b815218dd1ae7c92cc6ef7ec6e02475be4,
6.数学建模模型算法大全/遗传算法/遗传算法@遗传退火算法（算法简介+编程技巧+工具箱+应用大全）（含源代码）/遗传算法的一些应用于编程（含源代码）/TSP问题求解/遗传算法求解TSP标准程序/Reins.m,6.数学建模模型算法大全,优化与规划,source-code,MATLAB,.m,0.29,normal,9cd03324e1e2bbb617422427bfd1e392c99ea9e6fe25d4d960e589f14f37c257,DUP-0132
6.数学建模模型算法大全/遗传算法/遗传算法@遗传退火算法（算法简介+编程技巧+工具箱+应用大全）（含源代码）/遗传算法的一些应用于编程（含源代码）/TSP问题求解/遗传算法求解TSP标准程序/Reverse.m,6.数学建模模型算法大全,优化与规划,source-code,MATLAB,.m,0.52,normal,362230ebfeb1275e54333fad3d1cfd1e7c2f6ac7eebef563121f8ac8af481c1e,DUP-0133
6.数学建模模型算法大全/遗传算法/遗传算法@遗传退火算法（算法简介+编程技巧+工具箱+应用大全）（含源代码）/遗传算法的一些应用于编程（含源代码）/TSP问题求解/遗传算法求解TSP标准程序/Select.m,6.数学建模模型算法大全,优化与规划,source-code,MATLAB,.m,0.23,normal,52bdba55f65890e2b37cf7fbc73e1fa3fcf193ed28d30140aea14f47ba19ef28,
6.数学建模模型算法大全/遗传算法/遗传算法@遗传退火算法（算法简介+编程技巧+工具箱+应用大全）（含源代码）/遗传算法的一些应用于编程（含源代码）/TSP问题求解/遗传算法求解TSP标准程序/Sus.m,6.数学建模模型算法大全,优化与规划,source-code,MATLAB,.m,0.44,normal,74809141812a4b2625b6b8a60cb874427a81a24cf85e14dce6d897ec1245b35f,
6.数学建模模型算法大全/遗传算法/遗传算法@遗传退火算法（算法简介+编程技巧+工具箱+应用大全）（含源代码）/遗传算法的一些应用于编程（含源代码）/TSP问题求解/遗传算法求解TSP标准程序/test.m,6.数学建模模型算法大全,优化与规划,source-code,MATLAB,.m,0.18,normal,5053ca018c498e3f4ef4247fe1dd64ab5a705a949dff1711e23fe9fba52f6be4,
6.数学建模模型算法大全/遗传算法/遗传算法@遗传退火算法（算法简介+编程技巧+工具箱+应用大全）（含源代码）/遗传算法的一些应用于编程（含源代码）/源程序.txt,6.数学建模模型算法大全,优化与规划,source-code,MATLAB,.txt,6.84,normal,ebef31117ca693ca11f54353e194f7b8ee0b2c82fe8ce422d96ddfa3f65c1127,DUP-0134
6.数学建模模型算法大全/遗传算法/遗传算法@遗传退火算法（算法简介+编程技巧+工具箱+应用大全）（含源代码）/遗传算法的一些应用于编程（含源代码）/物流选址/免疫算法程序实现/bestselect.m,6.数学建模模型算法大全,优化与规划,source-code,MATLAB,.m,1.63,normal,f05fa6e2a0fc0f87a000cfab4095932952d84359f63400e1229f063ad491b12f,
6.数学建模模型算法大全/遗传算法/遗传算法@遗传退火算法（算法简介+编程技巧+工具箱+应用大全）（含源代码）/遗传算法的一些应用于编程（含源代码）/物流选址/免疫算法程序实现/concentration.m,6.数学建模模型算法大全,优化与规划,source-code,MATLAB,.m,0.47,normal,8999aeb7343521126670c7286db80ec7299811e688c823c9903400ef12a42074,
6.数学建模模型算法大全/遗传算法/遗传算法@遗传退火算法（算法简介+编程技巧+工具箱+应用大全）（含源代码）/遗传算法的一些应用于编程（含源代码）/物流选址/免疫算法程序实现/Cross.m,6.数学建模模型算法大全,优化与规划,source-code,MATLAB,.m,1.26,normal,32f8151959858c90f6e39cba55d7bd67b466c79d75226a6dc50fc6c47d215113,
6.数学建模模型算法大全/遗传算法/遗传算法@遗传退火算法（算法简介+编程技巧+工具箱+应用大全）（含源代码）/遗传算法的一些应用于编程（含源代码）/物流选址/免疫算法程序实现/draw.m,6.数学建模模型算法大全,优化与规划,source-code,MATLAB,.m,1.02,normal,a57b735c61b5abeb7116871ed49194ec9a5ad2c85311f7cab9b59d4daadcbd87,
6.数学建模模型算法大全/遗传算法/遗传算法@遗传退火算法（算法简介+编程技巧+工具箱+应用大全）（含源代码）/遗传算法的一些应用于编程（含源代码）/物流选址/免疫算法程序实现/excellence.m,6.数学建模模型算法大全,优化与规划,source-code,MATLAB,.m,0.39,normal,ab4a2e258c9b7f86c5068f7c69011ce2665f9bf3abdd08bfcb022eda1c2eb7e5,
6.数学建模模型算法大全/遗传算法/遗传算法@遗传退火算法（算法简介+编程技巧+工具箱+应用大全）（含源代码）/遗传算法的一些应用于编程（含源代码）/物流选址/免疫算法程序实现/fitness.m,6.数学建模模型算法大全,优化与规划,source-code,MATLAB,.m,0.98,normal,eb5cc5c78f6e7365ae8c2b4cee4916f7c6e656c89d037907781276092ab30e5f,
6.数学建模模型算法大全/遗传算法/遗传算法@遗传退火算法（算法简介+编程技巧+工具箱+应用大全）（含源代码）/遗传算法的一些应用于编程（含源代码）/物流选址/免疫算法程序实现/incorporate.m,6.数学建模模型算法大全,优化与规划,source-code,MATLAB,.m,1.08,normal,35f97d08d1dfe61fa3666a99b5843ce07fdf42ff00fd892fa0f0cf848204a04f,
6.数学建模模型算法大全/遗传算法/遗传算法@遗传退火算法（算法简介+编程技巧+工具箱+应用大全）（含源代码）/遗传算法的一些应用于编程（含源代码）/物流选址/免疫算法程序实现/main.m,6.数学建模模型算法大全,优化与规划,source-code,MATLAB,.m,3.82,normal,908443b80eb2232282101e31032ce9cae77deef9b1efb22def1799a213fed4c4,
6.数学建模模型算法大全/遗传算法/遗传算法@遗传退火算法（算法简介+编程技巧+工具箱+应用大全）（含源代码）/遗传算法的一些应用于编程（含源代码）/物流选址/免疫算法程序实现/Mutation.m,6.数学建模模型算法大全,优化与规划,source-code,MATLAB,.m,0.98,normal,2dd1414d6c360924f7d6efa1df977f83be94524f91efce86364e693f7bc8cdf9,
6.数学建模模型算法大全/遗传算法/遗传算法@遗传退火算法（算法简介+编程技巧+工具箱+应用大全）（含源代码）/遗传算法的一些应用于编程（含源代码）/物流选址/免疫算法程序实现/popinit.m,6.数学建模模型算法大全,优化与规划,source-code,MATLAB,.m,0.31,normal,85973658b83ccb706453a0d26887a02a872fbe65ae90755ee29a9997453f24f0,
6.数学建模模型算法大全/遗传算法/遗传算法@遗传退火算法（算法简介+编程技巧+工具箱+应用大全）（含源代码）/遗传算法的一些应用于编程（含源代码）/物流选址/免疫算法程序实现/Select.m,6.数学建模模型算法大全,优化与规划,source-code,MATLAB,.m,0.89,normal,74efd3fb8522322d530462157e4e66531744895146e81ca8f7f915e346bddcb4,
6.数学建模模型算法大全/遗传算法/遗传算法@遗传退火算法（算法简介+编程技巧+工具箱+应用大全）（含源代码）/遗传算法的一些应用于编程（含源代码）/物流选址/免疫算法程序实现/similar.m,6.数学建模模型算法大全,优化与规划,source-code,MATLAB,.m,0.37,normal,9701b6cfcc5cdb339a29892bb167f3dafeac46b7074ece39d06139b25d9c4ae8,
6.数学建模模型算法大全/遗传算法/遗传算法@遗传退火算法（算法简介+编程技巧+工具箱+应用大全）（含源代码）/遗传算法的一些应用于编程（含源代码）/物流选址/免疫算法程序实现/test.m,6.数学建模模型算法大全,优化与规划,source-code,MATLAB,.m,0.57,normal,ec6ab248bdae3fe2bf744d1a2af431a94f02a496c711be4a58249da446a2a81a,
6.数学建模模型算法大全/遗传算法/遗传算法@遗传退火算法（算法简介+编程技巧+工具箱+应用大全）（含源代码）/遗传算法的一些应用于编程（含源代码）/物流选址/遗传算法/best.m,6.数学建模模型算法大全,优化与规划,source-code,MATLAB,.m,0.59,normal,709781c6a646fca338ba142ac77fdcd6127a9c4992aa18883bd3340fd8640f41,
6.数学建模模型算法大全/遗传算法/遗传算法@遗传退火算法（算法简介+编程技巧+工具箱+应用大全）（含源代码）/遗传算法的一些应用于编程（含源代码）/物流选址/遗传算法/calfitvalue.m,6.数学建模模型算法大全,优化与规划,source-code,MATLAB,.m,1.22,normal,39ca2bf342dbfa05cf0a04f9c2a0190b6d26d795545d02ee39c06e6eb39137d3,
6.数学建模模型算法大全/遗传算法/遗传算法@遗传退火算法（算法简介+编程技巧+工具箱+应用大全）（含源代码）/遗传算法的一些应用于编程（含源代码）/物流选址/遗传算法/calobjvalue.m,6.数学建模模型算法大全,优化与规划,source-code,MATLAB,.m,0.33,normal,a279c5a2fce3132733d342ec607485eba35f5025bafa9aac841e01efd676dd11,
6.数学建模模型算法大全/遗传算法/遗传算法@遗传退火算法（算法简介+编程技巧+工具箱+应用大全）（含源代码）/遗传算法的一些应用于编程（含源代码）/物流选址/遗传算法/crossover.m,6.数学建模模型算法大全,优化与规划,source-code,MATLAB,.m,0.81,normal,ff5eedbb59496da1481a36eb895490f4f679b816e2f504a2fc27d281a40a3dc5,
6.数学建模模型算法大全/遗传算法/遗传算法@遗传退火算法（算法简介+编程技巧+工具箱+应用大全）（含源代码）/遗传算法的一些应用于编程（含源代码）/物流选址/遗传算法/main.m,6.数学建模模型算法大全,优化与规划,source-code,MATLAB,.m,2.53,normal,33d5d8b275d3538f2696f3bc418fc6563e3f7f627f9e1fd278048b175456a8d4,
6.数学建模模型算法大全/遗传算法/遗传算法@遗传退火算法（算法简介+编程技巧+工具箱+应用大全）（含源代码）/遗传算法的一些应用于编程（含源代码）/物流选址/遗传算法/mutation.m,6.数学建模模型算法大全,优化与规划,source-code,MATLAB,.m,1.29,normal,7657678a92efe4351e26955c3b52b5dd42f5697e415f8be53ca8654a871b96a0,
6.数学建模模型算法大全/遗传算法/遗传算法@遗传退火算法（算法简介+编程技巧+工具箱+应用大全）（含源代码）/遗传算法的一些应用于编程（含源代码）/物流选址/遗传算法/selection.m,6.数学建模模型算法大全,优化与规划,source-code,MATLAB,.m,0.37,normal,f4cbab05c0006e9057e9b3945a9daa584b3eded9e950c36ee266407a7d0eac1d,
6.数学建模模型算法大全/遗传算法/遗传算法@遗传退火算法（算法简介+编程技巧+工具箱+应用大全）（含源代码）/遗传算法的一些应用于编程（含源代码）/聚类分析问题/遗传和模拟退火的聚类程序/CRTBASE.M,6.数学建模模型算法大全,优化与规划,source-code,MATLAB,.m,1.14,normal,e0a5dec9709b6d5c6ebafa3f4a452d455710626114c4add503b1968c4c62a22a,
6.数学建模模型算法大全/遗传算法/遗传算法@遗传退火算法（算法简介+编程技巧+工具箱+应用大全）（含源代码）/遗传算法的一些应用于编程（含源代码）/聚类分析问题/遗传和模拟退火的聚类程序/CRTBP.M,6.数学建模模型算法大全,优化与规划,source-code,MATLAB,.m,2.14,normal,894b8535d97486a598d8143bcf8fef1d72907caff3870db4955f7a996518a5d2,
6.数学建模模型算法大全/遗传算法/遗传算法@遗传退火算法（算法简介+编程技巧+工具箱+应用大全）（含源代码）/遗传算法的一些应用于编程（含源代码）/聚类分析问题/遗传和模拟退火的聚类程序/CRTRP.M,6.数学建模模型算法大全,优化与规划,source-code,MATLAB,.m,2.04,normal,900cb8e84a5ad67fa6798ce0ae0b4a45b9bef93b5cad9a8119c108ecadfd1b36,
6.数学建模模型算法大全/遗传算法/遗传算法@遗传退火算法（算法简介+编程技巧+工具箱+应用大全）（含源代码）/遗传算法的一些应用于编程（含源代码）/聚类分析问题/遗传和模拟退火的聚类程序/FCMfun.m,6.数学建模模型算法大全,优化与规划,source-code,MATLAB,.m,0.85,normal,da388fc4191be7bdac76315ad1cc239afa1fa5346c69f3837b7538916c085143,
6.数学建模模型算法大全/遗传算法/遗传算法@遗传退火算法（算法简介+编程技巧+工具箱+应用大全）（含源代码）/遗传算法的一些应用于编程（含源代码）/聚类分析问题/遗传和模拟退火的聚类程序/FCMpure.m,6.数学建模模型算法大全,优化与规划,source-code,MATLAB,.m,0.91,normal,d171aff17d3fca61f2d811f0abe88e72b57240b2338f70d1bee0a33ceb2d8366,
6.数学建模模型算法大全/遗传算法/遗传算法@遗传退火算法（算法简介+编程技巧+工具箱+应用大全）（含源代码）/遗传算法的一些应用于编程（含源代码）/聚类分析问题/遗传和模拟退火的聚类程序/GAFCM.m,6.数学建模模型算法大全,优化与规划,source-code,MATLAB,.m,3.08,normal,060cf3f5b749ad558d6af0ee54f9403dae8c23f6dc522870d3b4a628da88731b,
6.数学建模模型算法大全/遗传算法/遗传算法@遗传退火算法（算法简介+编程技巧+工具箱+应用大全）（含源代码）/遗传算法的一些应用于编程（含源代码）/聚类分析问题/遗传和模拟退火的聚类程序/initFCM.m,6.数学建模模型算法大全,优化与规划,source-code,MATLAB,.m,0.34,normal,545f3dfb0fff3fb71a2a974afb8622ed1137ee33af6a735ce9a188e79c5d54e3,
6.数学建模模型算法大全/遗传算法/遗传算法@遗传退火算法（算法简介+编程技巧+工具箱+应用大全）（含源代码）/遗传算法的一些应用于编程（含源代码）/聚类分析问题/遗传和模拟退火的聚类程序/iterateFCM.m,6.数学建模模型算法大全,优化与规划,source-code,MATLAB,.m,0.55,normal,5d9cd68bfc54b7d03ee1976360a5745993c1c703025c12ff80229c696e84d8e1,
6.数学建模模型算法大全/遗传算法/遗传算法@遗传退火算法（算法简介+编程技巧+工具箱+应用大全）（含源代码）/遗传算法的一些应用于编程（含源代码）/聚类分析问题/遗传和模拟退火的聚类程序/MIGRATE.M,6.数学建模模型算法大全,优化与规划,source-code,MATLAB,.m,7.04,normal,8294ef22c9e4017f0b8f14ca16d39e04ff6a922b813b78f5bb7c3034d2efeeb3,
6.数学建模模型算法大全/遗传算法/遗传算法@遗传退火算法（算法简介+编程技巧+工具箱+应用大全）（含源代码）/遗传算法的一些应用于编程（含源代码）/聚类分析问题/遗传和模拟退火的聚类程序/MPGA.M,6.数学建模模型算法大全,优化与规划,source-code,MATLAB,.m,3.92,normal,3be3ef407462f6d47ada9326340791bb891df5a4e5cecd7e783b01e9b693b195,
6.数学建模模型算法大全/遗传算法/遗传算法@遗传退火算法（算法简介+编程技巧+工具箱+应用大全）（含源代码）/遗传算法的一些应用于编程（含源代码）/聚类分析问题/遗传和模拟退火的聚类程序/MUT.M,6.数学建模模型算法大全,优化与规划,source-code,MATLAB,.m,1.57,normal,f5deb82096f3db334fb30159caacc236ae351eeb99cac69a4b214ed2f88d4d80,
6.数学建模模型算法大全/遗传算法/遗传算法@遗传退火算法（算法简介+编程技巧+工具箱+应用大全）（含源代码）/遗传算法的一些应用于编程（含源代码）/聚类分析问题/遗传和模拟退火的聚类程序/MUTATE.M,6.数学建模模型算法大全,优化与规划,source-code,MATLAB,.m,3.36,normal,86b6af2d4a9120aee7f8995d4f609b62cd22e5aecd90ea3e7d60a69cf3c19c8b,
6.数学建模模型算法大全/遗传算法/遗传算法@遗传退火算法（算法简介+编程技巧+工具箱+应用大全）（含源代码）/遗传算法的一些应用于编程（含源代码）/聚类分析问题/遗传和模拟退火的聚类程序/MUTBGA.M,6.数学建模模型算法大全,优化与规划,source-code,MATLAB,.m,4.83,normal,b9fe17257bc5a3c5ee901553861c8a13ca51711984d5e24a9dc8d76b391ddf53,
6.数学建模模型算法大全/遗传算法/遗传算法@遗传退火算法（算法简介+编程技巧+工具箱+应用大全）（含源代码）/遗传算法的一些应用于编程（含源代码）/聚类分析问题/遗传和模拟退火的聚类程序/ObjFun.m,6.数学建模模型算法大全,优化与规划,source-code,MATLAB,.m,0.51,normal,d0e1542010e4a3edff199a36fb2503d7b8d17aedb4e117e2bb6f38424f350204,
6.数学建模模型算法大全/遗传算法/遗传算法@遗传退火算法（算法简介+编程技巧+工具箱+应用大全）（含源代码）/遗传算法的一些应用于编程（含源代码）/聚类分析问题/遗传和模拟退火的聚类程序/OBJFUN1.M,6.数学建模模型算法大全,优化与规划,source-code,MATLAB,.m,2.57,normal,95863e65c0113af3f1400e6d4fbb0c3d376e840e9330202a38bf19551bb6ea9e,
6.数学建模模型算法大全/遗传算法/遗传算法@遗传退火算法（算法简介+编程技巧+工具箱+应用大全）（含源代码）/遗传算法的一些应用于编程（含源代码）/聚类分析问题/遗传和模拟退火的聚类程序/OBJHARV.M,6.数学建模模型算法大全,优化与规划,source-code,MATLAB,.m,2.5,normal,a6208b888f3af5f91cd4717815f2702f3eba5edc0e9ef1fd36a98ae33d1ea36f,
6.数学建模模型算法大全/遗传算法/遗传算法@遗传退火算法（算法简介+编程技巧+工具箱+应用大全）（含源代码）/遗传算法的一些应用于编程（含源代码）/聚类分析问题/遗传和模拟退火的聚类程序/RANKING.M,6.数学建模模型算法大全,优化与规划,source-code,MATLAB,.m,4.6,normal,90523e59f9863d00812e95c0952b04e2064d7e08ca14dfa3830770cf580bb0bb,
6.数学建模模型算法大全/遗传算法/遗传算法@遗传退火算法（算法简介+编程技巧+工具箱+应用大全）（含源代码）/遗传算法的一些应用于编程（含源代码）/聚类分析问题/遗传和模拟退火的聚类程序/RECDIS.M,6.数学建模模型算法大全,优化与规划,source-code,MATLAB,.m,1.78,normal,3509a126379548e879abb7f9eec4abb67786958f23516a46bc0ea71a44354d0d,
6.数学建模模型算法大全/遗传算法/遗传算法@遗传退火算法（算法简介+编程技巧+工具箱+应用大全）（含源代码）/遗传算法的一些应用于编程（含源代码）/聚类分析问题/遗传和模拟退火的聚类程序/RECINT.M,6.数学建模模型算法大全,优化与规划,source-code,MATLAB,.m,1.85,normal,f28039ff4addb00e9527bb5c81eb6c73fdf542b9ebe15a9b929cca771cf5cd0b,
6.数学建模模型算法大全/遗传算法/遗传算法@遗传退火算法（算法简介+编程技巧+工具箱+应用大全）（含源代码）/遗传算法的一些应用于编程（含源代码）/聚类分析问题/遗传和模拟退火的聚类程序/RECLIN.M,6.数学建模模型算法大全,优化与规划,source-code,MATLAB,.m,1.91,normal,34f0a46f19e514e77b173b8841a91e686cef0a5f864c3dff6725cb4ab59ff861,
6.数学建模模型算法大全/遗传算法/遗传算法@遗传退火算法（算法简介+编程技巧+工具箱+应用大全）（含源代码）/遗传算法的一些应用于编程（含源代码）/聚类分析问题/遗传和模拟退火的聚类程序/RECMUT.M,6.数学建模模型算法大全,优化与规划,source-code,MATLAB,.m,4.74,normal,1dba80855d9d825d038f939d30b7cddb249dc460ae0b449d0cf6cb9f6a4bc738,
6.数学建模模型算法大全/遗传算法/遗传算法@遗传退火算法（算法简介+编程技巧+工具箱+应用大全）（含源代码）/遗传算法的一些应用于编程（含源代码）/聚类分析问题/遗传和模拟退火的聚类程序/RECOMBIN.M,6.数学建模模型算法大全,优化与规划,source-code,MATLAB,.m,2.38,normal,1beb08befa03089753f61e6daa8117587823cc59d2e0949e5f78fc4cfa2db767,
6.数学建模模型算法大全/遗传算法/遗传算法@遗传退火算法（算法简介+编程技巧+工具箱+应用大全）（含源代码）/遗传算法的一些应用于编程（含源代码）/聚类分析问题/遗传和模拟退火的聚类程序/REINS.M,6.数学建模模型算法大全,优化与规划,source-code,MATLAB,.m,5.44,normal,3f260e5b26029fd5b658901251e50c7c6c66ec858682f07c14ad986a44fda98d,
6.数学建模模型算法大全/遗传算法/遗传算法@遗传退火算法（算法简介+编程技巧+工具箱+应用大全）（含源代码）/遗传算法的一些应用于编程（含源代码）/聚类分析问题/遗传和模拟退火的聚类程序/REP.M,6.数学建模模型算法大全,优化与规划,source-code,MATLAB,.m,1.18,normal,78ec47d1d557452415eae600d8b8bfb01621fc1a319e1f8c8e62d45b887ef7c7,
6.数学建模模型算法大全/遗传算法/遗传算法@遗传退火算法（算法简介+编程技巧+工具箱+应用大全）（含源代码）/遗传算法的一些应用于编程（含源代码）/聚类分析问题/遗传和模拟退火的聚类程序/RESPLOT.M,6.数学建模模型算法大全,优化与规划,source-code,MATLAB,.m,2.03,normal,f1c65ba1bd79521d9bd0ce65a2a5381bed89e3e767071ca11c95dd781c637622,
6.数学建模模型算法大全/遗传算法/遗传算法@遗传退火算法（算法简介+编程技巧+工具箱+应用大全）（含源代码）/遗传算法的一些应用于编程（含源代码）/聚类分析问题/遗传和模拟退火的聚类程序/RWS.M,6.数学建模模型算法大全,优化与规划,source-code,MATLAB,.m,1.06,normal,1b6fe643ae24bb2a32e135ec0f2d88a2b0b62fa7261b19b427315020161ce7e2,
6.数学建模模型算法大全/遗传算法/遗传算法@遗传退火算法（算法简介+编程技巧+工具箱+应用大全）（含源代码）/遗传算法的一些应用于编程（含源代码）/聚类分析问题/遗传和模拟退火的聚类程序/SAGAFcmMain.m,6.数学建模模型算法大全,优化与规划,source-code,MATLAB,.m,2.79,normal,9f0e8b3efa3a49376e9789ac4e1fddc39a9a6306c0cbc1edb9da18c962ffe6be,
6.数学建模模型算法大全/遗传算法/遗传算法@遗传退火算法（算法简介+编程技巧+工具箱+应用大全）（含源代码）/遗传算法的一些应用于编程（含源代码）/聚类分析问题/遗传和模拟退火的聚类程序/SCALING.M,6.数学建模模型算法大全,优化与规划,source-code,MATLAB,.m,1.24,normal,9f95050c5b2cedddd9606d27edcf0515f83f9b2fec85a1090d30180e24b0a09b,
6.数学建模模型算法大全/遗传算法/遗传算法@遗传退火算法（算法简介+编程技巧+工具箱+应用大全）（含源代码）/遗传算法的一些应用于编程（含源代码）/聚类分析问题/遗传和模拟退火的聚类程序/SELECT.M,6.数学建模模型算法大全,优化与规划,source-code,MATLAB,.m,2.34,normal,93e9c1b839da6ecb637ea9004d21115ecb1084036ee1372172393ad8da6588be,
6.数学建模模型算法大全/遗传算法/遗传算法@遗传退火算法（算法简介+编程技巧+工具箱+应用大全）（含源代码）/遗传算法的一些应用于编程（含源代码）/聚类分析问题/遗传和模拟退火的聚类程序/SGA.M,6.数学建模模型算法大全,优化与规划,source-code,MATLAB,.m,2.09,normal,ed469760636b72242f946ec8e3a852688c48ba5f6059ae2835a4fff3bda61b56,
6.数学建模模型算法大全/遗传算法/遗传算法@遗传退火算法（算法简介+编程技巧+工具箱+应用大全）（含源代码）/遗传算法的一些应用于编程（含源代码）/聚类分析问题/遗传和模拟退火的聚类程序/SUS.M,6.数学建模模型算法大全,优化与规划,source-code,MATLAB,.m,1.29,normal,2b10ad5906524d4e218787b0fb5d1f3c52c24cc66dc847d05fd714d0f0b01d9a,
6.数学建模模型算法大全/遗传算法/遗传算法@遗传退火算法（算法简介+编程技巧+工具箱+应用大全）（含源代码）/遗传算法的一些应用于编程（含源代码）/聚类分析问题/遗传和模拟退火的聚类程序/XOVDP.M,6.数学建模模型算法大全,优化与规划,source-code,MATLAB,.m,1.02,normal,36e7e1f37a0707c6785ec214489d551b56d157f8c2c1227e27f93a880df6c70b,
6.数学建模模型算法大全/遗传算法/遗传算法@遗传退火算法（算法简介+编程技巧+工具箱+应用大全）（含源代码）/遗传算法的一些应用于编程（含源代码）/聚类分析问题/遗传和模拟退火的聚类程序/XOVDPRS.M,6.数学建模模型算法大全,优化与规划,source-code,MATLAB,.m,1.06,normal,9e38f004605377c6c745681434ae98682be231ea910b71894507753f334c8e54,
6.数学建模模型算法大全/遗传算法/遗传算法@遗传退火算法（算法简介+编程技巧+工具箱+应用大全）（含源代码）/遗传算法的一些应用于编程（含源代码）/聚类分析问题/遗传和模拟退火的聚类程序/XOVMP.M,6.数学建模模型算法大全,优化与规划,source-code,MATLAB,.m,2.73,normal,492c5255f6c08d5cd3a89d284b09cbbe072271fcb15b44833df2758df7dc7425,
6.数学建模模型算法大全/遗传算法/遗传算法@遗传退火算法（算法简介+编程技巧+工具箱+应用大全）（含源代码）/遗传算法的一些应用于编程（含源代码）/聚类分析问题/遗传和模拟退火的聚类程序/XOVSH.M,6.数学建模模型算法大全,优化与规划,source-code,MATLAB,.m,1.01,normal,fba081244535a69f8765c25d7dc572af5fdc23be033333c847981673ec02a2a4,
6.数学建模模型算法大全/遗传算法/遗传算法@遗传退火算法（算法简介+编程技巧+工具箱+应用大全）（含源代码）/遗传算法的一些应用于编程（含源代码）/聚类分析问题/遗传和模拟退火的聚类程序/XOVSHRS.M,6.数学建模模型算法大全,优化与规划,source-code,MATLAB,.m,1.05,normal,05e39153994c1cd4415d9c9412e1f5a2d7298171fdf2501fbd053f3bd3749894,
6.数学建模模型算法大全/遗传算法/遗传算法@遗传退火算法（算法简介+编程技巧+工具箱+应用大全）（含源代码）/遗传算法的一些应用于编程（含源代码）/聚类分析问题/遗传和模拟退火的聚类程序/XOVSP.M,6.数学建模模型算法大全,优化与规划,source-code,MATLAB,.m,1.02,normal,83492d75f6a1da8f4624cff6a540a7844f89ccdd99d046251a2cf80cae2e2245,
6.数学建模模型算法大全/遗传算法/遗传算法@遗传退火算法（算法简介+编程技巧+工具箱+应用大全）（含源代码）/遗传算法的一些应用于编程（含源代码）/聚类分析问题/遗传和模拟退火的聚类程序/XOVSPRS.M,6.数学建模模型算法大全,优化与规划,source-code,MATLAB,.m,1.06,normal,1fd4438f59f1e79d28ca7949a48dd466fc29300d0a969728af9657bea8809c26,
6.数学建模模型算法大全/遗传算法/遗传算法@遗传退火算法（算法简介+编程技巧+工具箱+应用大全）（含源代码）/遗传算法的一些应用于编程（含源代码）/车辆调度问题/1.cpp,6.数学建模模型算法大全,优化与规划,source-code,C++,.cpp,4.25,normal,4d9e63593e929cc68928a369d5755192a3f52c9091e57f99dda56979095f01a1,
6.数学建模模型算法大全/遗传算法/遗传算法@遗传退火算法（算法简介+编程技巧+工具箱+应用大全）（含源代码）/遗传算法的一些应用于编程（含源代码）/车辆调度问题/vrp/exchange.m,6.数学建模模型算法大全,优化与规划,source-code,MATLAB,.m,0.05,normal,97ac6e9fbced40845ac89959893d0bff3248507b1869daeada92ec37449db241,
6.数学建模模型算法大全/遗传算法/遗传算法@遗传退火算法（算法简介+编程技巧+工具箱+应用大全）（含源代码）/遗传算法的一些应用于编程（含源代码）/车辆调度问题/vrp/geneticVRP.m,6.数学建模模型算法大全,优化与规划,source-code,MATLAB,.m,4.03,normal,92d4b8cfff280e7299a282cef4f9870ed8c20ad0a5932a463abaaae1bc05b7bf,
6.数学建模模型算法大全/遗传算法/遗传算法@遗传退火算法（算法简介+编程技巧+工具箱+应用大全）（含源代码）/遗传算法的一些应用于编程（含源代码）/车辆调度问题/vrp/immuni.m,6.数学建模模型算法大全,优化与规划,source-code,MATLAB,.m,0.16,normal,f6604f865c0cd2e20b94d460b58ab5f1b590349daa85a5427379021d6e8790eb,
6.数学建模模型算法大全/遗传算法/遗传算法@遗传退火算法（算法简介+编程技巧+工具箱+应用大全）（含源代码）/遗传算法的一些应用于编程（含源代码）/车辆调度问题/vrp/intercross.m,6.数学建模模型算法大全,优化与规划,source-code,MATLAB,.m,1.87,normal,6b37d5d716eeea19b849b04c6b5f6d7bce850e4048df02a2f0820789dfa9c01e,
6.数学建模模型算法大全/遗传算法/遗传算法@遗传退火算法（算法简介+编程技巧+工具箱+应用大全）（含源代码）/遗传算法的一些应用于编程（含源代码）/车辆调度问题/vrp/mutate.m,6.数学建模模型算法大全,优化与规划,source-code,MATLAB,.m,0.11,normal,68d14d7d6bacc962b155d68cb12d3b4cec0bc9596537c926bdfc1ebf73aee0cb,
6.数学建模模型算法大全/遗传算法/遗传算法@遗传退火算法（算法简介+编程技巧+工具箱+应用大全）（含源代码）/遗传算法的一些应用于编程（含源代码）/车辆调度问题/vrp/myLength.m,6.数学建模模型算法大全,优化与规划,source-code,MATLAB,.m,0.99,normal,40efd5ca6b9672ddb25337a88c2649f0b1ced2013a8cdc0811545488e6a3ebfc,
6.数学建模模型算法大全/遗传算法/遗传算法@遗传退火算法（算法简介+编程技巧+工具箱+应用大全）（含源代码）/遗传算法的一些应用于编程（含源代码）/车辆调度问题/vrp/VRP.m,6.数学建模模型算法大全,优化与规划,source-code,MATLAB,.m,0.72,normal,bdb1333ac5c65c709cf65604f50e115e152c36584733001599b7f903213989db,
6.数学建模模型算法大全/遗传算法/遗传算法@遗传退火算法（算法简介+编程技巧+工具箱+应用大全）（含源代码）/遗传算法的一些应用于编程（含源代码）/遗传算法程序 matlab.txt,6.数学建模模型算法大全,优化与规划,source-code,MATLAB,.txt,8.44,normal,5126c26a028c20578f8f37d66349184c4fed80e36ed7770aad75aa6d02d434ea,DUP-0135
6.数学建模模型算法大全/遗传算法/遗传算法@遗传退火算法（算法简介+编程技巧+工具箱+应用大全）（含源代码）/遗传算法的一些应用于编程（含源代码）/遗传算法解决 TSP 问题.txt,6.数学建模模型算法大全,优化与规划,source-code,MATLAB,.txt,8.88,normal,365635e679a735c858baf795b05df00f1262d18cc3e82cf1cf18ba7998abe05c,DUP-0136
6.数学建模模型算法大全/遗传算法/遗传算法@遗传退火算法（算法简介+编程技巧+工具箱+应用大全）（含源代码）/遗传退火算法/代码区/Anneal.m,6.数学建模模型算法大全,优化与规划,source-code,MATLAB,.m,0.87,normal,a68b0f4e7a157bbf0c8065df9cefa07bfa3e3703d32607f81f39c48fe5edf1e1,DUP-0137
6.数学建模模型算法大全/遗传算法/遗传算法@遗传退火算法（算法简介+编程技巧+工具箱+应用大全）（含源代码）/遗传退火算法/代码区/Anneal5.m,6.数学建模模型算法大全,优化与规划,source-code,MATLAB,.m,0.84,normal,32d699e6edca2b93a3d028447b6b895efc9b2e020c8bc7a94dea7e6681e6fc4d,DUP-0138
6.数学建模模型算法大全/遗传算法/遗传算法@遗传退火算法（算法简介+编程技巧+工具箱+应用大全）（含源代码）/遗传退火算法/代码区/Anneal7.m,6.数学建模模型算法大全,优化与规划,source-code,MATLAB,.m,1.39,normal,26fac9884ecdd4dbb143f51bfafd3bf0ca778257fe5ce13c14650734dabf2243,DUP-0139
6.数学建模模型算法大全/遗传算法/遗传算法@遗传退火算法（算法简介+编程技巧+工具箱+应用大全）（含源代码）/遗传退火算法/代码区/checkbound.m,6.数学建模模型算法大全,优化与规划,source-code,MATLAB,.m,1.98,normal,59272747a735d6bd5861f7b480029c829a1bd4352df55aa128943025aec47dd6,DUP-0140
6.数学建模模型算法大全/遗传算法/遗传算法@遗传退火算法（算法简介+编程技巧+工具箱+应用大全）（含源代码）/遗传退火算法/代码区/constrValidate.m,6.数学建模模型算法大全,优化与规划,source-code,MATLAB,.m,2.03,normal,a064a2109d1ab1acdf46421b02bd3dd823614086902e7ceaab5739a045e0bada,DUP-0141
6.数学建模模型算法大全/遗传算法/遗传算法@遗传退火算法（算法简介+编程技巧+工具箱+应用大全）（含源代码）/遗传退火算法/代码区/fcnvectorizer.m,6.数学建模模型算法大全,优化与规划,source-code,MATLAB,.m,0.66,normal,4516b7a3e339cd609abe853a71e7e86bdfe628bfd6106b2a747c7f16654bb1de,DUP-0142
6.数学建模模型算法大全/遗传算法/遗传算法@遗传退火算法（算法简介+编程技巧+工具箱+应用大全）（含源代码）/遗传退火算法/代码区/ga_nn.m,6.数学建模模型算法大全,优化与规划,source-code,MATLAB,.m,10.58,normal,a7db10132e35c4ca2e6d7054a7ecb74080d1a3cccbd06e461c2eb99076ea4bfa,DUP-0143
6.数学建模模型算法大全/遗传算法/遗传算法@遗传退火算法（算法简介+编程技巧+工具箱+应用大全）（含源代码）/遗传退火算法/代码区/ga_nn4.m,6.数学建模模型算法大全,优化与规划,source-code,MATLAB,.m,10.58,normal,f4b1b5ddba5371de39498cab81891f3123ab53627b2da471987bf87b1a5ea8e5,DUP-0144
6.数学建模模型算法大全/遗传算法/遗传算法@遗传退火算法（算法简介+编程技巧+工具箱+应用大全）（含源代码）/遗传退火算法/代码区/gacreation_nn.m,6.数学建模模型算法大全,优化与规划,source-code,MATLAB,.m,3.21,normal,89c6de004ec2a7680eb01c83db348cd143ecb0808b97545cb8b5b13de964b750,DUP-0145
6.数学建模模型算法大全/遗传算法/遗传算法@遗传退火算法（算法简介+编程技巧+工具箱+应用大全）（含源代码）/遗传退火算法/代码区/gaoutput.m,6.数学建模模型算法大全,优化与规划,source-code,MATLAB,.m,1.03,normal,f4624239a945630ffc2f63b17caf0d1fe6ecfc55897ccafe7a5290d988c89c69,DUP-0146
6.数学建模模型算法大全/遗传算法/遗传算法@遗传退火算法（算法简介+编程技巧+工具箱+应用大全）（含源代码）/遗传退火算法/代码区/gaplot.m,6.数学建模模型算法大全,优化与规划,source-code,MATLAB,.m,10.69,normal,f38bc6cc76f1682a43a7c4a1a9683c0397a969a051d70754019d6c378497967e,DUP-0147
6.数学建模模型算法大全/遗传算法/遗传算法@遗传退火算法（算法简介+编程技巧+工具箱+应用大全）（含源代码）/遗传退火算法/代码区/isfeasible.m,6.数学建模模型算法大全,优化与规划,source-code,MATLAB,.m,1.11,normal,9c6bcbc987a42c1e6bd73526d22d558b034e4148374d18a073cfdfbea6ae61f3,DUP-0148
6.数学建模模型算法大全/遗传算法/遗传算法@遗传退火算法（算法简介+编程技巧+工具箱+应用大全）（含源代码）/遗传退火算法/代码区/isItTimeToStop.m,6.数学建模模型算法大全,优化与规划,source-code,MATLAB,.m,4.03,normal,848d2bdbd011ce65e4570541e65fedf43645238b91172946987fee6c173079bf,DUP-0149
6.数学建模模型算法大全/遗传算法/遗传算法@遗传退火算法（算法简介+编程技巧+工具箱+应用大全）（含源代码）/遗传退火算法/代码区/makeState.m,6.数学建模模型算法大全,优化与规划,source-code,MATLAB,.m,2.11,normal,7e2adf5ee7ec69b5a231e56a9bedf14d06b213dd6b9f08d3185698bd417ad2aa,DUP-0150
6.数学建模模型算法大全/遗传算法/遗传算法@遗传退火算法（算法简介+编程技巧+工具箱+应用大全）（含源代码）/遗传退火算法/代码区/migrate.m,6.数学建模模型算法大全,优化与规划,source-code,MATLAB,.m,3.59,normal,94aeafe27466abf92f768d96c571def997bd55d8ab3783b21ae9060be9488051,DUP-0151
6.数学建模模型算法大全/遗传算法/遗传算法@遗传退火算法（算法简介+编程技巧+工具箱+应用大全）（含源代码）/遗传退火算法/代码区/PopAnneal1.m,6.数学建模模型算法大全,优化与规划,source-code,MATLAB,.m,1.3,normal,cc4cfe8b9054aa51690bc0416f2fe187c6abb254f42d596bc1af7e05f2ea3abb,DUP-0152
6.数学建模模型算法大全/遗传算法/遗传算法@遗传退火算法（算法简介+编程技巧+工具箱+应用大全）（含源代码）/遗传退火算法/代码区/PopAnneal2.m,6.数学建模模型算法大全,优化与规划,source-code,MATLAB,.m,1.62,normal,2c6d1ce8ab716e50486d1ed17150a3991701306932c74e2dde5b9ce0b58ceb4e,DUP-0153
6.数学建模模型算法大全/遗传算法/遗传算法@遗传退火算法（算法简介+编程技巧+工具箱+应用大全）（含源代码）/遗传退火算法/代码区/PopAnneal3.m,6.数学建模模型算法大全,优化与规划,source-code,MATLAB,.m,2.12,normal,eee815f63308d9b9529d35780abfbe51a3994f046f0b17fbe8b57aa329fa1ede,DUP-0154
6.数学建模模型算法大全/遗传算法/遗传算法@遗传退火算法（算法简介+编程技巧+工具箱+应用大全）（含源代码）/遗传退火算法/代码区/PopAnneal4.m,6.数学建模模型算法大全,优化与规划,source-code,MATLAB,.m,1.47,normal,774ea62a102f2035e81bd2760f1ef7c9546cd0cbba6b9782e3b4fa0de4fac5e1,DUP-0155
6.数学建模模型算法大全/遗传算法/遗传算法@遗传退火算法（算法简介+编程技巧+工具箱+应用大全）（含源代码）/遗传退火算法/代码区/PopAnneal5.m,6.数学建模模型算法大全,优化与规划,source-code,MATLAB,.m,1.69,normal,18db5feb4b1b74064c5eaabeb581dfe60aea5296a6181c399a3219032dfdbdbc,DUP-0156
6.数学建模模型算法大全/遗传算法/遗传算法@遗传退火算法（算法简介+编程技巧+工具箱+应用大全）（含源代码）/遗传退火算法/代码区/PopAnneal6.m,6.数学建模模型算法大全,优化与规划,source-code,MATLAB,.m,2.21,normal,3e25817c272264e52a30c99d741fafc660a791f8dfb7bdcfc3a82fbae34bc821,DUP-0157
6.数学建模模型算法大全/遗传算法/遗传算法@遗传退火算法（算法简介+编程技巧+工具箱+应用大全）（含源代码）/遗传退火算法/代码区/stepGASA.m,6.数学建模模型算法大全,优化与规划,source-code,MATLAB,.m,2.47,normal,2644577c6902eb32d348adc73a91db2ff7d50d33a7987f930b7dc214a47be328,DUP-0159
6.数学建模模型算法大全/遗传算法/遗传算法@遗传退火算法（算法简介+编程技巧+工具箱+应用大全）（含源代码）/遗传退火算法/代码区/stepGASA4.m,6.数学建模模型算法大全,优化与规划,source-code,MATLAB,.m,2.4,normal,5aa45fd1d67353db6d032e030193cb1632c0ad38fe3a06158438d100e911a4bb,DUP-0160
6.数学建模模型算法大全/遗传算法/遗传算法@遗传退火算法（算法简介+编程技巧+工具箱+应用大全）（含源代码）/遗传退火算法/代码区/validate.m,6.数学建模模型算法大全,优化与规划,source-code,MATLAB,.m,12.31,normal,47e400ecf1d79ac67812cf9fedf6e2edfbb28cbb3f2564b66f1023f4b8a9f7bd,DUP-0161
6.数学建模模型算法大全/遗传算法/遗传算法@遗传退火算法（算法简介+编程技巧+工具箱+应用大全）（含源代码）/遗传退火算法/遗传退火算法工具箱（二）/anneal.m,6.数学建模模型算法大全,优化与规划,source-code,MATLAB,.m,16.57,normal,474c265ee1af87894322fc89f00c0168e4b96552c388755bdf3794e57881cfcc,DUP-0017
6.数学建模模型算法大全/遗传算法/遗传算法@遗传退火算法（算法简介+编程技巧+工具箱+应用大全）（含源代码）/遗传退火算法/遗传退火算法工具箱（二）/berkeley.m,6.数学建模模型算法大全,优化与规划,source-code,MATLAB,.m,1.05,normal,b38a57b4a3a4b2427406987049be0131b9d7923d0b9bbf865572f2f78f27d8bf,DUP-0018
6.数学建模模型算法大全/遗传算法/遗传算法@遗传退火算法（算法简介+编程技巧+工具箱+应用大全）（含源代码）/遗传退火算法/遗传退火算法工具箱（二）/dispEh.m,6.数学建模模型算法大全,优化与规划,source-code,MATLAB,.m,1.0,normal,379b7e4ab972043c688c6a06f0dfddeede02918b4db3012962bfddd8375b3c75,DUP-0019
6.数学建模模型算法大全/遗传算法/遗传算法@遗传退火算法（算法简介+编程技巧+工具箱+应用大全）（含源代码）/遗传退火算法/遗传退火算法工具箱（二）/dispEt.m,6.数学建模模型算法大全,优化与规划,source-code,MATLAB,.m,0.92,normal,17cc3ea07673c8a066ad296cede271d78ab3bb58d33e8c1285ea2f8709026376,DUP-0020
6.数学建模模型算法大全/遗传算法/遗传算法@遗传退火算法（算法简介+编程技巧+工具箱+应用大全）（含源代码）/遗传退火算法/遗传退火算法工具箱（二）/dispMat.m,6.数学建模模型算法大全,优化与规划,source-code,MATLAB,.m,0.61,normal,a039db731b4ff573ed0eb678a8f42a9f31f1e520df3e4ed819b685d566601d00,DUP-0021
6.数学建模模型算法大全/遗传算法/遗传算法@遗传退火算法（算法简介+编程技巧+工具箱+应用大全）（含源代码）/遗传退火算法/遗传退火算法工具箱（二）/ensembleInit.m,6.数学建模模型算法大全,优化与规划,source-code,MATLAB,.m,1.43,normal,fdbaf14c1f7ced86332972b6c753062009b0022224bcf0cabe9600d938effc94,DUP-0022
6.数学建模模型算法大全/遗传算法/遗传算法@遗传退火算法（算法简介+编程技巧+工具箱+应用大全）（含源代码）/遗传退火算法/遗传退火算法工具箱（二）/examples/chemcluster/cluster_cost.m,6.数学建模模型算法大全,优化与规划,source-code,MATLAB,.m,0.7,normal,56d83d5077a151cdda0b2586e75f4f802e3f987eb5308f7edf42df654988a5e8,DUP-0023
6.数学建模模型算法大全/遗传算法/遗传算法@遗传退火算法（算法简介+编程技巧+工具箱+应用大全）（含源代码）/遗传退火算法/遗传退火算法工具箱（二）/examples/chemcluster/cluster_init.m,6.数学建模模型算法大全,优化与规划,source-code,MATLAB,.m,1.0,normal,34f6d0da4d1812aac04a73f8d3fe800379818376067c2803a72be8e3a18c18c1,DUP-0024
6.数学建模模型算法大全/遗传算法/遗传算法@遗传退火算法（算法简介+编程技巧+工具箱+应用大全）（含源代码）/遗传退火算法/遗传退火算法工具箱（二）/examples/chemcluster/cluster_new.m,6.数学建模模型算法大全,优化与规划,source-code,MATLAB,.m,0.84,normal,7c342fbdd39cf61aa2cb5c593e146b298cf3f0f7831e4c6ceb056bc8b83a6c9c,DUP-0025
6.数学建模模型算法大全/遗传算法/遗传算法@遗传退火算法（算法简介+编程技巧+工具箱+应用大全）（含源代码）/遗传退火算法/遗传退火算法工具箱（二）/examples/chemcluster/cluster_perturb.m,6.数学建模模型算法大全,优化与规划,source-code,MATLAB,.m,0.94,normal,17c754e583452090f1abcf3a7e7c1d69eb72876ed3bafebd5713beaa46ef89fb,DUP-0026
6.数学建模模型算法大全/遗传算法/遗传算法@遗传退火算法（算法简介+编程技巧+工具箱+应用大全）（含源代码）/遗传退火算法/遗传退火算法工具箱（二）/examples/chemcluster/clusterdistances.m,6.数学建模模型算法大全,优化与规划,source-code,MATLAB,.m,0.46,normal,48655141626b84aa66c03f41bc79e725ac22a5f56917fe3f06e736166d5a4dd1,DUP-0027
6.数学建模模型算法大全/遗传算法/遗传算法@遗传退火算法（算法简介+编程技巧+工具箱+应用大全）（含源代码）/遗传退火算法/遗传退火算法工具箱（二）/examples/chemcluster/clusterplot.m,6.数学建模模型算法大全,优化与规划,source-code,MATLAB,.m,0.36,normal,eaf6c539e1c1cd96c172f010eb4020771b1fc2f9719323e62dfe4b8eb076e8ad,DUP-0028
6.数学建模模型算法大全/遗传算法/遗传算法@遗传退火算法（算法简介+编程技巧+工具箱+应用大全）（含源代码）/遗传退火算法/遗传退火算法工具箱（二）/examples/chemcluster/test_all.m,6.数学建模模型算法大全,优化与规划,source-code,MATLAB,.m,3.65,normal,b43891d60e986c7bfad0f4d0af03273d57c27119ec5cccbdf4191e746890aa2c,DUP-0029
6.数学建模模型算法大全/遗传算法/遗传算法@遗传退火算法（算法简介+编程技巧+工具箱+应用大全）（含源代码）/遗传退火算法/遗传退火算法工具箱（二）/examples/chemcluster/try_me.m,6.数学建模模型算法大全,优化与规划,source-code,MATLAB,.m,1.64,normal,939c9fc1a2c5a9b40e91bdf9e9f96b8a060beca5f0d43525406f50b2e7ad881e,DUP-0030
6.数学建模模型算法大全/遗传算法/遗传算法@遗传退火算法（算法简介+编程技巧+工具箱+应用大全）（含源代码）/遗传退火算法/遗传退火算法工具箱（二）/examples/graphbipart/bipart_cost.m,6.数学建模模型算法大全,优化与规划,source-code,MATLAB,.m,0.71,normal,f79da2aa487a0ea5a992015128221d8fc28849b662b426680b2eedd01c7b6bdf,DUP-0031
6.数学建模模型算法大全/遗传算法/遗传算法@遗传退火算法（算法简介+编程技巧+工具箱+应用大全）（含源代码）/遗传退火算法/遗传退火算法工具箱（二）/examples/graphbipart/bipart_init.m,6.数学建模模型算法大全,优化与规划,source-code,MATLAB,.m,1.71,normal,4f0fc127f51d2b55fc0f967ad91d50e612ec0f1b284b1d09b6c9c550a0ea761a,DUP-0032
6.数学建模模型算法大全/遗传算法/遗传算法@遗传退火算法（算法简介+编程技巧+工具箱+应用大全）（含源代码）/遗传退火算法/遗传退火算法工具箱（二）/examples/graphbipart/bipart_new.m,6.数学建模模型算法大全,优化与规划,source-code,MATLAB,.m,0.44,normal,33cd492688279a7d5694a82817bc495ae057b8140604fca086b8c0de7194d6d5,DUP-0033
6.数学建模模型算法大全/遗传算法/遗传算法@遗传退火算法（算法简介+编程技巧+工具箱+应用大全）（含源代码）/遗传退火算法/遗传退火算法工具箱（二）/examples/graphbipart/bipart_perturb.m,6.数学建模模型算法大全,优化与规划,source-code,MATLAB,.m,0.56,normal,712461c50fa65168888df0d30409ac6311950ad21e3a2200cb89e8ea882796b2,DUP-0034
6.数学建模模型算法大全/遗传算法/遗传算法@遗传退火算法（算法简介+编程技巧+工具箱+应用大全）（含源代码）/遗传退火算法/遗传退火算法工具箱（二）/examples/graphbipart/try_me.m,6.数学建模模型算法大全,优化与规划,source-code,MATLAB,.m,1.53,normal,f51ad964135f69284c760f2d5606ef084f3e1c2ec5cbaeca77fb0168d26886da,DUP-0035
6.数学建模模型算法大全/遗传算法/遗传算法@遗传退火算法（算法简介+编程技巧+工具箱+应用大全）（含源代码）/遗传退火算法/遗传退火算法工具箱（二）/examples/proteinfold/sequence_cost.m,6.数学建模模型算法大全,优化与规划,source-code,MATLAB,.m,1.89,normal,6460e0eb403ec86b6052f250a7722ae9b87d652bae5c1dea2db19dc7ccf319fe,DUP-0036
6.数学建模模型算法大全/遗传算法/遗传算法@遗传退火算法（算法简介+编程技巧+工具箱+应用大全）（含源代码）/遗传退火算法/遗传退火算法工具箱（二）/examples/proteinfold/sequence_init.m,6.数学建模模型算法大全,优化与规划,source-code,MATLAB,.m,1.6,normal,a213e70d295f8b3877c0b39fa45ecce7745b45f00814f3fcb7475b7082b83efd,DUP-0037
6.数学建模模型算法大全/遗传算法/遗传算法@遗传退火算法（算法简介+编程技巧+工具箱+应用大全）（含源代码）/遗传退火算法/遗传退火算法工具箱（二）/examples/proteinfold/sequence_new.m,6.数学建模模型算法大全,优化与规划,source-code,MATLAB,.m,1.11,normal,33eb4563fc3b99048c98992bf76bc58bbd5718eed194565d6c0bae13a0f4a8b3,DUP-0038
6.数学建模模型算法大全/遗传算法/遗传算法@遗传退火算法（算法简介+编程技巧+工具箱+应用大全）（含源代码）/遗传退火算法/遗传退火算法工具箱（二）/examples/proteinfold/sequence_perturb.m,6.数学建模模型算法大全,优化与规划,source-code,MATLAB,.m,2.25,normal,85d8deb311028c19813399b97e8b8fed82f101b898c40d6de9a09af9b9b6add3,DUP-0039
6.数学建模模型算法大全/遗传算法/遗传算法@遗传退火算法（算法简介+编程技巧+工具箱+应用大全）（含源代码）/遗传退火算法/遗传退火算法工具箱（二）/examples/proteinfold/try_me.m,6.数学建模模型算法大全,优化与规划,source-code,MATLAB,.m,1.66,normal,b9b6148b9dd7e41fc75685ad5e67c97063af29a17596934f351cccca2ff603c8,DUP-0040
6.数学建模模型算法大全/遗传算法/遗传算法@遗传退火算法（算法简介+编程技巧+工具箱+应用大全）（含源代码）/遗传退火算法/遗传退火算法工具箱（二）/examples/seismicdecon/decon_cost.m,6.数学建模模型算法大全,优化与规划,source-code,MATLAB,.m,0.85,normal,80656b8bce9c38f2f0bb39b8a303a34dadbf4a521d224260447798022615e61e,DUP-0042
6.数学建模模型算法大全/遗传算法/遗传算法@遗传退火算法（算法简介+编程技巧+工具箱+应用大全）（含源代码）/遗传退火算法/遗传退火算法工具箱（二）/examples/seismicdecon/decon_init(1).m,6.数学建模模型算法大全,优化与规划,source-code,MATLAB,.m,2.05,normal,ff28680370275023b2c035c5a4b958283e837bd7b0e9d3d7a19d3f7f4bb55b61,DUP-0043
6.数学建模模型算法大全/遗传算法/遗传算法@遗传退火算法（算法简介+编程技巧+工具箱+应用大全）（含源代码）/遗传退火算法/遗传退火算法工具箱（二）/examples/seismicdecon/decon_new.m,6.数学建模模型算法大全,优化与规划,source-code,MATLAB,.m,0.8,normal,e8eda59754eff350db45bb3b2c2ec6c778610c038626a7876c4d781766e2b60b,DUP-0044
6.数学建模模型算法大全/遗传算法/遗传算法@遗传退火算法（算法简介+编程技巧+工具箱+应用大全）（含源代码）/遗传退火算法/遗传退火算法工具箱（二）/examples/seismicdecon/decon_perturb.m,6.数学建模模型算法大全,优化与规划,source-code,MATLAB,.m,1.14,normal,1b50774c0292dc8315b036c97757093069d683ff558692e24171b784f9ccf0bf,DUP-0045
6.数学建模模型算法大全/遗传算法/遗传算法@遗传退火算法（算法简介+编程技巧+工具箱+应用大全）（含源代码）/遗传退火算法/遗传退火算法工具箱（二）/examples/seismicdecon/eventparts.m,6.数学建模模型算法大全,优化与规划,source-code,MATLAB,.m,0.5,normal,c206fdb95e2fd952dd974697310e3b33f95f65e91e4757c8f0a9d99b9934d0d4,DUP-0046
6.数学建模模型算法大全/遗传算法/遗传算法@遗传退火算法（算法简介+编程技巧+工具箱+应用大全）（含源代码）/遗传退火算法/遗传退火算法工具箱（二）/examples/seismicdecon/eventplot.m,6.数学建模模型算法大全,优化与规划,source-code,MATLAB,.m,0.57,normal,6ca58614fe6fa406169a76c315773de2663da2c8b52fd2ff33441cb36ba4a008,DUP-0047
6.数学建模模型算法大全/遗传算法/遗传算法@遗传退火算法（算法简介+编程技巧+工具箱+应用大全）（含源代码）/遗传退火算法/遗传退火算法工具箱（二）/examples/seismicdecon/modelparts.m,6.数学建模模型算法大全,优化与规划,source-code,MATLAB,.m,0.45,normal,e9366218cab96e4a591dc07e85fc4073367776382075d1ce1bbed3568287f189,DUP-0048
6.数学建模模型算法大全/遗传算法/遗传算法@遗传退火算法（算法简介+编程技巧+工具箱+应用大全）（含源代码）/遗传退火算法/遗传退火算法工具箱（二）/examples/seismicdecon/modelplot.m,6.数学建模模型算法大全,优化与规划,source-code,MATLAB,.m,0.73,normal,88bee6e636df10f2945b5a17ce0ad972a7a447c156dece8ee010bbe98cbfc191,DUP-0049
6.数学建模模型算法大全/遗传算法/遗传算法@遗传退火算法（算法简介+编程技巧+工具箱+应用大全）（含源代码）/遗传退火算法/遗传退火算法工具箱（二）/examples/seismicdecon/modelsignal.m,6.数学建模模型算法大全,优化与规划,source-code,MATLAB,.m,0.63,normal,96e908e214f1aafaa9217c108d02475ac166eff400d3acff80ab69d8447f1af2,DUP-0050
6.数学建模模型算法大全/遗传算法/遗传算法@遗传退火算法（算法简介+编程技巧+工具箱+应用大全）（含源代码）/遗传退火算法/遗传退火算法工具箱（二）/examples/seismicdecon/try_me.m,6.数学建模模型算法大全,优化与规划,source-code,MATLAB,.m,1.53,normal,1823d4573a603609f5dc5517a578dfd2cc4d4333d644607d3f25d916238a40e3,DUP-0052
6.数学建模模型算法大全/遗传算法/遗传算法@遗传退火算法（算法简介+编程技巧+工具箱+应用大全）（含源代码）/遗传退火算法/遗传退火算法工具箱（二）/examples/spinglass/Jcoord.m,6.数学建模模型算法大全,优化与规划,source-code,MATLAB,.m,0.74,normal,b85c8f86312f39493e8cce93228c07bfea9c9a19bdcb5499b9f2b75453832183,DUP-0053
6.数学建模模型算法大全/遗传算法/遗传算法@遗传退火算法（算法简介+编程技巧+工具箱+应用大全）（含源代码）/遗传退火算法/遗传退火算法工具箱（二）/examples/spinglass/spin_cost.m,6.数学建模模型算法大全,优化与规划,source-code,MATLAB,.m,0.57,normal,4cb9a9798cd8f45b7e2b1aa92033fae2f7b9d623cbec975f86578f9b166c4de3,DUP-0054
6.数学建模模型算法大全/遗传算法/遗传算法@遗传退火算法（算法简介+编程技巧+工具箱+应用大全）（含源代码）/遗传退火算法/遗传退火算法工具箱（二）/examples/spinglass/spin_init.m,6.数学建模模型算法大全,优化与规划,source-code,MATLAB,.m,2.53,normal,224e3f1f7a554f20071d156e6e983c69b729b64cac7a74bcb093b7c2ba80ca06,DUP-0055
6.数学建模模型算法大全/遗传算法/遗传算法@遗传退火算法（算法简介+编程技巧+工具箱+应用大全）（含源代码）/遗传退火算法/遗传退火算法工具箱（二）/examples/spinglass/spin_new.m,6.数学建模模型算法大全,优化与规划,source-code,MATLAB,.m,0.48,normal,0b6847e96cec90a2826b31923484d01197063576cdf07623e2ae69810ced89de,DUP-0056
6.数学建模模型算法大全/遗传算法/遗传算法@遗传退火算法（算法简介+编程技巧+工具箱+应用大全）（含源代码）/遗传退火算法/遗传退火算法工具箱（二）/examples/spinglass/spin_perturb.m,6.数学建模模型算法大全,优化与规划,source-code,MATLAB,.m,0.59,normal,ec8d2b62ff8165eb01e7872fb6f0181942bbc60a707eef1e720a4a2805f24d5a,DUP-0057
6.数学建模模型算法大全/遗传算法/遗传算法@遗传退火算法（算法简介+编程技巧+工具箱+应用大全）（含源代码）/遗传退火算法/遗传退火算法工具箱（二）/examples/spinglass/try_me.m,6.数学建模模型算法大全,优化与规划,source-code,MATLAB,.m,1.62,normal,f1d54d5aab390c0d35b78feb7ada6df447775b31f638e4e58c01b9492c58259d,DUP-0058
6.数学建模模型算法大全/遗传算法/遗传算法@遗传退火算法（算法简介+编程技巧+工具箱+应用大全）（含源代码）/遗传退火算法/遗传退火算法工具箱（二）/examples/tsp/route_cost.m,6.数学建模模型算法大全,优化与规划,source-code,MATLAB,.m,0.56,normal,b529a2e660924bc9a43908c6d4692c1065c7190110c2b8f0d678068b8381fec8,DUP-0059
6.数学建模模型算法大全/遗传算法/遗传算法@遗传退火算法（算法简介+编程技巧+工具箱+应用大全）（含源代码）/遗传退火算法/遗传退火算法工具箱（二）/examples/tsp/route_init.m,6.数学建模模型算法大全,优化与规划,source-code,MATLAB,.m,1.0,normal,71861ccd0163939a5e8e13b69c544db6ea3b33eed664f859632eb859d08b12d0,DUP-0060
6.数学建模模型算法大全/遗传算法/遗传算法@遗传退火算法（算法简介+编程技巧+工具箱+应用大全）（含源代码）/遗传退火算法/遗传退火算法工具箱（二）/examples/tsp/route_new.m,6.数学建模模型算法大全,优化与规划,source-code,MATLAB,.m,0.46,normal,adf33023ea2405fa1c0a88dcc0ef39e7288f6ce6b15c70866604e914c902ab4b,DUP-0061
6.数学建模模型算法大全/遗传算法/遗传算法@遗传退火算法（算法简介+编程技巧+工具箱+应用大全）（含源代码）/遗传退火算法/遗传退火算法工具箱（二）/examples/tsp/route_perturb.m,6.数学建模模型算法大全,优化与规划,source-code,MATLAB,.m,1.06,normal,b41bfa63285938c7630afaf63fade8d159a4204675dcb666b8047de737fabaef,DUP-0062
6.数学建模模型算法大全/遗传算法/遗传算法@遗传退火算法（算法简介+编程技巧+工具箱+应用大全）（含源代码）/遗传退火算法/遗传退火算法工具箱（二）/examples/tsp/try_me.m,6.数学建模模型算法大全,优化与规划,source-code,MATLAB,.m,1.65,normal,f33553bc4b88d457dc577f19356b59493640db3cf01af2040b98db094fa55da5,DUP-0063
6.数学建模模型算法大全/遗传算法/遗传算法@遗传退火算法（算法简介+编程技巧+工具箱+应用大全）（含源代码）/遗传退火算法/遗传退火算法工具箱（二）/franz.m,6.数学建模模型算法大全,优化与规划,source-code,MATLAB,.m,0.86,normal,53c4d3ac2277ae04d3a31821036f34e55d705b30ea7b1b7af6535813c13f9e8f,DUP-0064
6.数学建模模型算法大全/遗传算法/遗传算法@遗传退火算法（算法简介+编程技巧+工具箱+应用大全）（含源代码）/遗传退火算法/遗传退火算法工具箱（二）/geman.m,6.数学建模模型算法大全,优化与规划,source-code,MATLAB,.m,0.86,normal,fd4a350807c3a736a05e7aec3a34ae59311df39c928cfb830b1a0c8b0834ae27,DUP-0065
6.数学建模模型算法大全/遗传算法/遗传算法@遗传退火算法（算法简介+编程技巧+工具箱+应用大全）（含源代码）/遗传退火算法/遗传退火算法工具箱（二）/geometric.m,6.数学建模模型算法大全,优化与规划,source-code,MATLAB,.m,0.84,normal,130f6082b3e15570afe303957532c3ee139afbdcb9aaa95d72e3b77692bd38f0,DUP-0066
6.数学建模模型算法大全/遗传算法/遗传算法@遗传退火算法（算法简介+编程技巧+工具箱+应用大全）（含源代码）/遗传退火算法/遗传退火算法工具箱（二）/hartley.m,6.数学建模模型算法大全,优化与规划,source-code,MATLAB,.m,0.87,normal,b53dbb13ae3cb465e75cadf8e6a68c79bc0e3348933fb210a9321bfb7a8bbf10,DUP-0067
6.数学建模模型算法大全/遗传算法/遗传算法@遗传退火算法（算法简介+编程技巧+工具箱+应用大全）（含源代码）/遗传退火算法/遗传退火算法工具箱（二）/historyupdate.m,6.数学建模模型算法大全,优化与规划,source-code,MATLAB,.m,1.4,normal,c84dc8bb76375a41614fef8691254b7467d496a958d5d2489f6f4faae778a9b5,DUP-0068
6.数学建模模型算法大全/遗传算法/遗传算法@遗传退火算法（算法简介+编程技巧+工具箱+应用大全）（含源代码）/遗传退火算法/遗传退火算法工具箱（二）/hoffmann.m,6.数学建模模型算法大全,优化与规划,source-code,MATLAB,.m,1.43,normal,106d283b01fd4d404b1d3018b0aca6ce344f273bae3b3116bfce4a6c473def4e,DUP-0069
6.数学建模模型算法大全/遗传算法/遗传算法@遗传退火算法（算法简介+编程技巧+工具箱+应用大全）（含源代码）/遗传退火算法/遗传退火算法工具箱（二）/metropolis.m,6.数学建模模型算法大全,优化与规划,source-code,MATLAB,.m,0.58,normal,0956300792f380b2e8ea834c743377702cd939cf1c93a49ddee3665baedad1dc,DUP-0070
6.数学建模模型算法大全/遗传算法/遗传算法@遗传退火算法（算法简介+编程技巧+工具箱+应用大全）（含源代码）/遗传退火算法/遗传退火算法工具箱（二）/metropoliswalk.m,6.数学建模模型算法大全,优化与规划,source-code,MATLAB,.m,5.0,normal,0188aa4119dc2b58e68affd03c7ebfa1d9d3c500973a77c7e91e2e606a8e775b,DUP-0071
6.数学建模模型算法大全/遗传算法/遗传算法@遗传退火算法（算法简介+编程技巧+工具箱+应用大全）（含源代码）/遗传退火算法/遗传退火算法工具箱（二）/mktemplate.m,6.数学建模模型算法大全,优化与规划,source-code,MATLAB,.m,3.08,normal,35edb7d6ead0543f789c8c1022d8d6bb2f21f170bc3f6e4460ce2cb0e1afdd05,DUP-0072
6.数学建模模型算法大全/遗传算法/遗传算法@遗传退火算法（算法简介+编程技巧+工具箱+应用大全）（含源代码）/遗传退火算法/遗传退火算法工具箱（二）/nextstate.m,6.数学建模模型算法大全,优化与规划,source-code,MATLAB,.m,1.57,normal,13e837ea8c2fdb9091b9bb7204cf838ce9e03d9888418b11fe6fa7ecbdf5d636,DUP-0073
6.数学建模模型算法大全/遗传算法/遗传算法@遗传退火算法（算法简介+编程技巧+工具箱+应用大全）（含源代码）/遗传退火算法/遗传退火算法工具箱（二）/plotBins.m,6.数学建模模型算法大全,优化与规划,source-code,MATLAB,.m,1.26,normal,b01e113fe1856e804352805302735cf6b9cd64d6c63e5bc0a82cb605cba8a655,DUP-0074
6.数学建模模型算法大全/遗传算法/遗传算法@遗传退火算法（算法简介+编程技巧+工具箱+应用大全）（含源代码）/遗传退火算法/遗传退火算法工具箱（二）/randomwalk.m,6.数学建模模型算法大全,优化与规划,source-code,MATLAB,.m,2.54,normal,deb18107ebd6d5484ae8f68acfb2711f9c26018d64945f3afe5ab92afa8b6aba,DUP-0075
6.数学建模模型算法大全/遗传算法/遗传算法@遗传退火算法（算法简介+编程技巧+工具箱+应用大全）（含源代码）/遗传退火算法/遗传退火算法工具箱（二）/retrospect.m,6.数学建模模型算法大全,优化与规划,source-code,MATLAB,.m,1.13,normal,eca1a50f46761354df3d0e62f60af7b91be6090f95da7daf6181afae06a5f096,DUP-0077
6.数学建模模型算法大全/遗传算法/遗传算法@遗传退火算法（算法简介+编程技巧+工具箱+应用大全）（含源代码）/遗传退火算法/遗传退火算法工具箱（二）/satools.m,6.数学建模模型算法大全,优化与规划,source-code,MATLAB,.m,0.95,normal,09b9d87fb7fe5861b664c818e4edb8995cd6c5cb5379d3407e8810c4faacc250,DUP-0078
6.数学建模模型算法大全/遗传算法/遗传算法@遗传退火算法（算法简介+编程技巧+工具箱+应用大全）（含源代码）/遗传退火算法/遗传退火算法工具箱（二）/satoolsversion.m,6.数学建模模型算法大全,优化与规划,source-code,MATLAB,.m,0.38,normal,7644ee78d3ac119c6034e0470479fc155c6a3c2c624c5f5e97af649e3f54d358,DUP-0079
6.数学建模模型算法大全/遗传算法/遗传算法@遗传退火算法（算法简介+编程技巧+工具箱+应用大全）（含源代码）/遗传退火算法/遗传退火算法工具箱（二）/stillinger3Dpoints.m,6.数学建模模型算法大全,优化与规划,source-code,MATLAB,.m,1.52,normal,fca0a5b529aabd9938bec325c9fc2b07c04330dfe8b805b20c220043c12076ee,DUP-0080
6.数学建模模型算法大全/遗传算法/遗传算法@遗传退火算法（算法简介+编程技巧+工具箱+应用大全）（含源代码）/遗传退火算法/遗传退火算法工具箱（二）/szu.m,6.数学建模模型算法大全,优化与规划,source-code,MATLAB,.m,0.58,normal,167e29eb27c086b6e280c5171437c3f0ea50fe17f343a0f3f90291a477d61295,DUP-0081
6.数学建模模型算法大全/遗传算法/遗传算法@遗传退火算法（算法简介+编程技巧+工具箱+应用大全）（含源代码）/遗传退火算法/遗传退火算法工具箱（二）/template_cost.txt,6.数学建模模型算法大全,优化与规划,source-code,MATLAB,.txt,0.29,normal,e72f46f0cc210c5577c2cf1ce45f22009c007954ee0c09a2af27de12148cffe2,DUP-0082
6.数学建模模型算法大全/遗传算法/遗传算法@遗传退火算法（算法简介+编程技巧+工具箱+应用大全）（含源代码）/遗传退火算法/遗传退火算法工具箱（二）/template_init.txt,6.数学建模模型算法大全,优化与规划,source-code,MATLAB,.txt,0.18,normal,cf3a17099fccefc4cfab0717da64c1370147d02a3ede773ff3a35272179ee98a,DUP-0083
6.数学建模模型算法大全/遗传算法/遗传算法@遗传退火算法（算法简介+编程技巧+工具箱+应用大全）（含源代码）/遗传退火算法/遗传退火算法工具箱（二）/template_new.txt,6.数学建模模型算法大全,优化与规划,source-code,MATLAB,.txt,0.36,normal,0477642751a005607390483fc39081420db20a0f4ef4cdda1432b5f584d1766a,DUP-0084
6.数学建模模型算法大全/遗传算法/遗传算法@遗传退火算法（算法简介+编程技巧+工具箱+应用大全）（含源代码）/遗传退火算法/遗传退火算法工具箱（二）/template_perturb.txt,6.数学建模模型算法大全,优化与规划,source-code,MATLAB,.txt,0.26,normal,2609d75e2dd5f3954a654d7b9a203b857581691c809ca4cb698e63eeb90d0ae9,DUP-0085
6.数学建模模型算法大全/遗传算法/遗传算法@遗传退火算法（算法简介+编程技巧+工具箱+应用大全）（含源代码）/遗传退火算法/遗传退火算法工具箱（二）/template_try_me.txt,6.数学建模模型算法大全,优化与规划,source-code,MATLAB,.txt,1.36,normal,255ee88a9df9d61e00b461f8ff0e15f45b37b25fdde5b3aed1be7d8237f57201,DUP-0086
6.数学建模模型算法大全/遗传算法/遗传算法@遗传退火算法（算法简介+编程技巧+工具箱+应用大全）（含源代码）/遗传退火算法/遗传退火算法工具箱（二）/TfinalNstop.m,6.数学建模模型算法大全,优化与规划,source-code,MATLAB,.m,1.63,normal,72134a4957141587b5d2dedfe00726bb37e85d53944a9aaf362fa21736df3cd8,DUP-0087
6.数学建模模型算法大全/遗传算法/遗传算法@遗传退火算法（算法简介+编程技巧+工具箱+应用大全）（含源代码）/遗传退火算法/遗传退火算法工具箱（二）/thermospeedHC.m,6.数学建模模型算法大全,优化与规划,source-code,MATLAB,.m,1.14,normal,372b40e64956fe86db2ef38716014dc1479ec6109f9e72a79f049dc3cef6a0a2,DUP-0088
6.数学建模模型算法大全/遗传算法/遗传算法@遗传退火算法（算法简介+编程技巧+工具箱+应用大全）（含源代码）/遗传退火算法/遗传退火算法工具箱（二）/thermospeedR.m,6.数学建模模型算法大全,优化与规划,source-code,MATLAB,.m,1.06,normal,1dfe1d45874fd9091699d829b2e56de9f06ffea59fd9b54b8f20e9f5cd3a37cb,DUP-0089
6.数学建模模型算法大全/遗传算法/遗传算法@遗传退火算法（算法简介+编程技巧+工具箱+应用大全）（含源代码）/遗传退火算法/遗传退火算法工具箱（二）/threshold.m,6.数学建模模型算法大全,优化与规划,source-code,MATLAB,.m,0.57,normal,8098ae8161209cfb1db7270f824dc9a744a40e3338397dea0c8c958864a62459,DUP-0090
6.数学建模模型算法大全/遗传算法/遗传算法@遗传退火算法（算法简介+编程技巧+工具箱+应用大全）（含源代码）/遗传退火算法/遗传退火算法工具箱（二）/TinitAccept.m,6.数学建模模型算法大全,优化与规划,source-code,MATLAB,.m,4.15,normal,681ec22a4ccf92ef45b7bb16bf427c063bfb9dc85d542140be0e2db25a412619,DUP-0091
6.数学建模模型算法大全/遗传算法/遗传算法@遗传退火算法（算法简介+编程技巧+工具箱+应用大全）（含源代码）/遗传退火算法/遗传退火算法工具箱（二）/TinitT0.m,6.数学建模模型算法大全,优化与规划,source-code,MATLAB,.m,2.22,normal,04082f2467b1d1664f8454efc516d8465c81ffd963c110aaa3fcbc07c73b19e2,DUP-0092
6.数学建模模型算法大全/遗传算法/遗传算法@遗传退火算法（算法简介+编程技巧+工具箱+应用大全）（含源代码）/遗传退火算法/遗传退火算法工具箱（二）/TinitWhite.m,6.数学建模模型算法大全,优化与规划,source-code,MATLAB,.m,2.93,normal,a4e9ffdf5be99f56931056d4e12d091ae76c455361bb3daabefdc1ee56b344f9,DUP-0093
6.数学建模模型算法大全/遗传算法/遗传算法@遗传退火算法（算法简介+编程技巧+工具箱+应用大全）（含源代码）/遗传退火算法/遗传退火算法工具箱（二）/TM.m,6.数学建模模型算法大全,优化与规划,source-code,MATLAB,.m,4.66,normal,f3df9c3de98481a6f0748ae42564b784ab928c673260328cc6a9580f9aa2d4df,DUP-0094
6.数学建模模型算法大全/遗传算法/遗传算法@遗传退火算法（算法简介+编程技巧+工具箱+应用大全）（含源代码）/遗传退火算法/遗传退火算法工具箱（二）/tsallis.m,6.数学建模模型算法大全,优化与规划,source-code,MATLAB,.m,0.71,normal,8b10b8c6d0e872e64aff31f8446411cccac9ed103a440e8c7b3f096e0aa655b5,DUP-0095
6.数学建模模型算法大全/遗传算法/遗传算法解方程/fun1.m,6.数学建模模型算法大全,优化与规划,source-code,MATLAB,.m,0.08,normal,51e93d0eb6375dbdb0559046a8f701c6dfddb3ea2eb59e457c810677e827e3fa,
6.数学建模模型算法大全/遗传算法/遗传算法解方程/fun2.m,6.数学建模模型算法大全,优化与规划,source-code,MATLAB,.m,0.15,normal,71aa177cb922973db39a7364459128a56bced4e0aeaec8d63a450325cf7557bb,
6.数学建模模型算法大全/遗传算法/遗传算法解方程/mian.m,6.数学建模模型算法大全,优化与规划,source-code,MATLAB,.m,0.08,normal,d62c0300a741a2fb9ecddb95042bec403c2416c28c06b7b46806902bd489c4c4,
6.数学建模模型算法大全/预测方法/回归分析/第11讲 回归分析/liti11.m,6.数学建模模型算法大全,预测与时间序列,source-code,MATLAB,.m,0.19,normal,3aae1fbfac43ea6d39e12582fc1bd7621c85a62931ff9d91dacb9768f11193f1,
6.数学建模模型算法大全/预测方法/回归分析/第11讲 回归分析/liti12.m,6.数学建模模型算法大全,预测与时间序列,source-code,MATLAB,.m,0.25,normal,02ff0a9ffc4a53d1c8893d48bf32ea39f9d507cd9110468547ee7c46ff4a4c78,
6.数学建模模型算法大全/预测方法/回归分析/第11讲 回归分析/liti21.m,6.数学建模模型算法大全,预测与时间序列,source-code,MATLAB,.m,0.15,normal,28a82b656a676f5f54c6358857577eb63fabc4c9e4a7e8b1afa219a5d12bea29,
6.数学建模模型算法大全/预测方法/回归分析/第11讲 回归分析/liti22.m,6.数学建模模型算法大全,预测与时间序列,source-code,MATLAB,.m,0.19,normal,3a3a9e7d659cc914620daff44a48368e5744d9ce6cf394d0c5bef477b84f753e,
6.数学建模模型算法大全/预测方法/回归分析/第11讲 回归分析/liti23.m,6.数学建模模型算法大全,预测与时间序列,source-code,MATLAB,.m,0.18,normal,a1dbf37bf6fd67769e10d6a60737b84d80fdf3244af4cd23631647d9c8a1b136,
6.数学建模模型算法大全/预测方法/回归分析/第11讲 回归分析/liti31.m,6.数学建模模型算法大全,预测与时间序列,source-code,MATLAB,.m,0.16,normal,c6a9e2ba09c2762150b4837bcbc79842365b4c30e0ebe14ebaf0c6d377dc0ada,
6.数学建模模型算法大全/预测方法/回归分析/第11讲 回归分析/liti32.m,6.数学建模模型算法大全,预测与时间序列,source-code,MATLAB,.m,0.21,normal,8eef3352538f8ed1ec269d097f5f42270f33912f87be66bdd9c8ee131c57c568,
6.数学建模模型算法大全/预测方法/回归分析/第11讲 回归分析/liti41.m,6.数学建模模型算法大全,预测与时间序列,source-code,MATLAB,.m,0.18,normal,890d835ca05e3de57e1079c0e77337b5ff7c6c7f7c19921b27a932dcf1e9f010,
6.数学建模模型算法大全/预测方法/回归分析/第11讲 回归分析/liti42.m,6.数学建模模型算法大全,预测与时间序列,source-code,MATLAB,.m,0.23,normal,2320c9a8b117e6323f077a2048babb10c21b33d33d5046f195caac88cc2ca18c,
6.数学建模模型算法大全/预测方法/回归分析/第11讲 回归分析/liti51.m,6.数学建模模型算法大全,预测与时间序列,source-code,MATLAB,.m,0.28,normal,6e940521a2f927787e36ce30bf0a0460a82cf6c293eb44640e266cf281745b05,
6.数学建模模型算法大全/预测方法/回归分析/第11讲 回归分析/liti52.m,6.数学建模模型算法大全,预测与时间序列,source-code,MATLAB,.m,0.2,normal,a0729357cd6fc7a44772b38ad2f096fd13358a9b1650b6ee10f0ad28971db562,
6.数学建模模型算法大全/预测方法/回归分析/第11讲 回归分析/liti6.m,6.数学建模模型算法大全,预测与时间序列,source-code,MATLAB,.m,2.0,normal,6d72b1615da127d035c94ef237f9a665076bc652c03d13b2accfb2255d065602,
6.数学建模模型算法大全/预测方法/回归分析/第11讲 回归分析/model.m,6.数学建模模型算法大全,预测与时间序列,source-code,MATLAB,.m,0.33,normal,e1567d5d08059e276457b1e2c676ec084f630eae306f939751e897a9c4208599,
6.数学建模模型算法大全/预测方法/回归分析/第11讲 回归分析/yhat.m,6.数学建模模型算法大全,预测与时间序列,source-code,MATLAB,.m,0.08,normal,6ed09bed3549bb8b9c63284c1787b549c3c77e9772baacdbfbfa2a9a75b9416b,
6.数学建模模型算法大全/预测方法/神经网络预测/NumREC.m,6.数学建模模型算法大全,预测与时间序列,source-code,MATLAB,.m,0.45,normal,c22fdff55e3800b831edbd3c8544cc862fe1e23c74492898907194fa8f123bcd,DUP-0097
6.数学建模模型算法大全/预测方法/神经网络预测/NumSIM.m,6.数学建模模型算法大全,预测与时间序列,source-code,MATLAB,.m,0.31,normal,c7bdbdddde568f36f5a3e135e08cf8716738f40cab01e45449f6d0944dd88924,DUP-0098
推荐基础数模资料学习/十大算法/dijkstra  c++程序/dijk.txt,推荐基础数模资料学习,图论与排队,source-code,C++,.txt,16.29,normal,2dfbc31cb362c44c4918a2aec01cd029f8451b17392ad7da602ebab960a026fa,
推荐基础数模资料学习/十大算法/免疫算法.txt,推荐基础数模资料学习,待人工分类,source-code,MATLAB,.txt,9.44,normal,3d6bf9ca684282aa1035311d435d950d8c63db8cda41c28a2856326a05ea6eb8,
推荐基础数模资料学习/十大算法/分治算法/c程序.txt,推荐基础数模资料学习,待人工分类,source-code,MATLAB,.txt,0.39,normal,4757391acc76fbf63d9438a2aa590330c3cf29636e2dcda7aa96e41398c0c7a7,
推荐基础数模资料学习/十大算法/分治算法/中国数学建模-编程交流-分治算法_1.txt,推荐基础数模资料学习,待人工分类,source-code,MATLAB,.txt,12.65,normal,8b0f71ded73c0c1f2a5c02c37e1aa0b96d06d75e0d08b2241da7518eda360fb3,
推荐基础数模资料学习/十大算法/分治算法/中国数学建模-编程交流-分治算法_2.txt,推荐基础数模资料学习,待人工分类,source-code,MATLAB,.txt,6.34,normal,ffa567a3261b238728331f526aea7c8113f1551bca75eea163ddab943d68c6f9,
推荐基础数模资料学习/十大算法/动态规划/中国数学建模-编程交流-动态规划算法_1.txt,推荐基础数模资料学习,优化与规划,source-code,MATLAB,.txt,20.28,normal,adaae3bf248d5ae09037ae141739920dff0c4fdb966e303d92578b8395a03fd5,
推荐基础数模资料学习/十大算法/动态规划/中国数学建模-编程交流-动态规划算法_2.txt,推荐基础数模资料学习,优化与规划,source-code,MATLAB,.txt,33.71,normal,49c462a1033c5abef92cf6d45111bed55a362f158cf190a4b214d0828cb4731a,
推荐基础数模资料学习/十大算法/图论/哈密尔顿回路/TSP模拟退火/accept.m,推荐基础数模资料学习,优化与规划,source-code,MATLAB,.m,0.07,normal,37f1a15d9220107e0a423c380806ab76821db32cdc10186547b85038388c356a,
推荐基础数模资料学习/十大算法/图论/哈密尔顿回路/TSP模拟退火/annealing.m,推荐基础数模资料学习,优化与规划,source-code,MATLAB,.m,0.67,normal,746a570d02cd07bcd7498d9fa560d3daab38a00c56fca92525c370e1cd725092,
推荐基础数模资料学习/十大算法/图论/哈密尔顿回路/TSP模拟退火/calculate.m,推荐基础数模资料学习,优化与规划,source-code,MATLAB,.m,0.2,normal,fbb2b408402373689177973becfcf4bf7e8e3ad6295dbcb8fdbf00af54493d44,
推荐基础数模资料学习/十大算法/图论/哈密尔顿回路/TSP模拟退火/cost_sum.m,推荐基础数模资料学习,优化与规划,source-code,MATLAB,.m,0.1,normal,370bfa87c544488ebce51e97a1102db4a99bd974183fa746d6ca05bb72fdfa65,DUP-0162
推荐基础数模资料学习/十大算法/图论/哈密尔顿回路/TSP模拟退火/exchange2.m,推荐基础数模资料学习,优化与规划,source-code,MATLAB,.m,0.36,normal,c2a77a7d4455114b9155367dff2f79af7f8a0f1d082f9504b9cc9e3bc8cea8a8,
推荐基础数模资料学习/十大算法/图论/哈密尔顿回路/TSP模拟退火/exchange3.m,推荐基础数模资料学习,优化与规划,source-code,MATLAB,.m,1.28,normal,9d2ee0a896ccf5ac1468acd03e0ec30e4aa684bad868c0ab6d7213c42fc9d318,
推荐基础数模资料学习/十大算法/图论/哈密尔顿回路/三边交换简单算法/bianquan.m,推荐基础数模资料学习,图论与排队,source-code,MATLAB,.m,0.54,normal,f2855c207c85a400617240c87300a516440286b593799105317b160a1c3e0d92,
推荐基础数模资料学习/十大算法/图论/哈密尔顿回路/三边交换简单算法/cost_sum.m,推荐基础数模资料学习,图论与排队,source-code,MATLAB,.m,0.1,normal,370bfa87c544488ebce51e97a1102db4a99bd974183fa746d6ca05bb72fdfa65,DUP-0162
推荐基础数模资料学习/十大算法/图论/哈密尔顿回路/三边交换简单算法/jiaohuan3.m,推荐基础数模资料学习,图论与排队,source-code,MATLAB,.m,1.26,normal,1f874395344a4e840d279ae18577c1b313d869c7f295422a06e6506598a11cfe,
推荐基础数模资料学习/十大算法/搜索算法/中国数学建模-编程交流-搜索算法基础.txt,推荐基础数模资料学习,待人工分类,source-code,MATLAB,.txt,23.08,normal,d44767f9de91fc71279a8c61978a7a58f6f32184fa3e51c9feec711d7998c8c4,
推荐基础数模资料学习/十大算法/概率算法/中国数学建模-编程交流-概率算法简介.txt,推荐基础数模资料学习,待人工分类,source-code,MATLAB,.txt,10.24,normal,82d836473b732f7246f0cff98ebbed46eeb7a98b0a18180655755006da88eae9,
推荐基础数模资料学习/十大算法/模拟退火算法/中国数学建模-编程交流-模拟退火算法.txt,推荐基础数模资料学习,优化与规划,source-code,MATLAB,.txt,13.94,normal,59a8c73557afc40dbf6da5230e19e8a251551688bb7790f26b0085a9541042e0,
推荐基础数模资料学习/十大算法/模拟退火，禁忌搜索，遗传算法，神经网络-MATLAB程序合集/简单函数优化的遗传算法程序/cro.m,推荐基础数模资料学习,优化与规划,source-code,MATLAB,.m,0.39,normal,562446dab063a1febd8e13f5743cc08f5cdec9dcd0a707900a7a4c8030f9f66d,DUP-0105
推荐基础数模资料学习/十大算法/模拟退火，禁忌搜索，遗传算法，神经网络-MATLAB程序合集/简单函数优化的遗传算法程序/ft.m,推荐基础数模资料学习,优化与规划,source-code,MATLAB,.m,0.05,normal,57f88d5be46ddaa7246d2261256c320f1502811625b08cf4a2c930fefe512767,DUP-0106
推荐基础数模资料学习/十大算法/模拟退火，禁忌搜索，遗传算法，神经网络-MATLAB程序合集/简单函数优化的遗传算法程序/ga.m,推荐基础数模资料学习,优化与规划,source-code,MATLAB,.m,2.38,normal,c1a709b588c07db1b31853790ebcc2ddc6f98fa21af62b990e1cbfcae0558734,DUP-0107
推荐基础数模资料学习/十大算法/模拟退火，禁忌搜索，遗传算法，神经网络-MATLAB程序合集/简单函数优化的遗传算法程序/main.m,推荐基础数模资料学习,优化与规划,source-code,MATLAB,.m,1.17,normal,d233ac06401545a7bba768cdd2825d1c2f1b5790112cd3054fdc4332d62e503f,DUP-0108
推荐基础数模资料学习/十大算法/模拟退火，禁忌搜索，遗传算法，神经网络-MATLAB程序合集/简单函数优化的遗传算法程序/mut.m,推荐基础数模资料学习,优化与规划,source-code,MATLAB,.m,0.25,normal,92824b7c9edbc3038c2f6ac5d07e01e717573ad2dff7c8649605c17c2afdec71,DUP-0109
推荐基础数模资料学习/十大算法/模拟退火，禁忌搜索，遗传算法，神经网络-MATLAB程序合集/简单函数优化的遗传算法程序/n2to10.m,推荐基础数模资料学习,优化与规划,source-code,MATLAB,.m,0.12,normal,39c9a211a175cc01609a9a86412bebe3edcf5bf1e3af77be8f7515c68b86d0b5,DUP-0110
推荐基础数模资料学习/十大算法/模拟退火，禁忌搜索，遗传算法，神经网络-MATLAB程序合集/简单函数优化的遗传算法程序/objf.m,推荐基础数模资料学习,优化与规划,source-code,MATLAB,.m,0.39,normal,73548fe322b023fe09a1fb2476af4ad2b6bee3ed1198e8cfbc61caf76e7d4eb4,DUP-0111
推荐基础数模资料学习/十大算法/模拟退火，禁忌搜索，遗传算法，神经网络-MATLAB程序合集/简单函数优化的遗传算法程序/pro.m,推荐基础数模资料学习,优化与规划,source-code,MATLAB,.m,0.11,normal,2daa3229d842fb0154fdfb8be18da2df13254bc6bdf471a948649d3019fa2d0c,DUP-0112
推荐基础数模资料学习/十大算法/模拟退火，禁忌搜索，遗传算法，神经网络-MATLAB程序合集/简单函数优化的遗传算法程序/sel.m,推荐基础数模资料学习,优化与规划,source-code,MATLAB,.m,0.22,normal,802791b541fcfaf8a7371d45db2a939462bce2280829a70f2769c258c5c697fd,DUP-0113
推荐基础数模资料学习/十大算法/灰色预测/灰色预测MATLAB程序.txt,推荐基础数模资料学习,预测与时间序列,source-code,MATLAB,.txt,3.86,normal,10f8c4f6ec283d118c26ba49dc03231155fa535bf72608e58762adf3e1251d0c,
推荐基础数模资料学习/十大算法/穷举法求解0-1整数规划的matlab程序.txt,推荐基础数模资料学习,优化与规划,source-code,MATLAB,.txt,5.25,normal,39edfa6e314f5bd902a845559d40bdc8cf72f0682b7a16d93038fb28e696aa01,
推荐基础数模资料学习/十大算法/组合算法/中国数学建模-编程交流-组合算法概论.txt,推荐基础数模资料学习,待人工分类,source-code,MATLAB,.txt,51.42,normal,67c17e9e3854be8744ef10882a10ca01a0e946f16f1e9c87084704408e2ebce2,
推荐基础数模资料学习/十大算法/贪婪算法/中国数学建模-编程交流-贪婪算法_1.txt,推荐基础数模资料学习,待人工分类,source-code,MATLAB,.txt,56.86,normal,9521da8225fcaa9be49d08fe4cec8582acce02662ed2db86291bc651922d68ef,
推荐基础数模资料学习/十大算法/贪婪算法/中国数学建模-编程交流-贪婪算法_2.txt,推荐基础数模资料学习,待人工分类,source-code,MATLAB,.txt,24.22,normal,016d25be5fb8343a1f43ffb6326ebc252405317afc7b1a04792baab42c280b5e,
推荐基础数模资料学习/十大算法/遗传算法/与已有的相同/B2F.m,推荐基础数模资料学习,优化与规划,source-code,MATLAB,.m,0.64,normal,caea6aa308c917bc76e4d3980872e51b48889a0d128b746fe638d85f752e5ef7,DUP-0114
推荐基础数模资料学习/十大算法/遗传算法/与已有的相同/changes.m,推荐基础数模资料学习,优化与规划,source-code,MATLAB,.m,0.94,normal,6131cf2e58e7b2cd7e9544b4bf335f9125fc89508b6b115d574e43c2a6e1a1d3,DUP-0115
推荐基础数模资料学习/十大算法/遗传算法/与已有的相同/cross.m,推荐基础数模资料学习,优化与规划,source-code,MATLAB,.m,1.13,normal,8eddbc1746d3ce06c04e4f33f27630936f1363ff0bd4e46b9e4728f0d6a4ef96,DUP-0116
推荐基础数模资料学习/十大算法/遗传算法/与已有的相同/de2bi.m,推荐基础数模资料学习,优化与规划,source-code,MATLAB,.m,1.02,normal,4f30725723950ae1bdcef724606abbee72b698362ef807e41355418a50fe37e9,DUP-0117
推荐基础数模资料学习/十大算法/遗传算法/与已有的相同/F2B.m,推荐基础数模资料学习,优化与规划,source-code,MATLAB,.m,0.53,normal,a654ccb2ce5b7741bacf18e5a16ae600391206a70d4f5bb6daebdbb2ed3030ef,DUP-0118
推荐基础数模资料学习/十大算法/遗传算法/与已有的相同/f553.m,推荐基础数模资料学习,优化与规划,source-code,MATLAB,.m,0.53,normal,c3efd92dd04b3ec59c80ec94d94e6296dc2f327da97efc9df149e05e76ed1658,DUP-0119
推荐基础数模资料学习/十大算法/遗传算法/与已有的相同/ga.m,推荐基础数模资料学习,优化与规划,source-code,MATLAB,.m,1.04,normal,63c2ae74e4a035bbec682e2c8ef9d6b7cb3481ecd2713f56cc86dc7b6e5e8f37,DUP-0120
推荐基础数模资料学习/十大算法/遗传算法/与已有的相同/gaDemo1Eeval.m,推荐基础数模资料学习,优化与规划,source-code,MATLAB,.m,0.17,normal,82092f0e0f6cd34f61a92150513e4c7826f922afcb9cd933ad587ca2cac7106e,DUP-0121
推荐基础数模资料学习/十大算法/遗传算法/与已有的相同/INTinti.m,推荐基础数模资料学习,优化与规划,source-code,MATLAB,.m,0.37,normal,86e35ec011f252b6ca717adb34969009a3ebc0aceb4c9c4c24b22724a000e949,DUP-0122
推荐基础数模资料学习/十大算法/遗传算法/与已有的相同/mutation.m,推荐基础数模资料学习,优化与规划,source-code,MATLAB,.m,0.52,normal,8b1dcac14752d20cfa8a63de5d92b869f5efd00cb7650bbb9cce458a603a390a,DUP-0123
推荐基础数模资料学习/十大算法/遗传算法/与已有的相同/myfun.m,推荐基础数模资料学习,优化与规划,source-code,MATLAB,.m,0.15,normal,b1855695ae6d222117e6b1937ef2063bbcdbb87810659120e19177ed1da2ed9c,DUP-0124
推荐基础数模资料学习/十大算法/遗传算法/与已有的相同/myga.m,推荐基础数模资料学习,优化与规划,source-code,MATLAB,.m,1.57,normal,e81f0d48d2000673960cd2f40e86e892a8cab20282d90de7bc0ae7280a0552b2,DUP-0125
推荐基础数模资料学习/十大算法/遗传算法/与已有的相同/xcross.m,推荐基础数模资料学习,优化与规划,source-code,MATLAB,.m,0.13,normal,2ec2484033d8e1167922fbb2b1b9f7c57f2c16034f64f52652be91c9cd4cec84,DUP-0126
推荐基础数模资料学习/十大算法/遗传算法/源程序.txt,推荐基础数模资料学习,优化与规划,source-code,MATLAB,.txt,6.84,normal,ebef31117ca693ca11f54353e194f7b8ee0b2c82fe8ce422d96ddfa3f65c1127,DUP-0134
推荐基础数模资料学习/十大算法/遗传算法/遗传算法程序 matlab.txt,推荐基础数模资料学习,优化与规划,source-code,MATLAB,.txt,8.44,normal,5126c26a028c20578f8f37d66349184c4fed80e36ed7770aad75aa6d02d434ea,DUP-0135
推荐基础数模资料学习/十大算法/遗传算法/遗传算法解决 TSP 问题.txt,推荐基础数模资料学习,优化与规划,source-code,MATLAB,.txt,8.88,normal,365635e679a735c858baf795b05df00f1262d18cc3e82cf1cf18ba7998abe05c,DUP-0136
推荐基础数模资料学习/十大算法/遗传退火法/Anneal.m,推荐基础数模资料学习,待人工分类,source-code,MATLAB,.m,0.87,normal,a68b0f4e7a157bbf0c8065df9cefa07bfa3e3703d32607f81f39c48fe5edf1e1,DUP-0137
推荐基础数模资料学习/十大算法/遗传退火法/Anneal5.m,推荐基础数模资料学习,待人工分类,source-code,MATLAB,.m,0.84,normal,32d699e6edca2b93a3d028447b6b895efc9b2e020c8bc7a94dea7e6681e6fc4d,DUP-0138
推荐基础数模资料学习/十大算法/遗传退火法/Anneal7.m,推荐基础数模资料学习,待人工分类,source-code,MATLAB,.m,1.39,normal,26fac9884ecdd4dbb143f51bfafd3bf0ca778257fe5ce13c14650734dabf2243,DUP-0139
推荐基础数模资料学习/十大算法/遗传退火法/checkbound.m,推荐基础数模资料学习,待人工分类,source-code,MATLAB,.m,1.98,normal,59272747a735d6bd5861f7b480029c829a1bd4352df55aa128943025aec47dd6,DUP-0140
推荐基础数模资料学习/十大算法/遗传退火法/constrValidate.m,推荐基础数模资料学习,待人工分类,source-code,MATLAB,.m,2.03,normal,a064a2109d1ab1acdf46421b02bd3dd823614086902e7ceaab5739a045e0bada,DUP-0141
推荐基础数模资料学习/十大算法/遗传退火法/fcnvectorizer.m,推荐基础数模资料学习,待人工分类,source-code,MATLAB,.m,0.66,normal,4516b7a3e339cd609abe853a71e7e86bdfe628bfd6106b2a747c7f16654bb1de,DUP-0142
推荐基础数模资料学习/十大算法/遗传退火法/ga_nn.m,推荐基础数模资料学习,待人工分类,source-code,MATLAB,.m,10.58,normal,a7db10132e35c4ca2e6d7054a7ecb74080d1a3cccbd06e461c2eb99076ea4bfa,DUP-0143
推荐基础数模资料学习/十大算法/遗传退火法/ga_nn4.m,推荐基础数模资料学习,待人工分类,source-code,MATLAB,.m,10.58,normal,f4b1b5ddba5371de39498cab81891f3123ab53627b2da471987bf87b1a5ea8e5,DUP-0144
推荐基础数模资料学习/十大算法/遗传退火法/gacreation_nn.m,推荐基础数模资料学习,待人工分类,source-code,MATLAB,.m,3.21,normal,89c6de004ec2a7680eb01c83db348cd143ecb0808b97545cb8b5b13de964b750,DUP-0145
推荐基础数模资料学习/十大算法/遗传退火法/gaoutput.m,推荐基础数模资料学习,待人工分类,source-code,MATLAB,.m,1.03,normal,f4624239a945630ffc2f63b17caf0d1fe6ecfc55897ccafe7a5290d988c89c69,DUP-0146
推荐基础数模资料学习/十大算法/遗传退火法/gaplot.m,推荐基础数模资料学习,可视化与图像,source-code,MATLAB,.m,10.69,normal,f38bc6cc76f1682a43a7c4a1a9683c0397a969a051d70754019d6c378497967e,DUP-0147
推荐基础数模资料学习/十大算法/遗传退火法/isfeasible.m,推荐基础数模资料学习,待人工分类,source-code,MATLAB,.m,1.11,normal,9c6bcbc987a42c1e6bd73526d22d558b034e4148374d18a073cfdfbea6ae61f3,DUP-0148
推荐基础数模资料学习/十大算法/遗传退火法/isItTimeToStop.m,推荐基础数模资料学习,待人工分类,source-code,MATLAB,.m,4.03,normal,848d2bdbd011ce65e4570541e65fedf43645238b91172946987fee6c173079bf,DUP-0149
推荐基础数模资料学习/十大算法/遗传退火法/makeState.m,推荐基础数模资料学习,待人工分类,source-code,MATLAB,.m,2.11,normal,7e2adf5ee7ec69b5a231e56a9bedf14d06b213dd6b9f08d3185698bd417ad2aa,DUP-0150
推荐基础数模资料学习/十大算法/遗传退火法/migrate.m,推荐基础数模资料学习,待人工分类,source-code,MATLAB,.m,3.59,normal,94aeafe27466abf92f768d96c571def997bd55d8ab3783b21ae9060be9488051,DUP-0151
推荐基础数模资料学习/十大算法/遗传退火法/PopAnneal1.m,推荐基础数模资料学习,待人工分类,source-code,MATLAB,.m,1.3,normal,cc4cfe8b9054aa51690bc0416f2fe187c6abb254f42d596bc1af7e05f2ea3abb,DUP-0152
推荐基础数模资料学习/十大算法/遗传退火法/PopAnneal2.m,推荐基础数模资料学习,待人工分类,source-code,MATLAB,.m,1.62,normal,2c6d1ce8ab716e50486d1ed17150a3991701306932c74e2dde5b9ce0b58ceb4e,DUP-0153
推荐基础数模资料学习/十大算法/遗传退火法/PopAnneal3.m,推荐基础数模资料学习,待人工分类,source-code,MATLAB,.m,2.12,normal,eee815f63308d9b9529d35780abfbe51a3994f046f0b17fbe8b57aa329fa1ede,DUP-0154
推荐基础数模资料学习/十大算法/遗传退火法/PopAnneal4.m,推荐基础数模资料学习,待人工分类,source-code,MATLAB,.m,1.47,normal,774ea62a102f2035e81bd2760f1ef7c9546cd0cbba6b9782e3b4fa0de4fac5e1,DUP-0155
推荐基础数模资料学习/十大算法/遗传退火法/PopAnneal5.m,推荐基础数模资料学习,待人工分类,source-code,MATLAB,.m,1.69,normal,18db5feb4b1b74064c5eaabeb581dfe60aea5296a6181c399a3219032dfdbdbc,DUP-0156
推荐基础数模资料学习/十大算法/遗传退火法/PopAnneal6.m,推荐基础数模资料学习,待人工分类,source-code,MATLAB,.m,2.21,normal,3e25817c272264e52a30c99d741fafc660a791f8dfb7bdcfc3a82fbae34bc821,DUP-0157
推荐基础数模资料学习/十大算法/遗传退火法/stepGASA.m,推荐基础数模资料学习,待人工分类,source-code,MATLAB,.m,2.47,normal,2644577c6902eb32d348adc73a91db2ff7d50d33a7987f930b7dc214a47be328,DUP-0159
推荐基础数模资料学习/十大算法/遗传退火法/stepGASA4.m,推荐基础数模资料学习,待人工分类,source-code,MATLAB,.m,2.4,normal,5aa45fd1d67353db6d032e030193cb1632c0ad38fe3a06158438d100e911a4bb,DUP-0160
推荐基础数模资料学习/十大算法/遗传退火法/validate.m,推荐基础数模资料学习,待人工分类,source-code,MATLAB,.m,12.31,normal,47e400ecf1d79ac67812cf9fedf6e2edfbb28cbb3f2564b66f1023f4b8a9f7bd,DUP-0161
推荐基础数模资料学习/十大算法/遗传退火法/一个Matlab的模拟退火算法工具箱/anneal.m,推荐基础数模资料学习,优化与规划,source-code,MATLAB,.m,16.57,normal,474c265ee1af87894322fc89f00c0168e4b96552c388755bdf3794e57881cfcc,DUP-0017
推荐基础数模资料学习/十大算法/遗传退火法/一个Matlab的模拟退火算法工具箱/berkeley.m,推荐基础数模资料学习,优化与规划,source-code,MATLAB,.m,1.05,normal,b38a57b4a3a4b2427406987049be0131b9d7923d0b9bbf865572f2f78f27d8bf,DUP-0018
推荐基础数模资料学习/十大算法/遗传退火法/一个Matlab的模拟退火算法工具箱/dispEh.m,推荐基础数模资料学习,优化与规划,source-code,MATLAB,.m,1.0,normal,379b7e4ab972043c688c6a06f0dfddeede02918b4db3012962bfddd8375b3c75,DUP-0019
推荐基础数模资料学习/十大算法/遗传退火法/一个Matlab的模拟退火算法工具箱/dispEt.m,推荐基础数模资料学习,优化与规划,source-code,MATLAB,.m,0.92,normal,17cc3ea07673c8a066ad296cede271d78ab3bb58d33e8c1285ea2f8709026376,DUP-0020
推荐基础数模资料学习/十大算法/遗传退火法/一个Matlab的模拟退火算法工具箱/dispMat.m,推荐基础数模资料学习,优化与规划,source-code,MATLAB,.m,0.61,normal,a039db731b4ff573ed0eb678a8f42a9f31f1e520df3e4ed819b685d566601d00,DUP-0021
推荐基础数模资料学习/十大算法/遗传退火法/一个Matlab的模拟退火算法工具箱/ensembleInit.m,推荐基础数模资料学习,优化与规划,source-code,MATLAB,.m,1.43,normal,fdbaf14c1f7ced86332972b6c753062009b0022224bcf0cabe9600d938effc94,DUP-0022
推荐基础数模资料学习/十大算法/遗传退火法/一个Matlab的模拟退火算法工具箱/examples/chemcluster/cluster_cost.m,推荐基础数模资料学习,优化与规划,source-code,MATLAB,.m,0.7,normal,56d83d5077a151cdda0b2586e75f4f802e3f987eb5308f7edf42df654988a5e8,DUP-0023
推荐基础数模资料学习/十大算法/遗传退火法/一个Matlab的模拟退火算法工具箱/examples/chemcluster/cluster_init.m,推荐基础数模资料学习,优化与规划,source-code,MATLAB,.m,1.0,normal,34f6d0da4d1812aac04a73f8d3fe800379818376067c2803a72be8e3a18c18c1,DUP-0024
推荐基础数模资料学习/十大算法/遗传退火法/一个Matlab的模拟退火算法工具箱/examples/chemcluster/cluster_new.m,推荐基础数模资料学习,优化与规划,source-code,MATLAB,.m,0.84,normal,7c342fbdd39cf61aa2cb5c593e146b298cf3f0f7831e4c6ceb056bc8b83a6c9c,DUP-0025
推荐基础数模资料学习/十大算法/遗传退火法/一个Matlab的模拟退火算法工具箱/examples/chemcluster/cluster_perturb.m,推荐基础数模资料学习,优化与规划,source-code,MATLAB,.m,0.94,normal,17c754e583452090f1abcf3a7e7c1d69eb72876ed3bafebd5713beaa46ef89fb,DUP-0026
推荐基础数模资料学习/十大算法/遗传退火法/一个Matlab的模拟退火算法工具箱/examples/chemcluster/clusterdistances.m,推荐基础数模资料学习,优化与规划,source-code,MATLAB,.m,0.46,normal,48655141626b84aa66c03f41bc79e725ac22a5f56917fe3f06e736166d5a4dd1,DUP-0027
推荐基础数模资料学习/十大算法/遗传退火法/一个Matlab的模拟退火算法工具箱/examples/chemcluster/clusterplot.m,推荐基础数模资料学习,优化与规划,source-code,MATLAB,.m,0.36,normal,eaf6c539e1c1cd96c172f010eb4020771b1fc2f9719323e62dfe4b8eb076e8ad,DUP-0028
推荐基础数模资料学习/十大算法/遗传退火法/一个Matlab的模拟退火算法工具箱/examples/chemcluster/test_all.m,推荐基础数模资料学习,优化与规划,source-code,MATLAB,.m,3.65,normal,b43891d60e986c7bfad0f4d0af03273d57c27119ec5cccbdf4191e746890aa2c,DUP-0029
推荐基础数模资料学习/十大算法/遗传退火法/一个Matlab的模拟退火算法工具箱/examples/chemcluster/try_me.m,推荐基础数模资料学习,优化与规划,source-code,MATLAB,.m,1.64,normal,939c9fc1a2c5a9b40e91bdf9e9f96b8a060beca5f0d43525406f50b2e7ad881e,DUP-0030
推荐基础数模资料学习/十大算法/遗传退火法/一个Matlab的模拟退火算法工具箱/examples/graphbipart/bipart_cost.m,推荐基础数模资料学习,优化与规划,source-code,MATLAB,.m,0.71,normal,f79da2aa487a0ea5a992015128221d8fc28849b662b426680b2eedd01c7b6bdf,DUP-0031
推荐基础数模资料学习/十大算法/遗传退火法/一个Matlab的模拟退火算法工具箱/examples/graphbipart/bipart_init.m,推荐基础数模资料学习,优化与规划,source-code,MATLAB,.m,1.71,normal,4f0fc127f51d2b55fc0f967ad91d50e612ec0f1b284b1d09b6c9c550a0ea761a,DUP-0032
推荐基础数模资料学习/十大算法/遗传退火法/一个Matlab的模拟退火算法工具箱/examples/graphbipart/bipart_new.m,推荐基础数模资料学习,优化与规划,source-code,MATLAB,.m,0.44,normal,33cd492688279a7d5694a82817bc495ae057b8140604fca086b8c0de7194d6d5,DUP-0033
推荐基础数模资料学习/十大算法/遗传退火法/一个Matlab的模拟退火算法工具箱/examples/graphbipart/bipart_perturb.m,推荐基础数模资料学习,优化与规划,source-code,MATLAB,.m,0.56,normal,712461c50fa65168888df0d30409ac6311950ad21e3a2200cb89e8ea882796b2,DUP-0034
推荐基础数模资料学习/十大算法/遗传退火法/一个Matlab的模拟退火算法工具箱/examples/graphbipart/try_me.m,推荐基础数模资料学习,优化与规划,source-code,MATLAB,.m,1.53,normal,f51ad964135f69284c760f2d5606ef084f3e1c2ec5cbaeca77fb0168d26886da,DUP-0035
推荐基础数模资料学习/十大算法/遗传退火法/一个Matlab的模拟退火算法工具箱/examples/proteinfold/sequence_cost.m,推荐基础数模资料学习,优化与规划,source-code,MATLAB,.m,1.89,normal,6460e0eb403ec86b6052f250a7722ae9b87d652bae5c1dea2db19dc7ccf319fe,DUP-0036
推荐基础数模资料学习/十大算法/遗传退火法/一个Matlab的模拟退火算法工具箱/examples/proteinfold/sequence_init.m,推荐基础数模资料学习,优化与规划,source-code,MATLAB,.m,1.6,normal,a213e70d295f8b3877c0b39fa45ecce7745b45f00814f3fcb7475b7082b83efd,DUP-0037
推荐基础数模资料学习/十大算法/遗传退火法/一个Matlab的模拟退火算法工具箱/examples/proteinfold/sequence_new.m,推荐基础数模资料学习,优化与规划,source-code,MATLAB,.m,1.11,normal,33eb4563fc3b99048c98992bf76bc58bbd5718eed194565d6c0bae13a0f4a8b3,DUP-0038
推荐基础数模资料学习/十大算法/遗传退火法/一个Matlab的模拟退火算法工具箱/examples/proteinfold/sequence_perturb.m,推荐基础数模资料学习,优化与规划,source-code,MATLAB,.m,2.25,normal,85d8deb311028c19813399b97e8b8fed82f101b898c40d6de9a09af9b9b6add3,DUP-0039
推荐基础数模资料学习/十大算法/遗传退火法/一个Matlab的模拟退火算法工具箱/examples/proteinfold/try_me.m,推荐基础数模资料学习,优化与规划,source-code,MATLAB,.m,1.66,normal,b9b6148b9dd7e41fc75685ad5e67c97063af29a17596934f351cccca2ff603c8,DUP-0040
推荐基础数模资料学习/十大算法/遗传退火法/一个Matlab的模拟退火算法工具箱/examples/seismicdecon/decon_cost.m,推荐基础数模资料学习,优化与规划,source-code,MATLAB,.m,0.85,normal,80656b8bce9c38f2f0bb39b8a303a34dadbf4a521d224260447798022615e61e,DUP-0042
推荐基础数模资料学习/十大算法/遗传退火法/一个Matlab的模拟退火算法工具箱/examples/seismicdecon/decon_init.m,推荐基础数模资料学习,优化与规划,source-code,MATLAB,.m,2.05,normal,ff28680370275023b2c035c5a4b958283e837bd7b0e9d3d7a19d3f7f4bb55b61,DUP-0043
推荐基础数模资料学习/十大算法/遗传退火法/一个Matlab的模拟退火算法工具箱/examples/seismicdecon/decon_new.m,推荐基础数模资料学习,优化与规划,source-code,MATLAB,.m,0.8,normal,e8eda59754eff350db45bb3b2c2ec6c778610c038626a7876c4d781766e2b60b,DUP-0044
推荐基础数模资料学习/十大算法/遗传退火法/一个Matlab的模拟退火算法工具箱/examples/seismicdecon/decon_perturb.m,推荐基础数模资料学习,优化与规划,source-code,MATLAB,.m,1.14,normal,1b50774c0292dc8315b036c97757093069d683ff558692e24171b784f9ccf0bf,DUP-0045
推荐基础数模资料学习/十大算法/遗传退火法/一个Matlab的模拟退火算法工具箱/examples/seismicdecon/eventparts.m,推荐基础数模资料学习,优化与规划,source-code,MATLAB,.m,0.5,normal,c206fdb95e2fd952dd974697310e3b33f95f65e91e4757c8f0a9d99b9934d0d4,DUP-0046
推荐基础数模资料学习/十大算法/遗传退火法/一个Matlab的模拟退火算法工具箱/examples/seismicdecon/eventplot.m,推荐基础数模资料学习,优化与规划,source-code,MATLAB,.m,0.57,normal,6ca58614fe6fa406169a76c315773de2663da2c8b52fd2ff33441cb36ba4a008,DUP-0047
推荐基础数模资料学习/十大算法/遗传退火法/一个Matlab的模拟退火算法工具箱/examples/seismicdecon/modelparts.m,推荐基础数模资料学习,优化与规划,source-code,MATLAB,.m,0.45,normal,e9366218cab96e4a591dc07e85fc4073367776382075d1ce1bbed3568287f189,DUP-0048
推荐基础数模资料学习/十大算法/遗传退火法/一个Matlab的模拟退火算法工具箱/examples/seismicdecon/modelplot.m,推荐基础数模资料学习,优化与规划,source-code,MATLAB,.m,0.73,normal,88bee6e636df10f2945b5a17ce0ad972a7a447c156dece8ee010bbe98cbfc191,DUP-0049
推荐基础数模资料学习/十大算法/遗传退火法/一个Matlab的模拟退火算法工具箱/examples/seismicdecon/modelsignal.m,推荐基础数模资料学习,优化与规划,source-code,MATLAB,.m,0.63,normal,96e908e214f1aafaa9217c108d02475ac166eff400d3acff80ab69d8447f1af2,DUP-0050
推荐基础数模资料学习/十大算法/遗传退火法/一个Matlab的模拟退火算法工具箱/examples/seismicdecon/try_me.m,推荐基础数模资料学习,优化与规划,source-code,MATLAB,.m,1.53,normal,1823d4573a603609f5dc5517a578dfd2cc4d4333d644607d3f25d916238a40e3,DUP-0052
推荐基础数模资料学习/十大算法/遗传退火法/一个Matlab的模拟退火算法工具箱/examples/spinglass/Jcoord.m,推荐基础数模资料学习,优化与规划,source-code,MATLAB,.m,0.74,normal,b85c8f86312f39493e8cce93228c07bfea9c9a19bdcb5499b9f2b75453832183,DUP-0053
推荐基础数模资料学习/十大算法/遗传退火法/一个Matlab的模拟退火算法工具箱/examples/spinglass/spin_cost.m,推荐基础数模资料学习,优化与规划,source-code,MATLAB,.m,0.57,normal,4cb9a9798cd8f45b7e2b1aa92033fae2f7b9d623cbec975f86578f9b166c4de3,DUP-0054
推荐基础数模资料学习/十大算法/遗传退火法/一个Matlab的模拟退火算法工具箱/examples/spinglass/spin_init.m,推荐基础数模资料学习,优化与规划,source-code,MATLAB,.m,2.53,normal,224e3f1f7a554f20071d156e6e983c69b729b64cac7a74bcb093b7c2ba80ca06,DUP-0055
推荐基础数模资料学习/十大算法/遗传退火法/一个Matlab的模拟退火算法工具箱/examples/spinglass/spin_new.m,推荐基础数模资料学习,优化与规划,source-code,MATLAB,.m,0.48,normal,0b6847e96cec90a2826b31923484d01197063576cdf07623e2ae69810ced89de,DUP-0056
推荐基础数模资料学习/十大算法/遗传退火法/一个Matlab的模拟退火算法工具箱/examples/spinglass/spin_perturb.m,推荐基础数模资料学习,优化与规划,source-code,MATLAB,.m,0.59,normal,ec8d2b62ff8165eb01e7872fb6f0181942bbc60a707eef1e720a4a2805f24d5a,DUP-0057
推荐基础数模资料学习/十大算法/遗传退火法/一个Matlab的模拟退火算法工具箱/examples/spinglass/try_me.m,推荐基础数模资料学习,优化与规划,source-code,MATLAB,.m,1.62,normal,f1d54d5aab390c0d35b78feb7ada6df447775b31f638e4e58c01b9492c58259d,DUP-0058
推荐基础数模资料学习/十大算法/遗传退火法/一个Matlab的模拟退火算法工具箱/examples/tsp/route_cost.m,推荐基础数模资料学习,优化与规划,source-code,MATLAB,.m,0.56,normal,b529a2e660924bc9a43908c6d4692c1065c7190110c2b8f0d678068b8381fec8,DUP-0059
推荐基础数模资料学习/十大算法/遗传退火法/一个Matlab的模拟退火算法工具箱/examples/tsp/route_init.m,推荐基础数模资料学习,优化与规划,source-code,MATLAB,.m,1.0,normal,71861ccd0163939a5e8e13b69c544db6ea3b33eed664f859632eb859d08b12d0,DUP-0060
推荐基础数模资料学习/十大算法/遗传退火法/一个Matlab的模拟退火算法工具箱/examples/tsp/route_new.m,推荐基础数模资料学习,优化与规划,source-code,MATLAB,.m,0.46,normal,adf33023ea2405fa1c0a88dcc0ef39e7288f6ce6b15c70866604e914c902ab4b,DUP-0061
推荐基础数模资料学习/十大算法/遗传退火法/一个Matlab的模拟退火算法工具箱/examples/tsp/route_perturb.m,推荐基础数模资料学习,优化与规划,source-code,MATLAB,.m,1.06,normal,b41bfa63285938c7630afaf63fade8d159a4204675dcb666b8047de737fabaef,DUP-0062
推荐基础数模资料学习/十大算法/遗传退火法/一个Matlab的模拟退火算法工具箱/examples/tsp/try_me.m,推荐基础数模资料学习,优化与规划,source-code,MATLAB,.m,1.65,normal,f33553bc4b88d457dc577f19356b59493640db3cf01af2040b98db094fa55da5,DUP-0063
推荐基础数模资料学习/十大算法/遗传退火法/一个Matlab的模拟退火算法工具箱/franz.m,推荐基础数模资料学习,优化与规划,source-code,MATLAB,.m,0.86,normal,53c4d3ac2277ae04d3a31821036f34e55d705b30ea7b1b7af6535813c13f9e8f,DUP-0064
推荐基础数模资料学习/十大算法/遗传退火法/一个Matlab的模拟退火算法工具箱/geman.m,推荐基础数模资料学习,优化与规划,source-code,MATLAB,.m,0.86,normal,fd4a350807c3a736a05e7aec3a34ae59311df39c928cfb830b1a0c8b0834ae27,DUP-0065
推荐基础数模资料学习/十大算法/遗传退火法/一个Matlab的模拟退火算法工具箱/geometric.m,推荐基础数模资料学习,优化与规划,source-code,MATLAB,.m,0.84,normal,130f6082b3e15570afe303957532c3ee139afbdcb9aaa95d72e3b77692bd38f0,DUP-0066
推荐基础数模资料学习/十大算法/遗传退火法/一个Matlab的模拟退火算法工具箱/hartley.m,推荐基础数模资料学习,优化与规划,source-code,MATLAB,.m,0.87,normal,b53dbb13ae3cb465e75cadf8e6a68c79bc0e3348933fb210a9321bfb7a8bbf10,DUP-0067
推荐基础数模资料学习/十大算法/遗传退火法/一个Matlab的模拟退火算法工具箱/historyupdate.m,推荐基础数模资料学习,优化与规划,source-code,MATLAB,.m,1.4,normal,c84dc8bb76375a41614fef8691254b7467d496a958d5d2489f6f4faae778a9b5,DUP-0068
推荐基础数模资料学习/十大算法/遗传退火法/一个Matlab的模拟退火算法工具箱/hoffmann.m,推荐基础数模资料学习,优化与规划,source-code,MATLAB,.m,1.43,normal,106d283b01fd4d404b1d3018b0aca6ce344f273bae3b3116bfce4a6c473def4e,DUP-0069
推荐基础数模资料学习/十大算法/遗传退火法/一个Matlab的模拟退火算法工具箱/metropolis.m,推荐基础数模资料学习,优化与规划,source-code,MATLAB,.m,0.58,normal,0956300792f380b2e8ea834c743377702cd939cf1c93a49ddee3665baedad1dc,DUP-0070
推荐基础数模资料学习/十大算法/遗传退火法/一个Matlab的模拟退火算法工具箱/metropoliswalk.m,推荐基础数模资料学习,优化与规划,source-code,MATLAB,.m,5.0,normal,0188aa4119dc2b58e68affd03c7ebfa1d9d3c500973a77c7e91e2e606a8e775b,DUP-0071
推荐基础数模资料学习/十大算法/遗传退火法/一个Matlab的模拟退火算法工具箱/mktemplate.m,推荐基础数模资料学习,优化与规划,source-code,MATLAB,.m,3.08,normal,35edb7d6ead0543f789c8c1022d8d6bb2f21f170bc3f6e4460ce2cb0e1afdd05,DUP-0072
推荐基础数模资料学习/十大算法/遗传退火法/一个Matlab的模拟退火算法工具箱/nextstate.m,推荐基础数模资料学习,优化与规划,source-code,MATLAB,.m,1.57,normal,13e837ea8c2fdb9091b9bb7204cf838ce9e03d9888418b11fe6fa7ecbdf5d636,DUP-0073
推荐基础数模资料学习/十大算法/遗传退火法/一个Matlab的模拟退火算法工具箱/plotBins.m,推荐基础数模资料学习,优化与规划,source-code,MATLAB,.m,1.26,normal,b01e113fe1856e804352805302735cf6b9cd64d6c63e5bc0a82cb605cba8a655,DUP-0074
推荐基础数模资料学习/十大算法/遗传退火法/一个Matlab的模拟退火算法工具箱/randomwalk.m,推荐基础数模资料学习,优化与规划,source-code,MATLAB,.m,2.54,normal,deb18107ebd6d5484ae8f68acfb2711f9c26018d64945f3afe5ab92afa8b6aba,DUP-0075
推荐基础数模资料学习/十大算法/遗传退火法/一个Matlab的模拟退火算法工具箱/retrospect.m,推荐基础数模资料学习,优化与规划,source-code,MATLAB,.m,1.13,normal,eca1a50f46761354df3d0e62f60af7b91be6090f95da7daf6181afae06a5f096,DUP-0077
推荐基础数模资料学习/十大算法/遗传退火法/一个Matlab的模拟退火算法工具箱/satools.m,推荐基础数模资料学习,优化与规划,source-code,MATLAB,.m,0.95,normal,09b9d87fb7fe5861b664c818e4edb8995cd6c5cb5379d3407e8810c4faacc250,DUP-0078
推荐基础数模资料学习/十大算法/遗传退火法/一个Matlab的模拟退火算法工具箱/satoolsversion.m,推荐基础数模资料学习,优化与规划,source-code,MATLAB,.m,0.38,normal,7644ee78d3ac119c6034e0470479fc155c6a3c2c624c5f5e97af649e3f54d358,DUP-0079
推荐基础数模资料学习/十大算法/遗传退火法/一个Matlab的模拟退火算法工具箱/stillinger3Dpoints.m,推荐基础数模资料学习,优化与规划,source-code,MATLAB,.m,1.52,normal,fca0a5b529aabd9938bec325c9fc2b07c04330dfe8b805b20c220043c12076ee,DUP-0080
推荐基础数模资料学习/十大算法/遗传退火法/一个Matlab的模拟退火算法工具箱/szu.m,推荐基础数模资料学习,优化与规划,source-code,MATLAB,.m,0.58,normal,167e29eb27c086b6e280c5171437c3f0ea50fe17f343a0f3f90291a477d61295,DUP-0081
推荐基础数模资料学习/十大算法/遗传退火法/一个Matlab的模拟退火算法工具箱/template_cost.txt,推荐基础数模资料学习,优化与规划,source-code,MATLAB,.txt,0.29,normal,e72f46f0cc210c5577c2cf1ce45f22009c007954ee0c09a2af27de12148cffe2,DUP-0082
推荐基础数模资料学习/十大算法/遗传退火法/一个Matlab的模拟退火算法工具箱/template_init.txt,推荐基础数模资料学习,优化与规划,source-code,MATLAB,.txt,0.18,normal,cf3a17099fccefc4cfab0717da64c1370147d02a3ede773ff3a35272179ee98a,DUP-0083
推荐基础数模资料学习/十大算法/遗传退火法/一个Matlab的模拟退火算法工具箱/template_new.txt,推荐基础数模资料学习,优化与规划,source-code,MATLAB,.txt,0.36,normal,0477642751a005607390483fc39081420db20a0f4ef4cdda1432b5f584d1766a,DUP-0084
推荐基础数模资料学习/十大算法/遗传退火法/一个Matlab的模拟退火算法工具箱/template_perturb.txt,推荐基础数模资料学习,优化与规划,source-code,MATLAB,.txt,0.26,normal,2609d75e2dd5f3954a654d7b9a203b857581691c809ca4cb698e63eeb90d0ae9,DUP-0085
推荐基础数模资料学习/十大算法/遗传退火法/一个Matlab的模拟退火算法工具箱/template_try_me.txt,推荐基础数模资料学习,优化与规划,source-code,MATLAB,.txt,1.36,normal,255ee88a9df9d61e00b461f8ff0e15f45b37b25fdde5b3aed1be7d8237f57201,DUP-0086
推荐基础数模资料学习/十大算法/遗传退火法/一个Matlab的模拟退火算法工具箱/TfinalNstop.m,推荐基础数模资料学习,优化与规划,source-code,MATLAB,.m,1.63,normal,72134a4957141587b5d2dedfe00726bb37e85d53944a9aaf362fa21736df3cd8,DUP-0087
推荐基础数模资料学习/十大算法/遗传退火法/一个Matlab的模拟退火算法工具箱/thermospeedHC.m,推荐基础数模资料学习,优化与规划,source-code,MATLAB,.m,1.14,normal,372b40e64956fe86db2ef38716014dc1479ec6109f9e72a79f049dc3cef6a0a2,DUP-0088
推荐基础数模资料学习/十大算法/遗传退火法/一个Matlab的模拟退火算法工具箱/thermospeedR.m,推荐基础数模资料学习,优化与规划,source-code,MATLAB,.m,1.06,normal,1dfe1d45874fd9091699d829b2e56de9f06ffea59fd9b54b8f20e9f5cd3a37cb,DUP-0089
推荐基础数模资料学习/十大算法/遗传退火法/一个Matlab的模拟退火算法工具箱/threshold.m,推荐基础数模资料学习,优化与规划,source-code,MATLAB,.m,0.57,normal,8098ae8161209cfb1db7270f824dc9a744a40e3338397dea0c8c958864a62459,DUP-0090
推荐基础数模资料学习/十大算法/遗传退火法/一个Matlab的模拟退火算法工具箱/TinitAccept.m,推荐基础数模资料学习,优化与规划,source-code,MATLAB,.m,4.15,normal,681ec22a4ccf92ef45b7bb16bf427c063bfb9dc85d542140be0e2db25a412619,DUP-0091
推荐基础数模资料学习/十大算法/遗传退火法/一个Matlab的模拟退火算法工具箱/TinitT0.m,推荐基础数模资料学习,优化与规划,source-code,MATLAB,.m,2.22,normal,04082f2467b1d1664f8454efc516d8465c81ffd963c110aaa3fcbc07c73b19e2,DUP-0092
推荐基础数模资料学习/十大算法/遗传退火法/一个Matlab的模拟退火算法工具箱/TinitWhite.m,推荐基础数模资料学习,优化与规划,source-code,MATLAB,.m,2.93,normal,a4e9ffdf5be99f56931056d4e12d091ae76c455361bb3daabefdc1ee56b344f9,DUP-0093
推荐基础数模资料学习/十大算法/遗传退火法/一个Matlab的模拟退火算法工具箱/TM.m,推荐基础数模资料学习,优化与规划,source-code,MATLAB,.m,4.66,normal,f3df9c3de98481a6f0748ae42564b784ab928c673260328cc6a9580f9aa2d4df,DUP-0094
推荐基础数模资料学习/十大算法/遗传退火法/一个Matlab的模拟退火算法工具箱/tsallis.m,推荐基础数模资料学习,优化与规划,source-code,MATLAB,.m,0.71,normal,8b10b8c6d0e872e64aff31f8446411cccac9ed103a440e8c7b3f096e0aa655b5,DUP-0095
数学建模Python相关/数学建模常用算法（Python 程序及数据）/程序及数据/01第1章  Python语言快速入门（Python 程序及数据)/FunctionSet.py,数学建模Python相关,待人工分类,source-code,Python,.py,0.11,normal,c7397cbd94779c42a9923c3342bc1ebcfe466f7c41645dbff838ced943aea9a9,
数学建模Python相关/数学建模常用算法（Python 程序及数据）/程序及数据/01第1章  Python语言快速入门（Python 程序及数据)/Pex1_1.py,数学建模Python相关,待人工分类,source-code,Python,.py,0.11,normal,f80a387cf0d18b2e7d287ffe0086ff1649bbce25f9906e3835e8fe9377f84b32,
数学建模Python相关/数学建模常用算法（Python 程序及数据）/程序及数据/01第1章  Python语言快速入门（Python 程序及数据)/Pex1_10.py,数学建模Python相关,待人工分类,source-code,Python,.py,0.16,normal,c3a8c8b61a0eb68853612511a2c08e68becc548466943c2c7156919c80134371,
数学建模Python相关/数学建模常用算法（Python 程序及数据）/程序及数据/01第1章  Python语言快速入门（Python 程序及数据)/Pex1_11_1.py,数学建模Python相关,待人工分类,source-code,Python,.py,0.09,normal,469bc5277c319aec019f18094f1ce8794ac163d0ce423d48225bc97425b6bb49,
数学建模Python相关/数学建模常用算法（Python 程序及数据）/程序及数据/01第1章  Python语言快速入门（Python 程序及数据)/Pex1_11_2.py,数学建模Python相关,待人工分类,source-code,Python,.py,0.09,normal,47050fb7fb08eaebb85f343b13d4b229dc4c2c4b0755454b5f182463bdab99f3,
数学建模Python相关/数学建模常用算法（Python 程序及数据）/程序及数据/01第1章  Python语言快速入门（Python 程序及数据)/Pex1_12.py,数学建模Python相关,待人工分类,source-code,Python,.py,0.08,normal,ee55bf8ff32fd2245b44fc2f944f83828cef7933262e13a4ab9c185c16928cdd,
数学建模Python相关/数学建模常用算法（Python 程序及数据）/程序及数据/01第1章  Python语言快速入门（Python 程序及数据)/Pex1_2.py,数学建模Python相关,待人工分类,source-code,Python,.py,0.19,normal,1ed15d7b13c5dde7da7586cbbbf023af7c217be8d819a142b9470f8bb0ba5ffa,
数学建模Python相关/数学建模常用算法（Python 程序及数据）/程序及数据/01第1章  Python语言快速入门（Python 程序及数据)/Pex1_3.py,数学建模Python相关,待人工分类,source-code,Python,.py,0.56,normal,e71d6f04c74b819ec6cfc491626f1a6a5be5ae158b2bf9223b298169c2eb0e72,
数学建模Python相关/数学建模常用算法（Python 程序及数据）/程序及数据/01第1章  Python语言快速入门（Python 程序及数据)/Pex1_4.py,数学建模Python相关,待人工分类,source-code,Python,.py,0.25,normal,7491ddd628c33363d7fa19602ffc6672f444a71ab94985c5862a0ff78ac1d436,
数学建模Python相关/数学建模常用算法（Python 程序及数据）/程序及数据/01第1章  Python语言快速入门（Python 程序及数据)/Pex1_5_1.py,数学建模Python相关,待人工分类,source-code,Python,.py,0.1,normal,d27ffcba932c496502ec5c95696be6c107d02a065134eded617ea600c62ab0d6,
数学建模Python相关/数学建模常用算法（Python 程序及数据）/程序及数据/01第1章  Python语言快速入门（Python 程序及数据)/Pex1_5_2.py,数学建模Python相关,待人工分类,source-code,Python,.py,0.07,normal,406e80f5dae7cb057538108481d9450bc76113faa26c8d99a7e7e761659e3c98,
数学建模Python相关/数学建模常用算法（Python 程序及数据）/程序及数据/01第1章  Python语言快速入门（Python 程序及数据)/Pex1_5_3.py,数学建模Python相关,待人工分类,source-code,Python,.py,0.14,normal,812f6c7b479845c6b395ec2ee71f50819c26c36e155a379b2fa881361c6f9af1,
数学建模Python相关/数学建模常用算法（Python 程序及数据）/程序及数据/01第1章  Python语言快速入门（Python 程序及数据)/Pex1_6.py,数学建模Python相关,待人工分类,source-code,Python,.py,0.25,normal,9d491ae09762e2a62b3386f12a87df312b93f6d90b76d335beda8f1ee76b0b51,
数学建模Python相关/数学建模常用算法（Python 程序及数据）/程序及数据/01第1章  Python语言快速入门（Python 程序及数据)/Pex1_7.py,数学建模Python相关,待人工分类,source-code,Python,.py,0.12,normal,f06e7295145a744c0f4659af4877063d3110f10d4813c2ae6ebc8b5b4c1bc711,
数学建模Python相关/数学建模常用算法（Python 程序及数据）/程序及数据/01第1章  Python语言快速入门（Python 程序及数据)/Pex1_8.py,数学建模Python相关,待人工分类,source-code,Python,.py,0.18,normal,cede8b83938c3ad813d343f089e6b9fe4c66c66b4718018447e7e20044f7ebdb,
数学建模Python相关/数学建模常用算法（Python 程序及数据）/程序及数据/01第1章  Python语言快速入门（Python 程序及数据)/Pex1_9.py,数学建模Python相关,待人工分类,source-code,Python,.py,0.19,normal,af128be126143e81fd8d41e093e1bdb485f7707d28b547a7fa5f08f850f398fa,
数学建模Python相关/数学建模常用算法（Python 程序及数据）/程序及数据/01第1章  Python语言快速入门（Python 程序及数据)/Pz1_1.py,数学建模Python相关,待人工分类,source-code,Python,.py,0.05,normal,38c7599d5823ba62bbaaf775ade63e5932ad87724e6cb1caa07142e4c61b9bb6,
数学建模Python相关/数学建模常用算法（Python 程序及数据）/程序及数据/01第1章  Python语言快速入门（Python 程序及数据)/Pz1_10.py,数学建模Python相关,待人工分类,source-code,Python,.py,0.29,normal,acd81748f5aa5af610b0c7d618392c0642497746a35fdf410bb9306521283b58,
数学建模Python相关/数学建模常用算法（Python 程序及数据）/程序及数据/01第1章  Python语言快速入门（Python 程序及数据)/Pz1_11.py,数学建模Python相关,待人工分类,source-code,Python,.py,0.36,normal,5f71aeb35fc807cacf6b8bde44a2a584bbf4ee409c1bdf585a904959e3b03c9c,
数学建模Python相关/数学建模常用算法（Python 程序及数据）/程序及数据/01第1章  Python语言快速入门（Python 程序及数据)/Pz1_12.py,数学建模Python相关,待人工分类,source-code,Python,.py,0.5,normal,34c6d72ddcfdf818ab85bf7271f671b5dbb80f76b516806f5ce6b2ec657476f9,
数学建模Python相关/数学建模常用算法（Python 程序及数据）/程序及数据/01第1章  Python语言快速入门（Python 程序及数据)/Pz1_13.py,数学建模Python相关,待人工分类,source-code,Python,.py,0.29,normal,f4c3119a439995f32d2a33e562a91140fd25621a5584ca01509dcb1b060283a4,
数学建模Python相关/数学建模常用算法（Python 程序及数据）/程序及数据/01第1章  Python语言快速入门（Python 程序及数据)/Pz1_14.py,数学建模Python相关,待人工分类,source-code,Python,.py,0.22,normal,f8a37cf0065c30ca18beb999dee18151ba82c788bddab38bf0b78f5470cf0fef,
数学建模Python相关/数学建模常用算法（Python 程序及数据）/程序及数据/01第1章  Python语言快速入门（Python 程序及数据)/Pz1_15.py,数学建模Python相关,待人工分类,source-code,Python,.py,0.11,normal,b999ba3e71964e3c19389505dcbb5d41f072fe5a20a786c28b564de84af29c53,
数学建模Python相关/数学建模常用算法（Python 程序及数据）/程序及数据/01第1章  Python语言快速入门（Python 程序及数据)/Pz1_16.py,数学建模Python相关,待人工分类,source-code,Python,.py,0.12,normal,6a5e25488bd48afaa7f3d4e1c85d02cd19a5ffd8a9f1a21ef069042057bf89c9,
数学建模Python相关/数学建模常用算法（Python 程序及数据）/程序及数据/01第1章  Python语言快速入门（Python 程序及数据)/Pz1_17.py,数学建模Python相关,待人工分类,source-code,Python,.py,0.21,normal,fad7b509d5c79e4f0ae2692798291c443e6382e17bf10428b84487cc70bbc28c,
数学建模Python相关/数学建模常用算法（Python 程序及数据）/程序及数据/01第1章  Python语言快速入门（Python 程序及数据)/Pz1_18.py,数学建模Python相关,待人工分类,source-code,Python,.py,0.35,normal,9f9a435ccdde68811d8eac62b3bf39f543097872c144dd7c783827ac86b2c614,
数学建模Python相关/数学建模常用算法（Python 程序及数据）/程序及数据/01第1章  Python语言快速入门（Python 程序及数据)/Pz1_19.py,数学建模Python相关,待人工分类,source-code,Python,.py,0.57,normal,6a2073222bc42c12f3971d98956fe24ccf1bf8cf0ea7ff9ca0a869d95b2580d9,
数学建模Python相关/数学建模常用算法（Python 程序及数据）/程序及数据/01第1章  Python语言快速入门（Python 程序及数据)/Pz1_2.py,数学建模Python相关,待人工分类,source-code,Python,.py,0.34,normal,1d79abeb83e8035a1037210bbf9ab8e8a04e3202939d75c60b7dabed1d92358c,
数学建模Python相关/数学建模常用算法（Python 程序及数据）/程序及数据/01第1章  Python语言快速入门（Python 程序及数据)/Pz1_20.py,数学建模Python相关,待人工分类,source-code,Python,.py,0.37,normal,2d9efa1c65c1160a867562f0f9c27bcf949310661a316f279619b40711f94ad2,
数学建模Python相关/数学建模常用算法（Python 程序及数据）/程序及数据/01第1章  Python语言快速入门（Python 程序及数据)/Pz1_21.py,数学建模Python相关,待人工分类,source-code,Python,.py,0.34,normal,0d2c8777c857a22da1bc97778de40a828ec41562d54b17630c27a9dd39aa8fc9,
数学建模Python相关/数学建模常用算法（Python 程序及数据）/程序及数据/01第1章  Python语言快速入门（Python 程序及数据)/Pz1_22.py,数学建模Python相关,待人工分类,source-code,Python,.py,0.42,normal,8fc1a49873b0747090f5abb9631e02232f444b6ad4e09b5dbb57920dd5e5cea8,
数学建模Python相关/数学建模常用算法（Python 程序及数据）/程序及数据/01第1章  Python语言快速入门（Python 程序及数据)/Pz1_3.py,数学建模Python相关,待人工分类,source-code,Python,.py,0.2,normal,fad35b622b714b51384b61d8a6274b1e90b50933f5b2c71a796350264797f7ce,
数学建模Python相关/数学建模常用算法（Python 程序及数据）/程序及数据/01第1章  Python语言快速入门（Python 程序及数据)/Pz1_4.py,数学建模Python相关,待人工分类,source-code,Python,.py,0.24,normal,9dfe9dbd3daf90991ceb8f76ca5179213bff4ac50685a14c7967e4ff1eb86500,
数学建模Python相关/数学建模常用算法（Python 程序及数据）/程序及数据/01第1章  Python语言快速入门（Python 程序及数据)/Pz1_5.py,数学建模Python相关,待人工分类,source-code,Python,.py,0.15,normal,f678632176749a687a25ba8b0545e92ca7315a751d426d00d0d9cbb7ec4f8b70,
数学建模Python相关/数学建模常用算法（Python 程序及数据）/程序及数据/01第1章  Python语言快速入门（Python 程序及数据)/Pz1_6.py,数学建模Python相关,待人工分类,source-code,Python,.py,0.25,normal,00b89fcb6fcafb9570407b22a43700c1a60f14bca79fa7056cab5c4aec392ddd,
数学建模Python相关/数学建模常用算法（Python 程序及数据）/程序及数据/01第1章  Python语言快速入门（Python 程序及数据)/Pz1_7.py,数学建模Python相关,待人工分类,source-code,Python,.py,0.18,normal,0c5482d6df0e3f32aa81dffe8d7c8869695e5a2847fe4b8cabe65503db3e6359,
数学建模Python相关/数学建模常用算法（Python 程序及数据）/程序及数据/01第1章  Python语言快速入门（Python 程序及数据)/Pz1_8.py,数学建模Python相关,待人工分类,source-code,Python,.py,0.21,normal,d56db607918864abef0fec693442beb2c64d3f8f969d26804dba5e009c88f582,
数学建模Python相关/数学建模常用算法（Python 程序及数据）/程序及数据/01第1章  Python语言快速入门（Python 程序及数据)/Pz1_9.py,数学建模Python相关,待人工分类,source-code,Python,.py,0.49,normal,5385121d465b1671ff35293fd38075315fc1d25a436a276c0d814b6ed02ee4be,
数学建模Python相关/数学建模常用算法（Python 程序及数据）/程序及数据/02第2章  数据处理与可视化(Python 程序及数据)/Pex2_1.py,数学建模Python相关,统计与数据处理,source-code,Python,.py,0.31,normal,c21a3eb158c181057a9bad47d23a4d4a15619924cf8725cdcfb129c60f2edc65,
数学建模Python相关/数学建模常用算法（Python 程序及数据）/程序及数据/02第2章  数据处理与可视化(Python 程序及数据)/Pex2_10.py,数学建模Python相关,统计与数据处理,source-code,Python,.py,0.28,normal,53551c5433a2d1b98f24d2aecd9c2cc26211da2f73b3ac121487c2672a5b97da,
数学建模Python相关/数学建模常用算法（Python 程序及数据）/程序及数据/02第2章  数据处理与可视化(Python 程序及数据)/Pex2_11.py,数学建模Python相关,统计与数据处理,source-code,Python,.py,0.4,normal,4cf12123fb9ef83012c9dd78f314b1f544ebf33b45036e37d160d6e1a18197ab,
数学建模Python相关/数学建模常用算法（Python 程序及数据）/程序及数据/02第2章  数据处理与可视化(Python 程序及数据)/Pex2_12.py,数学建模Python相关,统计与数据处理,source-code,Python,.py,0.32,normal,d6727a49f6a954bc6d95782ee5e42c10d0e87ba0060712407b9f8fc7084e8808,
数学建模Python相关/数学建模常用算法（Python 程序及数据）/程序及数据/02第2章  数据处理与可视化(Python 程序及数据)/Pex2_13.py,数学建模Python相关,统计与数据处理,source-code,Python,.py,0.24,normal,7ae164c41f696b0cbb087b9dc67e41d0c02d14679ff898676229f920ae298999,
数学建模Python相关/数学建模常用算法（Python 程序及数据）/程序及数据/02第2章  数据处理与可视化(Python 程序及数据)/Pex2_14.py,数学建模Python相关,统计与数据处理,source-code,Python,.py,0.23,normal,7913b5d8935ad4ed9291c9e5592f0b141fe484b9f540b143c23f081187b201f7,
数学建模Python相关/数学建模常用算法（Python 程序及数据）/程序及数据/02第2章  数据处理与可视化(Python 程序及数据)/Pex2_15.py,数学建模Python相关,统计与数据处理,source-code,Python,.py,0.37,normal,ba65b6ebdd274645bcb2227d8de29d9de9291874148c6e44b410a64500539e02,
数学建模Python相关/数学建模常用算法（Python 程序及数据）/程序及数据/02第2章  数据处理与可视化(Python 程序及数据)/Pex2_16.py,数学建模Python相关,统计与数据处理,source-code,Python,.py,0.36,normal,b34be3f70c4e646dc1ad6929c46659d89f8451ba0901883f947aeb7297cb4722,
数学建模Python相关/数学建模常用算法（Python 程序及数据）/程序及数据/02第2章  数据处理与可视化(Python 程序及数据)/Pex2_17.py,数学建模Python相关,统计与数据处理,source-code,Python,.py,0.16,normal,795bfa636ae12aac5de6fbc58cb035193d746b9f298ea8a821f98d15800d8b34,
数学建模Python相关/数学建模常用算法（Python 程序及数据）/程序及数据/02第2章  数据处理与可视化(Python 程序及数据)/Pex2_18.py,数学建模Python相关,统计与数据处理,source-code,Python,.py,0.46,normal,7e8c4e9292f057682b334f7b2f197765ce563b87811f4bb7041fd1de343d12e4,
数学建模Python相关/数学建模常用算法（Python 程序及数据）/程序及数据/02第2章  数据处理与可视化(Python 程序及数据)/Pex2_19.py,数学建模Python相关,统计与数据处理,source-code,Python,.py,0.17,normal,48515c8d6c72926d052f7e73044ba7e52b0a8d91347d94a77ac7b6e60a578743,
数学建模Python相关/数学建模常用算法（Python 程序及数据）/程序及数据/02第2章  数据处理与可视化(Python 程序及数据)/Pex2_2.py,数学建模Python相关,统计与数据处理,source-code,Python,.py,0.38,normal,4b2422fbafae0bd2b5c012f4d4263e55efac6dbd42d51e12f6fb436524352fa3,
数学建模Python相关/数学建模常用算法（Python 程序及数据）/程序及数据/02第2章  数据处理与可视化(Python 程序及数据)/Pex2_20.py,数学建模Python相关,统计与数据处理,source-code,Python,.py,0.2,normal,d0def1d92fbfb58c2f24aad2d88bf54e6e59212d763b70b380330dcbd120793a,
数学建模Python相关/数学建模常用算法（Python 程序及数据）/程序及数据/02第2章  数据处理与可视化(Python 程序及数据)/Pex2_21.py,数学建模Python相关,统计与数据处理,source-code,Python,.py,0.4,normal,00ec73a9c43ece970898ba75819244581a1d8aea991153d29ddcf7903d84d9f9,
数学建模Python相关/数学建模常用算法（Python 程序及数据）/程序及数据/02第2章  数据处理与可视化(Python 程序及数据)/Pex2_22.py,数学建模Python相关,统计与数据处理,source-code,Python,.py,0.16,normal,cef95ac8ddfaba1e7e12beb2c638f997cddb8bb06a88a9e0a40c26d413f4fecf,
数学建模Python相关/数学建模常用算法（Python 程序及数据）/程序及数据/02第2章  数据处理与可视化(Python 程序及数据)/Pex2_23.py,数学建模Python相关,统计与数据处理,source-code,Python,.py,0.33,normal,2d91b12cf36b2fc8839949b60016702fd57b82aeab95bf418e89e2d7da6958d0,
数学建模Python相关/数学建模常用算法（Python 程序及数据）/程序及数据/02第2章  数据处理与可视化(Python 程序及数据)/Pex2_24.py,数学建模Python相关,统计与数据处理,source-code,Python,.py,0.16,normal,b726445f6188c6af89df09abb6121dee22f6b30cf7236fbdc699b40519a97b44,
数学建模Python相关/数学建模常用算法（Python 程序及数据）/程序及数据/02第2章  数据处理与可视化(Python 程序及数据)/Pex2_25.py,数学建模Python相关,统计与数据处理,source-code,Python,.py,0.18,normal,87cf12c106c7c083d42d4b4e5d0ab54b35d53880e0c56e8d40efc4110da15bd6,
数学建模Python相关/数学建模常用算法（Python 程序及数据）/程序及数据/02第2章  数据处理与可视化(Python 程序及数据)/Pex2_26.py,数学建模Python相关,统计与数据处理,source-code,Python,.py,0.22,normal,eb78c04ec407a75dc839b5cc166ef8407c6d74d0d98a5586cf33112ff774edb1,
数学建模Python相关/数学建模常用算法（Python 程序及数据）/程序及数据/02第2章  数据处理与可视化(Python 程序及数据)/Pex2_27.py,数学建模Python相关,统计与数据处理,source-code,Python,.py,0.44,normal,8f05c502409d61ccb48331dc2523d19eea05182488631899d916685c6bc1c590,
数学建模Python相关/数学建模常用算法（Python 程序及数据）/程序及数据/02第2章  数据处理与可视化(Python 程序及数据)/Pex2_28.py,数学建模Python相关,统计与数据处理,source-code,Python,.py,0.26,normal,542581485e5df44e490cd33ef9a948b9bfb45399d4e55af205d1a5976cf2fe9f,
数学建模Python相关/数学建模常用算法（Python 程序及数据）/程序及数据/02第2章  数据处理与可视化(Python 程序及数据)/Pex2_29.py,数学建模Python相关,统计与数据处理,source-code,Python,.py,0.37,normal,ff2c7214142d726298259f4005b772aa0678ae3342402be689e6105445cbe72c,
数学建模Python相关/数学建模常用算法（Python 程序及数据）/程序及数据/02第2章  数据处理与可视化(Python 程序及数据)/Pex2_3.py,数学建模Python相关,统计与数据处理,source-code,Python,.py,0.27,normal,d68c4c1631ba74f753224dffe7fedc4c2f60f4af8be3342ea9e47c82cc628a07,
数学建模Python相关/数学建模常用算法（Python 程序及数据）/程序及数据/02第2章  数据处理与可视化(Python 程序及数据)/Pex2_30.py,数学建模Python相关,统计与数据处理,source-code,Python,.py,0.27,normal,4ec521c6a9844878c0b2e349c0234e823586544bcad369d1b117378d14eb2d99,
数学建模Python相关/数学建模常用算法（Python 程序及数据）/程序及数据/02第2章  数据处理与可视化(Python 程序及数据)/Pex2_31.py,数学建模Python相关,统计与数据处理,source-code,Python,.py,0.29,normal,f21b529a4da19edef36544b4270849543dd360bcf818f70fdfdbe62cfe02824a,
数学建模Python相关/数学建模常用算法（Python 程序及数据）/程序及数据/02第2章  数据处理与可视化(Python 程序及数据)/Pex2_32.py,数学建模Python相关,统计与数据处理,source-code,Python,.py,0.29,normal,3a15fc69b849012fed24a827df228713e4f1db1ba9d296275ca4ae194a612fa5,
数学建模Python相关/数学建模常用算法（Python 程序及数据）/程序及数据/02第2章  数据处理与可视化(Python 程序及数据)/Pex2_33.py,数学建模Python相关,统计与数据处理,source-code,Python,.py,0.22,normal,e75c2d8c986dc2ec0372e1834bec76be96534d334197404bcf5de77d42d92ee6,
数学建模Python相关/数学建模常用算法（Python 程序及数据）/程序及数据/02第2章  数据处理与可视化(Python 程序及数据)/Pex2_34.py,数学建模Python相关,统计与数据处理,source-code,Python,.py,0.46,normal,4bd8b9577728022b52f4b628d8c3f1e0df9c4f20d8a5eb514e29cc11090b08d0,
数学建模Python相关/数学建模常用算法（Python 程序及数据）/程序及数据/02第2章  数据处理与可视化(Python 程序及数据)/Pex2_35.py,数学建模Python相关,统计与数据处理,source-code,Python,.py,0.28,normal,9a50d11c5ae4468dea7a2239c74e2c72bd115d938222a68d35932d2511d41daf,
数学建模Python相关/数学建模常用算法（Python 程序及数据）/程序及数据/02第2章  数据处理与可视化(Python 程序及数据)/Pex2_36.py,数学建模Python相关,统计与数据处理,source-code,Python,.py,0.54,normal,03dffa5176794888654381a64f6dd418e67e293dcf8232b54e821cb0f5217c0c,
数学建模Python相关/数学建模常用算法（Python 程序及数据）/程序及数据/02第2章  数据处理与可视化(Python 程序及数据)/Pex2_37.py,数学建模Python相关,统计与数据处理,source-code,Python,.py,0.36,normal,69136157890ac2cf0d376273ff2a04ad61784b6a6c8c6f4261740b1bba4f9072,
数学建模Python相关/数学建模常用算法（Python 程序及数据）/程序及数据/02第2章  数据处理与可视化(Python 程序及数据)/Pex2_38.py,数学建模Python相关,统计与数据处理,source-code,Python,.py,0.4,normal,00fc03f06eb908dff2ccc699bd5e3e9810b1d1a93ea3351b2c80b1e2f21d3ff1,
数学建模Python相关/数学建模常用算法（Python 程序及数据）/程序及数据/02第2章  数据处理与可视化(Python 程序及数据)/Pex2_39.py,数学建模Python相关,统计与数据处理,source-code,Python,.py,0.57,normal,caddb39d3339f44c7359a2532410b376ea0958c66b2743de9b0a0a6e9c17e417,
数学建模Python相关/数学建模常用算法（Python 程序及数据）/程序及数据/02第2章  数据处理与可视化(Python 程序及数据)/Pex2_4.py,数学建模Python相关,统计与数据处理,source-code,Python,.py,0.39,normal,dc3f14aae8c225e3acc8ab109983126921d1ab1d7ffcc6a90534a4f8f922fc19,
数学建模Python相关/数学建模常用算法（Python 程序及数据）/程序及数据/02第2章  数据处理与可视化(Python 程序及数据)/Pex2_40.py,数学建模Python相关,统计与数据处理,source-code,Python,.py,0.3,normal,c60338f855c093ee53c341b32540821166c900af7df000622ea5508fd215242e,
数学建模Python相关/数学建模常用算法（Python 程序及数据）/程序及数据/02第2章  数据处理与可视化(Python 程序及数据)/Pex2_41.py,数学建模Python相关,统计与数据处理,source-code,Python,.py,0.55,normal,7c42e5cdbed2dabf193bcbbb9c364337e63ec62acaf92f930b4a557a86bbde69,
数学建模Python相关/数学建模常用算法（Python 程序及数据）/程序及数据/02第2章  数据处理与可视化(Python 程序及数据)/Pex2_42_1.py,数学建模Python相关,统计与数据处理,source-code,Python,.py,0.67,normal,c3eafdaac1389d8b43c58fffb315a172db9afe05000943bf04cad1794fa95a42,
数学建模Python相关/数学建模常用算法（Python 程序及数据）/程序及数据/02第2章  数据处理与可视化(Python 程序及数据)/Pex2_42_2.py,数学建模Python相关,统计与数据处理,source-code,Python,.py,0.58,normal,7aa94730eb5002ab88f28d65ecbfbc520969199175f40c3f8279c399f18b9ea9,
数学建模Python相关/数学建模常用算法（Python 程序及数据）/程序及数据/02第2章  数据处理与可视化(Python 程序及数据)/Pex2_43.py,数学建模Python相关,统计与数据处理,source-code,Python,.py,0.25,normal,41357df3df738258c89c63999a8257fb9dcef4535aa7bb8a3f24fb7e12480be4,
数学建模Python相关/数学建模常用算法（Python 程序及数据）/程序及数据/02第2章  数据处理与可视化(Python 程序及数据)/Pex2_44.py,数学建模Python相关,统计与数据处理,source-code,Python,.py,0.67,normal,913856a7898b1e5c56dd1b8b723bbd2ee9bdd81226ba3169f0bba1a5897874a3,
数学建模Python相关/数学建模常用算法（Python 程序及数据）/程序及数据/02第2章  数据处理与可视化(Python 程序及数据)/Pex2_45.py,数学建模Python相关,统计与数据处理,source-code,Python,.py,1.3,normal,11e2a6ea78f98b5ebe3f548db37eaf511bce0b73aacb5c814a12c5d471d63f8f,DUP-0164
数学建模Python相关/数学建模常用算法（Python 程序及数据）/程序及数据/02第2章  数据处理与可视化(Python 程序及数据)/Pex2_45_1.py,数学建模Python相关,统计与数据处理,source-code,Python,.py,1.3,normal,11e2a6ea78f98b5ebe3f548db37eaf511bce0b73aacb5c814a12c5d471d63f8f,DUP-0164
数学建模Python相关/数学建模常用算法（Python 程序及数据）/程序及数据/02第2章  数据处理与可视化(Python 程序及数据)/Pex2_45_2.py,数学建模Python相关,统计与数据处理,source-code,Python,.py,1.36,normal,47a992f6d841948202873f4514ccfa5f1b21dc020f18de5e836be55b8712d3e0,
数学建模Python相关/数学建模常用算法（Python 程序及数据）/程序及数据/02第2章  数据处理与可视化(Python 程序及数据)/Pex2_46.py,数学建模Python相关,统计与数据处理,source-code,Python,.py,0.57,normal,8d1dbe64907a96651793689f90340c7f94ac9000edb6af7e8ca3fe5d8c449673,
数学建模Python相关/数学建模常用算法（Python 程序及数据）/程序及数据/02第2章  数据处理与可视化(Python 程序及数据)/Pex2_47.py,数学建模Python相关,统计与数据处理,source-code,Python,.py,0.67,normal,e1156d16391e757424a89a6fdbb4efd54b37f70645cf5f9012611d38787dae4f,
数学建模Python相关/数学建模常用算法（Python 程序及数据）/程序及数据/02第2章  数据处理与可视化(Python 程序及数据)/Pex2_48_1.py,数学建模Python相关,统计与数据处理,source-code,Python,.py,0.43,normal,772cb043342cdfcc10710512e0accdd96bd2d90a2043664ac96657b99ed3e60d,
数学建模Python相关/数学建模常用算法（Python 程序及数据）/程序及数据/02第2章  数据处理与可视化(Python 程序及数据)/Pex2_48_2.py,数学建模Python相关,统计与数据处理,source-code,Python,.py,0.36,normal,23ef5f1a0743c35087f74fbe179c85cf369fdbb8900a81034aa2a09394c6eeaa,
数学建模Python相关/数学建模常用算法（Python 程序及数据）/程序及数据/02第2章  数据处理与可视化(Python 程序及数据)/Pex2_5.py,数学建模Python相关,统计与数据处理,source-code,Python,.py,0.28,normal,645902eabe1e016665ceb62a984f767260d7bc56bd9516b34ea3b099dd4c1a32,
数学建模Python相关/数学建模常用算法（Python 程序及数据）/程序及数据/02第2章  数据处理与可视化(Python 程序及数据)/Pex2_6.py,数学建模Python相关,统计与数据处理,source-code,Python,.py,0.64,normal,4eb2b4591f073b95032b4e7fab12b3ef82ddaa55644a6641fdfeaa5c79478420,
数学建模Python相关/数学建模常用算法（Python 程序及数据）/程序及数据/02第2章  数据处理与可视化(Python 程序及数据)/Pex2_7.py,数学建模Python相关,统计与数据处理,source-code,Python,.py,0.2,normal,a6655ae7f450e8165cb1cc95b715da3b1c05a4711ad0e373a71aa7c019deed07,
数学建模Python相关/数学建模常用算法（Python 程序及数据）/程序及数据/02第2章  数据处理与可视化(Python 程序及数据)/Pex2_8.py,数学建模Python相关,统计与数据处理,source-code,Python,.py,0.39,normal,2478d3fd7e643aa078cc689bb930591b8dabc4484e2a8f99dd1a53ea448082ce,
数学建模Python相关/数学建模常用算法（Python 程序及数据）/程序及数据/02第2章  数据处理与可视化(Python 程序及数据)/Pex2_9.py,数学建模Python相关,统计与数据处理,source-code,Python,.py,0.32,normal,6ac0deed553791339bf6e067d03b8e4f6a9b35e7a65f7a69748c0554ad394a68,
数学建模Python相关/数学建模常用算法（Python 程序及数据）/程序及数据/03第3章  Python在高等数学和工程数学的应用(Python 程序及数据)/Pex3_1.py,数学建模Python相关,数学基础,source-code,Python,.py,0.68,normal,23e49a5bffd925c37844e183d5b6cc3ee1786df05e13592f253c81c8532771dd,
数学建模Python相关/数学建模常用算法（Python 程序及数据）/程序及数据/03第3章  Python在高等数学和工程数学的应用(Python 程序及数据)/Pex3_10.py,数学建模Python相关,数学基础,source-code,Python,.py,0.16,normal,00a6634d191222133c571e4b831edb3c989a4fbc42ebd0aea9e3dc3a6d710691,
数学建模Python相关/数学建模常用算法（Python 程序及数据）/程序及数据/03第3章  Python在高等数学和工程数学的应用(Python 程序及数据)/Pex3_11.py,数学建模Python相关,数学基础,source-code,Python,.py,0.19,normal,cd002d5218c9412cc38ef92396c50a009fcf9687627f27ae629a7c1f38f6bfed,
数学建模Python相关/数学建模常用算法（Python 程序及数据）/程序及数据/03第3章  Python在高等数学和工程数学的应用(Python 程序及数据)/Pex3_12.py,数学建模Python相关,数学基础,source-code,Python,.py,0.15,normal,4b89504e747e4a50d2352538978a030dfa09a8f04e8ded90e3f98eb60acb8065,
数学建模Python相关/数学建模常用算法（Python 程序及数据）/程序及数据/03第3章  Python在高等数学和工程数学的应用(Python 程序及数据)/Pex3_13.py,数学建模Python相关,数学基础,source-code,Python,.py,0.41,normal,c380413a9b3a961514a9106e2fc841b8575f69dd82bee8c4a18034d9789e398a,
数学建模Python相关/数学建模常用算法（Python 程序及数据）/程序及数据/03第3章  Python在高等数学和工程数学的应用(Python 程序及数据)/Pex3_14.py,数学建模Python相关,数学基础,source-code,Python,.py,0.29,normal,1bfd8ea9571befa1cc0225187bff4a4a3309a82caad229762efdf34c79e1d3a7,
数学建模Python相关/数学建模常用算法（Python 程序及数据）/程序及数据/03第3章  Python在高等数学和工程数学的应用(Python 程序及数据)/Pex3_15.py,数学建模Python相关,数学基础,source-code,Python,.py,0.37,normal,0e453b15d127f751ef6df033a20bb9c3eadbb5435867ef7a8eae391495449c6a,
数学建模Python相关/数学建模常用算法（Python 程序及数据）/程序及数据/03第3章  Python在高等数学和工程数学的应用(Python 程序及数据)/Pex3_16.py,数学建模Python相关,数学基础,source-code,Python,.py,0.46,normal,1c4758c24811ecfbf5ebffdd7468bce0fca73a2dd08deb656402db4b4bf24abb,
数学建模Python相关/数学建模常用算法（Python 程序及数据）/程序及数据/03第3章  Python在高等数学和工程数学的应用(Python 程序及数据)/Pex3_17.py,数学建模Python相关,数学基础,source-code,Python,.py,0.57,normal,b320036cf558ff6cbbf6c94bc4b8370696a646476366336cc21f54c446409b2d,
数学建模Python相关/数学建模常用算法（Python 程序及数据）/程序及数据/03第3章  Python在高等数学和工程数学的应用(Python 程序及数据)/Pex3_18.py,数学建模Python相关,数学基础,source-code,Python,.py,0.67,normal,66bfedb06952f31e4a31a622e166f0cd5ba55aa5803b37e57590d97e0ee331c0,
数学建模Python相关/数学建模常用算法（Python 程序及数据）/程序及数据/03第3章  Python在高等数学和工程数学的应用(Python 程序及数据)/Pex3_19.py,数学建模Python相关,数学基础,source-code,Python,.py,0.3,normal,4c9d2ca4d79dbf448cc1c9f640b412cee310a8a1ca94bf9ec9b1226821ace0a5,
数学建模Python相关/数学建模常用算法（Python 程序及数据）/程序及数据/03第3章  Python在高等数学和工程数学的应用(Python 程序及数据)/Pex3_2.py,数学建模Python相关,数学基础,source-code,Python,.py,0.26,normal,2d951817fc262512b0a8e3bcddb091db466410c7793486de01981eb848e16f68,
数学建模Python相关/数学建模常用算法（Python 程序及数据）/程序及数据/03第3章  Python在高等数学和工程数学的应用(Python 程序及数据)/Pex3_20.py,数学建模Python相关,数学基础,source-code,Python,.py,0.21,normal,0d0b66bda49025f98d1fa2a280af2ef9fefc6abca5673b787d0de0bf9d330f5f,
数学建模Python相关/数学建模常用算法（Python 程序及数据）/程序及数据/03第3章  Python在高等数学和工程数学的应用(Python 程序及数据)/Pex3_21.py,数学建模Python相关,数学基础,source-code,Python,.py,0.76,normal,c48f9a27a691b035959c531585fe3d046aa583a97496e7c5cc6199815968c6c8,
数学建模Python相关/数学建模常用算法（Python 程序及数据）/程序及数据/03第3章  Python在高等数学和工程数学的应用(Python 程序及数据)/Pex3_22_1.py,数学建模Python相关,数学基础,source-code,Python,.py,0.19,normal,423b4eb77ce9be4dfb7a24d3feb24b66bca41fe8a8f910f42d52d087c4bba402,
数学建模Python相关/数学建模常用算法（Python 程序及数据）/程序及数据/03第3章  Python在高等数学和工程数学的应用(Python 程序及数据)/Pex3_22_2.py,数学建模Python相关,数学基础,source-code,Python,.py,0.24,normal,387cb0b7f86da182e789ed8bc804ce010ab41496643db39a3d72824b6fcbd2ec,
数学建模Python相关/数学建模常用算法（Python 程序及数据）/程序及数据/03第3章  Python在高等数学和工程数学的应用(Python 程序及数据)/Pex3_23.py,数学建模Python相关,数学基础,source-code,Python,.py,0.2,normal,9d8317d65498f8fe164d9047810efc15ecfd29cb62106d6eb80145c44c80d20d,
数学建模Python相关/数学建模常用算法（Python 程序及数据）/程序及数据/03第3章  Python在高等数学和工程数学的应用(Python 程序及数据)/Pex3_24.py,数学建模Python相关,数学基础,source-code,Python,.py,0.19,normal,677ef124818890ba6924e1fb33e39eef9424b0a55374541695177032d24db252,
数学建模Python相关/数学建模常用算法（Python 程序及数据）/程序及数据/03第3章  Python在高等数学和工程数学的应用(Python 程序及数据)/Pex3_25.py,数学建模Python相关,数学基础,source-code,Python,.py,0.2,normal,ab0056a056dd95daf9cf3cc766847823d6f8ed7aa8caa496ac398496c55c8279,
数学建模Python相关/数学建模常用算法（Python 程序及数据）/程序及数据/03第3章  Python在高等数学和工程数学的应用(Python 程序及数据)/Pex3_26.py,数学建模Python相关,数学基础,source-code,Python,.py,0.33,normal,6091874d83c223cfea865f2ba6b63a709a9f75177f8b3361e438f46311041d48,
数学建模Python相关/数学建模常用算法（Python 程序及数据）/程序及数据/03第3章  Python在高等数学和工程数学的应用(Python 程序及数据)/Pex3_27.py,数学建模Python相关,数学基础,source-code,Python,.py,0.52,normal,3ed25a8d6a938369b538ffcdd5598d82ccb297fe38fae75add4a22c35dc9368b,
数学建模Python相关/数学建模常用算法（Python 程序及数据）/程序及数据/03第3章  Python在高等数学和工程数学的应用(Python 程序及数据)/Pex3_28.py,数学建模Python相关,数学基础,source-code,Python,.py,0.25,normal,7536d155b93c2def796cb5d19bcf879f1a5befbd2405272d0cc6ca4e23ea1384,
数学建模Python相关/数学建模常用算法（Python 程序及数据）/程序及数据/03第3章  Python在高等数学和工程数学的应用(Python 程序及数据)/Pex3_29.py,数学建模Python相关,数学基础,source-code,Python,.py,0.17,normal,d1335b95876822eae62c751d422d9eb0935ee0d8a34c964e6b4a1b2d00208481,
数学建模Python相关/数学建模常用算法（Python 程序及数据）/程序及数据/03第3章  Python在高等数学和工程数学的应用(Python 程序及数据)/Pex3_3.py,数学建模Python相关,数学基础,source-code,Python,.py,0.2,normal,a763203f1247fe6db6edf9e8cfd11f6d0318f03e5c7d2bcbe1511bdf25efd8d5,
数学建模Python相关/数学建模常用算法（Python 程序及数据）/程序及数据/03第3章  Python在高等数学和工程数学的应用(Python 程序及数据)/Pex3_30.py,数学建模Python相关,数学基础,source-code,Python,.py,0.23,normal,8c7e9938ee5e991a58ee090547ac7e19b7b53317bc129641c1084a857c281609,
数学建模Python相关/数学建模常用算法（Python 程序及数据）/程序及数据/03第3章  Python在高等数学和工程数学的应用(Python 程序及数据)/Pex3_31.py,数学建模Python相关,数学基础,source-code,Python,.py,0.18,normal,0bc1b408480bd7c2c433e37a81b68c728be547b001c193b523012b8b9968c43f,
数学建模Python相关/数学建模常用算法（Python 程序及数据）/程序及数据/03第3章  Python在高等数学和工程数学的应用(Python 程序及数据)/Pex3_32.py,数学建模Python相关,数学基础,source-code,Python,.py,0.21,normal,bbb853647baea8d6a302fdd5379c8e432770f0a2f339c2e33ee86308c7510f4f,
数学建模Python相关/数学建模常用算法（Python 程序及数据）/程序及数据/03第3章  Python在高等数学和工程数学的应用(Python 程序及数据)/Pex3_33.py,数学建模Python相关,数学基础,source-code,Python,.py,0.35,normal,305c47ce9d23616a3043f30869ab027921914e035da88d5b08914acb45079ee2,
数学建模Python相关/数学建模常用算法（Python 程序及数据）/程序及数据/03第3章  Python在高等数学和工程数学的应用(Python 程序及数据)/Pex3_34.py,数学建模Python相关,数学基础,source-code,Python,.py,0.53,normal,74dbe071faed83730c3bd598dfd2ac78d790b3d8b91fe4eceef6ba51304d3dce,
数学建模Python相关/数学建模常用算法（Python 程序及数据）/程序及数据/03第3章  Python在高等数学和工程数学的应用(Python 程序及数据)/Pex3_35.py,数学建模Python相关,数学基础,source-code,Python,.py,0.2,normal,8016eedcb67ec6d76258a09f365340f22a154af4517dcf20dc4fe22f76851f57,
数学建模Python相关/数学建模常用算法（Python 程序及数据）/程序及数据/03第3章  Python在高等数学和工程数学的应用(Python 程序及数据)/Pex3_36.py,数学建模Python相关,数学基础,source-code,Python,.py,0.47,normal,2e22563c834fbe7c6f018d51db455198fa6917f48b7eef96bb74e2d862556ffd,
数学建模Python相关/数学建模常用算法（Python 程序及数据）/程序及数据/03第3章  Python在高等数学和工程数学的应用(Python 程序及数据)/Pex3_37.py,数学建模Python相关,数学基础,source-code,Python,.py,0.24,normal,4e210774327f89dba90cc1766348e6cdbe14e4af54a814b3cfab416ced75cc48,
数学建模Python相关/数学建模常用算法（Python 程序及数据）/程序及数据/03第3章  Python在高等数学和工程数学的应用(Python 程序及数据)/Pex3_38.py,数学建模Python相关,数学基础,source-code,Python,.py,0.22,normal,56111d2e829ab560686bc45483300a8f6348aa035e3891befe0cddbfa42dcf43,
数学建模Python相关/数学建模常用算法（Python 程序及数据）/程序及数据/03第3章  Python在高等数学和工程数学的应用(Python 程序及数据)/Pex3_39.py,数学建模Python相关,数学基础,source-code,Python,.py,0.22,normal,e39594f4d587c8b56ddfedcafafe9718de03a08c957b47b13a883f2183b1ec13,
数学建模Python相关/数学建模常用算法（Python 程序及数据）/程序及数据/03第3章  Python在高等数学和工程数学的应用(Python 程序及数据)/Pex3_4.py,数学建模Python相关,数学基础,source-code,Python,.py,0.32,normal,e12e4f39893c4b0aadc290ed58f06c81ef01c41a020ba334785ed170b07d68f5,
数学建模Python相关/数学建模常用算法（Python 程序及数据）/程序及数据/03第3章  Python在高等数学和工程数学的应用(Python 程序及数据)/Pex3_40.py,数学建模Python相关,数学基础,source-code,Python,.py,0.22,normal,50a2eb8d9802bbdae5aefdc95d3b37cc9d25036bd13e609faf0ae19e7de5942d,
数学建模Python相关/数学建模常用算法（Python 程序及数据）/程序及数据/03第3章  Python在高等数学和工程数学的应用(Python 程序及数据)/Pex3_41.py,数学建模Python相关,数学基础,source-code,Python,.py,0.56,normal,efab1d85089e6b45c87b696b8bfb2f52254333eace77543dbf512d0c10dd3911,
数学建模Python相关/数学建模常用算法（Python 程序及数据）/程序及数据/03第3章  Python在高等数学和工程数学的应用(Python 程序及数据)/Pex3_42.py,数学建模Python相关,数学基础,source-code,Python,.py,0.46,normal,7ce5b9f3d0836bfc4ee87d858ed04f682fb11f6b87e9e19ef540d573027c64a0,
数学建模Python相关/数学建模常用算法（Python 程序及数据）/程序及数据/03第3章  Python在高等数学和工程数学的应用(Python 程序及数据)/Pex3_5_1.py,数学建模Python相关,数学基础,source-code,Python,.py,0.25,normal,0e909d0750146d4f819d7918ebaad014e64e25767638c57f25883c4a2f522c46,
数学建模Python相关/数学建模常用算法（Python 程序及数据）/程序及数据/03第3章  Python在高等数学和工程数学的应用(Python 程序及数据)/Pex3_5_2.py,数学建模Python相关,数学基础,source-code,Python,.py,0.17,normal,ad1e5c83198274c03f6c57d8d0d1e6157cac9c427c2879a07680906db15f1f85,
数学建模Python相关/数学建模常用算法（Python 程序及数据）/程序及数据/03第3章  Python在高等数学和工程数学的应用(Python 程序及数据)/Pex3_6.py,数学建模Python相关,数学基础,source-code,Python,.py,0.16,normal,73299080086f7e04c6c0f58d75290e4132dce9607fc647cbbd9a71ffce67c9da,
数学建模Python相关/数学建模常用算法（Python 程序及数据）/程序及数据/03第3章  Python在高等数学和工程数学的应用(Python 程序及数据)/Pex3_7.py,数学建模Python相关,数学基础,source-code,Python,.py,0.24,normal,b40465cdd796b81631f533a26495e354ecfceb1c81d8040899b521cb1a3569ec,
数学建模Python相关/数学建模常用算法（Python 程序及数据）/程序及数据/03第3章  Python在高等数学和工程数学的应用(Python 程序及数据)/Pex3_8.py,数学建模Python相关,数学基础,source-code,Python,.py,0.23,normal,f6daebcee9bbe0f72493e0f61cc27d67f8039ca5e42591989a16925d70c3fe2d,
数学建模Python相关/数学建模常用算法（Python 程序及数据）/程序及数据/03第3章  Python在高等数学和工程数学的应用(Python 程序及数据)/Pex3_9.py,数学建模Python相关,数学基础,source-code,Python,.py,0.34,normal,46490f1d56ec1b1c624e2588b3fc22486f28c6d2bca8952b2f640bec9f66915e,
数学建模Python相关/数学建模常用算法（Python 程序及数据）/程序及数据/04第4章  概率论与数理统计(Python 程序及数据)/Pex4_1.py,数学建模Python相关,统计与数据处理,source-code,Python,.py,0.21,normal,b0b19afba89474a468fe4a875eb4ec8ef72c5b34c6debf88e6f9c6392f91f131,
数学建模Python相关/数学建模常用算法（Python 程序及数据）/程序及数据/04第4章  概率论与数理统计(Python 程序及数据)/Pex4_10.py,数学建模Python相关,统计与数据处理,source-code,Python,.py,0.35,normal,0beb98a50a4345d7aeeb70f8ffb5fc79f4f461d1eea74c5b8a788d6a04c99a62,
数学建模Python相关/数学建模常用算法（Python 程序及数据）/程序及数据/04第4章  概率论与数理统计(Python 程序及数据)/Pex4_11.py,数学建模Python相关,统计与数据处理,source-code,Python,.py,0.3,normal,a242fdcdc61666ad1509918ee85510f0aa463c0997cb75cbb766b411fe5e290d,
数学建模Python相关/数学建模常用算法（Python 程序及数据）/程序及数据/04第4章  概率论与数理统计(Python 程序及数据)/Pex4_12.py,数学建模Python相关,统计与数据处理,source-code,Python,.py,0.65,normal,a559bdfc57f00252763cb14102f2d100e6862577bcb3b5dc8baed61d452f9c90,
数学建模Python相关/数学建模常用算法（Python 程序及数据）/程序及数据/04第4章  概率论与数理统计(Python 程序及数据)/Pex4_13.py,数学建模Python相关,统计与数据处理,source-code,Python,.py,0.29,normal,bfbfe7d235e669f72d913719d2cf087ebb8263c28c259bed86f27d0af9515b38,
数学建模Python相关/数学建模常用算法（Python 程序及数据）/程序及数据/04第4章  概率论与数理统计(Python 程序及数据)/Pex4_14_1.py,数学建模Python相关,统计与数据处理,source-code,Python,.py,0.47,normal,1a3b52a494419f6b5d3c6d3cae4fda8d527f8914511551c61a7913ae51d7caa0,
数学建模Python相关/数学建模常用算法（Python 程序及数据）/程序及数据/04第4章  概率论与数理统计(Python 程序及数据)/Pex4_14_2.py,数学建模Python相关,统计与数据处理,source-code,Python,.py,0.31,normal,ffe20a24af800a2b7df9f3c570e91c578a795136479f816d2fd91223993bebb2,
数学建模Python相关/数学建模常用算法（Python 程序及数据）/程序及数据/04第4章  概率论与数理统计(Python 程序及数据)/Pex4_14_3.py,数学建模Python相关,统计与数据处理,source-code,Python,.py,0.27,normal,1ccda9e69c5342e9a775a94ba708780b465cf3705a8ab8cfe25c186e84c1a5f8,
数学建模Python相关/数学建模常用算法（Python 程序及数据）/程序及数据/04第4章  概率论与数理统计(Python 程序及数据)/Pex4_15.py,数学建模Python相关,统计与数据处理,source-code,Python,.py,0.42,normal,7d3625728b0ad92bba423107557e4d18e1ea1e954eb844268159581dba461f16,
数学建模Python相关/数学建模常用算法（Python 程序及数据）/程序及数据/04第4章  概率论与数理统计(Python 程序及数据)/Pex4_16.py,数学建模Python相关,统计与数据处理,source-code,Python,.py,0.23,normal,7f6124498612fc7b3f0c1becb2ee3bdebb1603d23c9483bbfb9f1718bf5d29e2,
数学建模Python相关/数学建模常用算法（Python 程序及数据）/程序及数据/04第4章  概率论与数理统计(Python 程序及数据)/Pex4_17.py,数学建模Python相关,统计与数据处理,source-code,Python,.py,0.3,normal,04ad2f3c3a6cc27dc0d6a03d79e7e2eef92d3cfbf0c358d2852e932c937ca277,
数学建模Python相关/数学建模常用算法（Python 程序及数据）/程序及数据/04第4章  概率论与数理统计(Python 程序及数据)/Pex4_18.py,数学建模Python相关,统计与数据处理,source-code,Python,.py,0.39,normal,b575a770f3f1a6514aba8376c68f2dee5455f78dc46e2992badf2a7d114db791,
数学建模Python相关/数学建模常用算法（Python 程序及数据）/程序及数据/04第4章  概率论与数理统计(Python 程序及数据)/Pex4_19.py,数学建模Python相关,统计与数据处理,source-code,Python,.py,0.31,normal,639eb266f702bbb65b690deed692ebf8b519620be792e50fe0d7c463a0db2a56,
数学建模Python相关/数学建模常用算法（Python 程序及数据）/程序及数据/04第4章  概率论与数理统计(Python 程序及数据)/Pex4_2.py,数学建模Python相关,统计与数据处理,source-code,Python,.py,0.68,normal,d479ba8553c2af6358277551c13c6ebe1a6dfc2ffc7900e5b638135fa4fe0e74,
数学建模Python相关/数学建模常用算法（Python 程序及数据）/程序及数据/04第4章  概率论与数理统计(Python 程序及数据)/Pex4_20.py,数学建模Python相关,统计与数据处理,source-code,Python,.py,1.03,normal,7de8a8a214df15d135839a55b5b9113d6ddee682bc238031f7e4142e9628dbfb,
数学建模Python相关/数学建模常用算法（Python 程序及数据）/程序及数据/04第4章  概率论与数理统计(Python 程序及数据)/Pex4_21.py,数学建模Python相关,统计与数据处理,source-code,Python,.py,0.37,normal,d35a4f1de64871ab1f6637c029df68df7c2d23b885b621a17549df7ec82b5366,
数学建模Python相关/数学建模常用算法（Python 程序及数据）/程序及数据/04第4章  概率论与数理统计(Python 程序及数据)/Pex4_22.py,数学建模Python相关,统计与数据处理,source-code,Python,.py,0.43,normal,71941c29d4dedce1b3e761849dbe338399b61b82cab45da0be4d0d6f2928619d,
数学建模Python相关/数学建模常用算法（Python 程序及数据）/程序及数据/04第4章  概率论与数理统计(Python 程序及数据)/Pex4_23.py,数学建模Python相关,统计与数据处理,source-code,Python,.py,0.4,normal,5af646fb7d623560770904847815bcf1bd18394e0a307660e09a28b5266e5181,
数学建模Python相关/数学建模常用算法（Python 程序及数据）/程序及数据/04第4章  概率论与数理统计(Python 程序及数据)/Pex4_24.py,数学建模Python相关,统计与数据处理,source-code,Python,.py,0.51,normal,bab8b3688ffc867836d3a9581a64aebfa02bf43456d05f7acb4ece9eb023b3cc,
数学建模Python相关/数学建模常用算法（Python 程序及数据）/程序及数据/04第4章  概率论与数理统计(Python 程序及数据)/Pex4_25_1.py,数学建模Python相关,统计与数据处理,source-code,Python,.py,0.64,normal,c7f88cea59ecfe282851468dc6d97e7f82d966993a6a9bb005474b8a524887dc,
数学建模Python相关/数学建模常用算法（Python 程序及数据）/程序及数据/04第4章  概率论与数理统计(Python 程序及数据)/Pex4_25_2.py,数学建模Python相关,统计与数据处理,source-code,Python,.py,0.41,normal,82dd8db9a613b4c44f4045cd0fb82e60790a9e0deac9a5547213984ae22a926c,
数学建模Python相关/数学建模常用算法（Python 程序及数据）/程序及数据/04第4章  概率论与数理统计(Python 程序及数据)/Pex4_25_3.py,数学建模Python相关,统计与数据处理,source-code,Python,.py,0.51,normal,ec6784b3705e3556ff64f75700d3222589021570fd221e965c888e2509c3c88f,
数学建模Python相关/数学建模常用算法（Python 程序及数据）/程序及数据/04第4章  概率论与数理统计(Python 程序及数据)/Pex4_26.py,数学建模Python相关,统计与数据处理,source-code,Python,.py,0.4,normal,977152151e3105d0476759b0f53578633b7f38aede95ded69b29a39388a8ae76,
数学建模Python相关/数学建模常用算法（Python 程序及数据）/程序及数据/04第4章  概率论与数理统计(Python 程序及数据)/Pex4_27.py,数学建模Python相关,统计与数据处理,source-code,Python,.py,0.24,normal,f7f3b52a438bcf1fd65ccf2c33364b6af4a8f845f0792f05b158e5f9bf1c8370,
数学建模Python相关/数学建模常用算法（Python 程序及数据）/程序及数据/04第4章  概率论与数理统计(Python 程序及数据)/Pex4_28.py,数学建模Python相关,统计与数据处理,source-code,Python,.py,0.33,normal,df9855c539574c1bfb146c4cf1311338a72e1cd1a9e879b67626b444c233b3ca,
数学建模Python相关/数学建模常用算法（Python 程序及数据）/程序及数据/04第4章  概率论与数理统计(Python 程序及数据)/Pex4_29.py,数学建模Python相关,统计与数据处理,source-code,Python,.py,0.5,normal,58804ed1d2743060c18670c221fefdca6dc60ee5f91d62e8413a542c2366fb4b,
数学建模Python相关/数学建模常用算法（Python 程序及数据）/程序及数据/04第4章  概率论与数理统计(Python 程序及数据)/Pex4_3.py,数学建模Python相关,统计与数据处理,source-code,Python,.py,0.12,normal,9a2a207afe6f16be7599f8d40dc07ed64fa2ba222d256052a55851b979ab35c6,
数学建模Python相关/数学建模常用算法（Python 程序及数据）/程序及数据/04第4章  概率论与数理统计(Python 程序及数据)/Pex4_30.py,数学建模Python相关,统计与数据处理,source-code,Python,.py,0.38,normal,e979ec07032f5cc5ef51edb120d82267866a83d7d181c9726131af8979af63c6,
数学建模Python相关/数学建模常用算法（Python 程序及数据）/程序及数据/04第4章  概率论与数理统计(Python 程序及数据)/Pex4_31.py,数学建模Python相关,统计与数据处理,source-code,Python,.py,1.24,normal,6a5e9c089e3f9002160aa6bee407706d6aa494f140e4be780942d700edfd1479,
数学建模Python相关/数学建模常用算法（Python 程序及数据）/程序及数据/04第4章  概率论与数理统计(Python 程序及数据)/Pex4_4.py,数学建模Python相关,统计与数据处理,source-code,Python,.py,0.26,normal,17b4730e0d5a5fa26cb0139eeae42b54998a4d93d0ddc643dfccb3aaecdcfb82,
数学建模Python相关/数学建模常用算法（Python 程序及数据）/程序及数据/04第4章  概率论与数理统计(Python 程序及数据)/Pex4_5.py,数学建模Python相关,统计与数据处理,source-code,Python,.py,0.44,normal,db28105ed01c1bfae019eb12bff0d193a9fdd5dc6c8143e8829d55624b89289d,
数学建模Python相关/数学建模常用算法（Python 程序及数据）/程序及数据/04第4章  概率论与数理统计(Python 程序及数据)/Pex4_6.py,数学建模Python相关,统计与数据处理,source-code,Python,.py,0.63,normal,b4a8c4e0f0dd020c63dcbefb8861459ac33d939f8bbb28e6c2d22242ddbc2a9a,
数学建模Python相关/数学建模常用算法（Python 程序及数据）/程序及数据/04第4章  概率论与数理统计(Python 程序及数据)/Pex4_7.py,数学建模Python相关,统计与数据处理,source-code,Python,.py,0.46,normal,49e0b3f6e6b5a83b27eb0a768abc9ea699e2835e6ec3c4955b491b41b1819e98,
数学建模Python相关/数学建模常用算法（Python 程序及数据）/程序及数据/04第4章  概率论与数理统计(Python 程序及数据)/Pex4_8.py,数学建模Python相关,统计与数据处理,source-code,Python,.py,0.49,normal,26c5e0a9e912b98092be26a0fb6769145c7ffb0ec893e7129c160abdde7a9898,
数学建模Python相关/数学建模常用算法（Python 程序及数据）/程序及数据/04第4章  概率论与数理统计(Python 程序及数据)/Pex4_9.py,数学建模Python相关,统计与数据处理,source-code,Python,.py,0.31,normal,46d49c040974bc2fd884bf8e55cce53dfa4f3ac5afc57e9aaf749d6671ff9d8a,
数学建模Python相关/数学建模常用算法（Python 程序及数据）/程序及数据/05第5章  线性规划(Python 程序及数据)/Pan5_1_1.py,数学建模Python相关,优化与规划,source-code,Python,.py,0.63,normal,91ef59720a3d92b90bf694cd46e13b62450a3786582a9590203e8e042820878a,
数学建模Python相关/数学建模常用算法（Python 程序及数据）/程序及数据/05第5章  线性规划(Python 程序及数据)/Pan5_1_2.py,数学建模Python相关,优化与规划,source-code,Python,.py,0.67,normal,955a1392a6f1abe740c0dc431b00e490a92e815abef1567087f4b413c1554c54,
数学建模Python相关/数学建模常用算法（Python 程序及数据）/程序及数据/05第5章  线性规划(Python 程序及数据)/Pan5_1_3.py,数学建模Python相关,优化与规划,source-code,Python,.py,0.51,normal,0af1a22b1e99f3b78d33d025c6ec309af33dc076abc3f93e89fdec46f03f49c3,
数学建模Python相关/数学建模常用算法（Python 程序及数据）/程序及数据/05第5章  线性规划(Python 程序及数据)/Pex5_1.py,数学建模Python相关,优化与规划,source-code,Python,.py,0.25,normal,b509ef32ad8fb4d234b6c6194a31253ecf9c9ecbe859fc037cf8677c571af430,
数学建模Python相关/数学建模常用算法（Python 程序及数据）/程序及数据/05第5章  线性规划(Python 程序及数据)/Pex5_2_1.py,数学建模Python相关,优化与规划,source-code,Python,.py,0.35,normal,7b7c76df95f0461ea3bb9ca0dd9638de39f1f22633d2b61630cd71f62a843310,
数学建模Python相关/数学建模常用算法（Python 程序及数据）/程序及数据/05第5章  线性规划(Python 程序及数据)/Pex5_2_2.py,数学建模Python相关,优化与规划,source-code,Python,.py,0.46,normal,f17938d99da463e83e8ee4d52ec42c4bd4589e951f2e4c77f3895677ddac892e,
数学建模Python相关/数学建模常用算法（Python 程序及数据）/程序及数据/05第5章  线性规划(Python 程序及数据)/Pex5_3.py,数学建模Python相关,优化与规划,source-code,Python,.py,0.36,normal,21e607bd93fbfd7b55ff2d1f78470af65623bdf1d7781ee92d7fccf6ea602484,
数学建模Python相关/数学建模常用算法（Python 程序及数据）/程序及数据/05第5章  线性规划(Python 程序及数据)/Pex5_4.py,数学建模Python相关,优化与规划,source-code,Python,.py,0.27,normal,94708109a8e353a1770cc83dfddd2f327fb13286afa05b6ae64e27308b152b5b,
数学建模Python相关/数学建模常用算法（Python 程序及数据）/程序及数据/05第5章  线性规划(Python 程序及数据)/Pex5_5.py,数学建模Python相关,优化与规划,source-code,Python,.py,0.33,normal,a99d27bca81040fec272119d3c956e763660f3bfce643e17ddd110a2e856a2c1,
数学建模Python相关/数学建模常用算法（Python 程序及数据）/程序及数据/05第5章  线性规划(Python 程序及数据)/Pex5_6.py,数学建模Python相关,优化与规划,source-code,Python,.py,0.57,normal,89fa6d974026f66f7463deafb6602669e3ae9efafa765986c4269df2ca2bbd8f,
数学建模Python相关/数学建模常用算法（Python 程序及数据）/程序及数据/05第5章  线性规划(Python 程序及数据)/Pex5_7.py,数学建模Python相关,优化与规划,source-code,Python,.py,0.27,normal,262a87b7be5539599b9326e615517bb1e2590e240c8d23a72130ebf289872684,
数学建模Python相关/数学建模常用算法（Python 程序及数据）/程序及数据/05第5章  线性规划(Python 程序及数据)/Pex5_7_2.py,数学建模Python相关,优化与规划,source-code,Python,.py,0.27,normal,793a5315d2fa2d2054e0a98929d44e9d975241e372eaec3c1c015bd9d7ee1d89,
数学建模Python相关/数学建模常用算法（Python 程序及数据）/程序及数据/06第6章  整数规划与非线性规划(Python 程序及数据)/Pan6_1_1.py,数学建模Python相关,优化与规划,source-code,Python,.py,0.77,normal,600f7b269d1db3a4f72b35ffbd598dbb9092676179c44c6620ce98861deb368c,
数学建模Python相关/数学建模常用算法（Python 程序及数据）/程序及数据/06第6章  整数规划与非线性规划(Python 程序及数据)/Pan6_1_2.py,数学建模Python相关,优化与规划,source-code,Python,.py,0.59,normal,ff2dec2f920f405e9725611bde48cb2d03372342b7d11475d1582486fc2f5375,
数学建模Python相关/数学建模常用算法（Python 程序及数据）/程序及数据/06第6章  整数规划与非线性规划(Python 程序及数据)/Pex6_1.py,数学建模Python相关,优化与规划,source-code,Python,.py,0.53,normal,0630441934b2e00a8e5cd437e1c487f655576a02a2191770aa35adf3c936fd03,
数学建模Python相关/数学建模常用算法（Python 程序及数据）/程序及数据/06第6章  整数规划与非线性规划(Python 程序及数据)/Pex6_2.py,数学建模Python相关,优化与规划,source-code,Python,.py,0.54,normal,d30edc19cce5b6512d770c4a2fd7340a626b65e2f0c361c6aef08fccc67b5ed6,
数学建模Python相关/数学建模常用算法（Python 程序及数据）/程序及数据/06第6章  整数规划与非线性规划(Python 程序及数据)/Pex6_3_1.py,数学建模Python相关,优化与规划,source-code,Python,.py,0.51,normal,bdd36a78a1ddb44672588e197c12606c80dae848dd1aa2e8dd31f53ce02fed70,
数学建模Python相关/数学建模常用算法（Python 程序及数据）/程序及数据/06第6章  整数规划与非线性规划(Python 程序及数据)/Pex6_3_2.py,数学建模Python相关,优化与规划,source-code,Python,.py,0.51,normal,6d1d9c00edfcd7101f46a7cfddc542ffd1299ec57d3efe4ec9d3e38d77cef296,
数学建模Python相关/数学建模常用算法（Python 程序及数据）/程序及数据/06第6章  整数规划与非线性规划(Python 程序及数据)/Pex6_4.py,数学建模Python相关,优化与规划,source-code,Python,.py,0.38,normal,cc85dd25c24b513b4d7a3bd72b682d4a7b096ac4ead43c0041b8e489820ee2eb,
数学建模Python相关/数学建模常用算法（Python 程序及数据）/程序及数据/06第6章  整数规划与非线性规划(Python 程序及数据)/Pex6_5.py,数学建模Python相关,优化与规划,source-code,Python,.py,0.46,normal,cb3ad665745630a7dee29470a06f0a9e704b3fb914b289e952e035b207e15b7d,
数学建模Python相关/数学建模常用算法（Python 程序及数据）/程序及数据/06第6章  整数规划与非线性规划(Python 程序及数据)/Pex6_6.py,数学建模Python相关,优化与规划,source-code,Python,.py,0.35,normal,069a4aa40357042dcdab4e115cc90f44d6239d4bf606b39d8ff3ab05ce68925b,
数学建模Python相关/数学建模常用算法（Python 程序及数据）/程序及数据/06第6章  整数规划与非线性规划(Python 程序及数据)/Pex6_7.py,数学建模Python相关,优化与规划,source-code,Python,.py,0.44,normal,946861db9c2945b5d03d4e849ed95d83a7837d5d9381e480b3794e8b090c5882,
数学建模Python相关/数学建模常用算法（Python 程序及数据）/程序及数据/07第7章  插值与拟合(Python 程序及数据)/laglangri.py,数学建模Python相关,统计与数据处理,source-code,Python,.py,0.25,normal,59e4a0a100cfe9f3946fc9367523ffe4b69fa607d915a593318fe961fb4dccea,
数学建模Python相关/数学建模常用算法（Python 程序及数据）/程序及数据/07第7章  插值与拟合(Python 程序及数据)/newton.py,数学建模Python相关,统计与数据处理,source-code,Python,.py,2.74,normal,5296d871f21d781df0a4c76a580b2d709798b9ea9ed9c94e6419759cf2514980,
数学建模Python相关/数学建模常用算法（Python 程序及数据）/程序及数据/07第7章  插值与拟合(Python 程序及数据)/Pex7_10.py,数学建模Python相关,统计与数据处理,source-code,Python,.py,0.83,normal,f25c34675b4f986ac06853bf2dbca8ae165c24ad0a96430447f16fe193eff73e,
数学建模Python相关/数学建模常用算法（Python 程序及数据）/程序及数据/07第7章  插值与拟合(Python 程序及数据)/Pex7_4.py,数学建模Python相关,统计与数据处理,source-code,Python,.py,0.57,normal,3e11b1c0be43c49b12649807ce42e72797e643e7b62091e72b87fe74d7454719,
数学建模Python相关/数学建模常用算法（Python 程序及数据）/程序及数据/07第7章  插值与拟合(Python 程序及数据)/Pex7_5.py,数学建模Python相关,统计与数据处理,source-code,Python,.py,1.33,normal,ddcbfec5062459e9b5a38c782dfabc4c64d3855f95334069db1510c65c6e8ed9,
数学建模Python相关/数学建模常用算法（Python 程序及数据）/程序及数据/07第7章  插值与拟合(Python 程序及数据)/Pex7_6.py,数学建模Python相关,统计与数据处理,source-code,Python,.py,0.87,normal,898d58de57be80255ff66a88adcf1a4298af730ef6e562b76eaa117e69a453c1,
数学建模Python相关/数学建模常用算法（Python 程序及数据）/程序及数据/07第7章  插值与拟合(Python 程序及数据)/Pex7_7.py,数学建模Python相关,统计与数据处理,source-code,Python,.py,0.48,normal,d1297b56aa33b435592f37bd333b66e975ffdf4958f1052e4e75b18728060f89,
数学建模Python相关/数学建模常用算法（Python 程序及数据）/程序及数据/07第7章  插值与拟合(Python 程序及数据)/Pex7_8.py,数学建模Python相关,统计与数据处理,source-code,Python,.py,0.36,normal,05e76bcec7c9870c6696cff3d77326b7e1934818f37a569ea863ac46656508af,
数学建模Python相关/数学建模常用算法（Python 程序及数据）/程序及数据/07第7章  插值与拟合(Python 程序及数据)/Pex7_9.py,数学建模Python相关,统计与数据处理,source-code,Python,.py,0.36,normal,7a175b1ef3144590b9073b454b4711b1da42d4265e590efaa380b93fade40e83,
数学建模Python相关/数学建模常用算法（Python 程序及数据）/程序及数据/07第7章  插值与拟合(Python 程序及数据)/Pfun7_1.py,数学建模Python相关,统计与数据处理,source-code,Python,.py,0.26,normal,4fa624d0629a5551e9ed6e2d3985aab0ddf0e6aded86cb06a52e509898818016,
数学建模Python相关/数学建模常用算法（Python 程序及数据）/程序及数据/07第7章  插值与拟合(Python 程序及数据)/Pfun7_2.py,数学建模Python相关,统计与数据处理,source-code,Python,.py,0.16,normal,207e0f258c27e7528584384583b477b49976792efc330ae232c99959c8ba3a24,
数学建模Python相关/数学建模常用算法（Python 程序及数据）/程序及数据/07第7章  插值与拟合(Python 程序及数据)/Pfun7_3.py,数学建模Python相关,统计与数据处理,source-code,Python,.py,0.47,normal,e3ca4a5aa2f6633e2e1d80c93ae84e7be62f734a817822388bf9bf0957f7264d,
数学建模Python相关/数学建模常用算法（Python 程序及数据）/程序及数据/08第8章  微分方程模型(Python 程序及数据)/Pan8_1.py,数学建模Python相关,微分与差分方程,source-code,Python,.py,0.28,normal,2b0470ecfbcc88a5e27e13c01f3e14dabe023431d51c928973ec28ff5f06b2c8,
数学建模Python相关/数学建模常用算法（Python 程序及数据）/程序及数据/08第8章  微分方程模型(Python 程序及数据)/Pex8_1.py,数学建模Python相关,微分与差分方程,source-code,Python,.py,0.27,normal,5435dccb6efa534e7d8d685c36dd58dfa0d5bf2bf4ed0100768f07f77206ffaa,
数学建模Python相关/数学建模常用算法（Python 程序及数据）/程序及数据/08第8章  微分方程模型(Python 程序及数据)/Pex8_10_1.py,数学建模Python相关,微分与差分方程,source-code,Python,.py,0.96,normal,6a22a3ce143624818e87e183ec84a712207e994018300fb1009fb2f3e5e03d81,
数学建模Python相关/数学建模常用算法（Python 程序及数据）/程序及数据/08第8章  微分方程模型(Python 程序及数据)/Pex8_10_2.py,数学建模Python相关,微分与差分方程,source-code,Python,.py,0.55,normal,e8c33f21eed835c2880a511cb1b2bec88a9c2cb48537b442f5110b2ae07f19c6,
数学建模Python相关/数学建模常用算法（Python 程序及数据）/程序及数据/08第8章  微分方程模型(Python 程序及数据)/Pex8_11.py,数学建模Python相关,微分与差分方程,source-code,Python,.py,0.61,normal,4bd28ea0097973eac7d95ff641984b8b975407a20455a4c11dd417f274963643,
数学建模Python相关/数学建模常用算法（Python 程序及数据）/程序及数据/08第8章  微分方程模型(Python 程序及数据)/Pex8_12.py,数学建模Python相关,微分与差分方程,source-code,Python,.py,0.85,normal,4da19b4195ec73dbec805fc3ffc2c3e63435a6f65e0912afae2b40a9cc5ef20c,
数学建模Python相关/数学建模常用算法（Python 程序及数据）/程序及数据/08第8章  微分方程模型(Python 程序及数据)/Pex8_2.py,数学建模Python相关,微分与差分方程,source-code,Python,.py,0.29,normal,ee6d35e5673baf3e293f72555a655b98ac70ba170baf99f084203531f2120d96,
数学建模Python相关/数学建模常用算法（Python 程序及数据）/程序及数据/08第8章  微分方程模型(Python 程序及数据)/Pex8_3_1.py,数学建模Python相关,微分与差分方程,source-code,Python,.py,0.31,normal,2505811b0e50af81c5112d8d0bfc3457d8c9af47de9d5710d340e164905a613d,
数学建模Python相关/数学建模常用算法（Python 程序及数据）/程序及数据/08第8章  微分方程模型(Python 程序及数据)/Pex8_3_2.py,数学建模Python相关,微分与差分方程,source-code,Python,.py,0.26,normal,69bb52ecf4bfbd1840d4092f130fadc021b62577e63ef72d7db2328a849033b2,
数学建模Python相关/数学建模常用算法（Python 程序及数据）/程序及数据/08第8章  微分方程模型(Python 程序及数据)/Pex8_4.py,数学建模Python相关,微分与差分方程,source-code,Python,.py,0.21,normal,fb4e6e3f31e83122c72e88647d07c3ed10801440a783bbf9673e28f09ad96d7d,
数学建模Python相关/数学建模常用算法（Python 程序及数据）/程序及数据/08第8章  微分方程模型(Python 程序及数据)/Pex8_5.py,数学建模Python相关,微分与差分方程,source-code,Python,.py,0.51,normal,c8f29eaf47fcb0d6f76b0c082fedb83b6484e11f0dbc6f512a7ebf4a724754cf,
数学建模Python相关/数学建模常用算法（Python 程序及数据）/程序及数据/08第8章  微分方程模型(Python 程序及数据)/Pex8_6.py,数学建模Python相关,微分与差分方程,source-code,Python,.py,0.94,normal,c0c6c2909f9c5a2beece99106d60113b3edfe5c82e65a8731aa90d3c7565a693,
数学建模Python相关/数学建模常用算法（Python 程序及数据）/程序及数据/08第8章  微分方程模型(Python 程序及数据)/Pex8_7.py,数学建模Python相关,微分与差分方程,source-code,Python,.py,0.52,normal,b1d8dbe1996324a537bc2825916fa1d98c13c84d836a2f1b46258b0776d37e22,
数学建模Python相关/数学建模常用算法（Python 程序及数据）/程序及数据/08第8章  微分方程模型(Python 程序及数据)/Pex8_8.py,数学建模Python相关,微分与差分方程,source-code,Python,.py,0.32,normal,06be671104d1d1d0d95d5fc2821b19f2ba85e74affd3ce5eccc4103cc81631a3,
数学建模Python相关/数学建模常用算法（Python 程序及数据）/程序及数据/08第8章  微分方程模型(Python 程序及数据)/Pex8_9.py,数学建模Python相关,微分与差分方程,source-code,Python,.py,0.14,normal,0d2b4107ccad46a14829de69bbb09db8764358ae3ccb67ac283b850fb2806f9e,
数学建模Python相关/数学建模常用算法（Python 程序及数据）/程序及数据/09第9章  综合评价方法(Python 程序及数据)/Pan9_1.py,数学建模Python相关,评价与决策,source-code,Python,.py,0.89,normal,dedb5b0cd2d1ad54ed86751e2437eaf1dfc0ebfb234febc69b0671fa207ec7eb,
数学建模Python相关/数学建模常用算法（Python 程序及数据）/程序及数据/09第9章  综合评价方法(Python 程序及数据)/Pex9_1.py,数学建模Python相关,评价与决策,source-code,Python,.py,0.98,normal,0b97c65ce09cdfc09bf8871c4c009234057e7bd58783fad3bfe6faadad1439e3,
数学建模Python相关/数学建模常用算法（Python 程序及数据）/程序及数据/09第9章  综合评价方法(Python 程序及数据)/Pex9_2.py,数学建模Python相关,评价与决策,source-code,Python,.py,1.31,normal,dae6d81eeb489470e6085d38e726b9c494d2d7167e65a02eecf107fec6d5e37d,
数学建模Python相关/数学建模常用算法（Python 程序及数据）/程序及数据/10第10章  图论模型(Python 程序及数据)/mydijkstra.py,数学建模Python相关,图论与排队,source-code,Python,.py,1.08,normal,dab979f21e46b538929045e5c4bbe6e37fe2dad7eac711b7a66a1a991eea162a,
数学建模Python相关/数学建模常用算法（Python 程序及数据）/程序及数据/10第10章  图论模型(Python 程序及数据)/mydijkstra1.py,数学建模Python相关,图论与排队,source-code,Python,.py,1.53,normal,1d77c33136edc868b154899c1b14f20a3d07dbf2a9fe781d783218a8f48f53b4,
数学建模Python相关/数学建模常用算法（Python 程序及数据）/程序及数据/10第10章  图论模型(Python 程序及数据)/mydijkstra2.py,数学建模Python相关,图论与排队,source-code,Python,.py,1.5,normal,bb28c07321620d5025b89af520208167f3377eefae7561f3e1e98a7629237c32,
数学建模Python相关/数学建模常用算法（Python 程序及数据）/程序及数据/10第10章  图论模型(Python 程序及数据)/mydijkstra3.py,数学建模Python相关,图论与排队,source-code,Python,.py,1.45,normal,0af3a29dcb895b3cf0a510fd61aa4247528f9b1f5ac49e07349773744675b293,
数学建模Python相关/数学建模常用算法（Python 程序及数据）/程序及数据/10第10章  图论模型(Python 程序及数据)/mydijkstra4.py,数学建模Python相关,图论与排队,source-code,Python,.py,1.45,normal,41e0ba0d0b1381e01f0908279f5de9cc1469bddb8d25b3efd9d47889d525d3a1,
数学建模Python相关/数学建模常用算法（Python 程序及数据）/程序及数据/10第10章  图论模型(Python 程序及数据)/mydijkstra5.py,数学建模Python相关,图论与排队,source-code,Python,.py,1.44,normal,0be3f35939c4cd113d18ed747f391b229b15c319ef30338fac20a0537f7ace49,
数学建模Python相关/数学建模常用算法（Python 程序及数据）/程序及数据/10第10章  图论模型(Python 程序及数据)/mydijkstra6.py,数学建模Python相关,图论与排队,source-code,Python,.py,1.55,normal,953cae0079bdaaff4a33d651774d0ef51d4a949f2a963d78e223fccc9fc7040f,
数学建模Python相关/数学建模常用算法（Python 程序及数据）/程序及数据/10第10章  图论模型(Python 程序及数据)/myfloyd.py,数学建模Python相关,图论与排队,source-code,Python,.py,0.69,normal,6e56eff6af87278d48bc8d093231713afe6f06f4295afdce323c3ac98b929563,
数学建模Python相关/数学建模常用算法（Python 程序及数据）/程序及数据/10第10章  图论模型(Python 程序及数据)/Pex10_10.py,数学建模Python相关,图论与排队,source-code,Python,.py,0.65,normal,de68538fe91d8828bad1e6af79cd64b0bbc0c0beb7960a0b654c3a4cceea3878,
数学建模Python相关/数学建模常用算法（Python 程序及数据）/程序及数据/10第10章  图论模型(Python 程序及数据)/Pex10_13.py,数学建模Python相关,图论与排队,source-code,Python,.py,0.6,normal,e910b7515dd21db9b8510e8bebe5fd4daccb422ca7f0ebd94d570e6b70eff67f,
数学建模Python相关/数学建模常用算法（Python 程序及数据）/程序及数据/10第10章  图论模型(Python 程序及数据)/Pex10_14.py,数学建模Python相关,图论与排队,source-code,Python,.py,0.79,normal,d87c95988054860d0695988ae023cc823b6ed9af43066fc16dd135f208c1e04e,
数学建模Python相关/数学建模常用算法（Python 程序及数据）/程序及数据/10第10章  图论模型(Python 程序及数据)/Pex10_15.py,数学建模Python相关,图论与排队,source-code,Python,.py,0.66,normal,ac9c36529dd3332afc87f03decf7c2f3c722f0a41f5ecba8ed48b7fdb00f580c,
数学建模Python相关/数学建模常用算法（Python 程序及数据）/程序及数据/10第10章  图论模型(Python 程序及数据)/Pex10_16.py,数学建模Python相关,图论与排队,source-code,Python,.py,1.08,normal,212206c212a56bce3cff819f273769511a53bfc5231a62e92b1fffaf85723dac,
数学建模Python相关/数学建模常用算法（Python 程序及数据）/程序及数据/10第10章  图论模型(Python 程序及数据)/Pex10_17.py,数学建模Python相关,图论与排队,source-code,Python,.py,0.62,normal,273450bed37c5e0232de53b55a5275d9e956ea0534d2b4db17016a08b1328215,
数学建模Python相关/数学建模常用算法（Python 程序及数据）/程序及数据/10第10章  图论模型(Python 程序及数据)/Pex10_18.py,数学建模Python相关,图论与排队,source-code,Python,.py,0.84,normal,e3d250da14fad648d30791af8885aad4101d4458e093d7baeede7f0939d3c10d,
数学建模Python相关/数学建模常用算法（Python 程序及数据）/程序及数据/10第10章  图论模型(Python 程序及数据)/Pex10_19.py,数学建模Python相关,图论与排队,source-code,Python,.py,0.7,normal,2db4bd468a34388efa6ac9fe97eeaf3679aaca30243fa50933c6d41e3ded7052,
数学建模Python相关/数学建模常用算法（Python 程序及数据）/程序及数据/10第10章  图论模型(Python 程序及数据)/Pex10_2_1.py,数学建模Python相关,图论与排队,source-code,Python,.py,0.89,normal,167d3101c16d505ac957d518dce13754b73220ddcb797cf232fb8aa14e55c5b7,
数学建模Python相关/数学建模常用算法（Python 程序及数据）/程序及数据/10第10章  图论模型(Python 程序及数据)/Pex10_2_2.py,数学建模Python相关,图论与排队,source-code,Python,.py,0.44,normal,c1a7ae0d7e0c72c579aeb0b4a25174ee47c85c82edd805a3e69d7e381c8c1314,
数学建模Python相关/数学建模常用算法（Python 程序及数据）/程序及数据/10第10章  图论模型(Python 程序及数据)/Pex10_3.py,数学建模Python相关,图论与排队,source-code,Python,.py,0.4,normal,d49c69a77f2cf897659526d74242af8062022350565373d29f772b8c186c9873,
数学建模Python相关/数学建模常用算法（Python 程序及数据）/程序及数据/10第10章  图论模型(Python 程序及数据)/Pex10_4.py,数学建模Python相关,图论与排队,source-code,Python,.py,0.5,normal,ee0b2632a6680506452ae5de58e9fe0f4ef915c2afffee3124bc5d58173b7ea7,
数学建模Python相关/数学建模常用算法（Python 程序及数据）/程序及数据/10第10章  图论模型(Python 程序及数据)/Pex10_5.py,数学建模Python相关,图论与排队,source-code,Python,.py,1.58,normal,bab5c6aa61c525c8f19d4af06c0cd9095d2bf1f1adad963e93b8759d369604f8,
数学建模Python相关/数学建模常用算法（Python 程序及数据）/程序及数据/10第10章  图论模型(Python 程序及数据)/Pex10_6.py,数学建模Python相关,图论与排队,source-code,Python,.py,0.57,normal,7f22b0e8abea56e9b3fdb4d04a7af3fa7eef2106c91b81be07cefed289bd658c,
数学建模Python相关/数学建模常用算法（Python 程序及数据）/程序及数据/10第10章  图论模型(Python 程序及数据)/Pex10_7.py,数学建模Python相关,图论与排队,source-code,Python,.py,0.75,normal,e2b8b15a754bda13742255c04c74f5b8f09f30948fce31a9c9522b68675a9cc3,
数学建模Python相关/数学建模常用算法（Python 程序及数据）/程序及数据/10第10章  图论模型(Python 程序及数据)/Pex10_8.py,数学建模Python相关,图论与排队,source-code,Python,.py,0.93,normal,bf802d869de04295f6ed5ed1f3d20a90b1f4fa73f011435c67b4514f6c2812d0,
数学建模Python相关/数学建模常用算法（Python 程序及数据）/程序及数据/10第10章  图论模型(Python 程序及数据)/Pex10_9.py,数学建模Python相关,图论与排队,source-code,Python,.py,1.03,normal,35ab5b315e39b20817502c5f39b8459aaa46d2f8b01edbcb2a2f71b38f355d3e,
数学建模Python相关/数学建模常用算法（Python 程序及数据）/程序及数据/11第11章  多元分析Python 程序及数据）/Pan11_1.py,数学建模Python相关,待人工分类,source-code,Python,.py,1.63,normal,67a34b860ab5433cf22b7b316aebf904cee6c0d87368ee55b6db4307136a1dbc,
数学建模Python相关/数学建模常用算法（Python 程序及数据）/程序及数据/11第11章  多元分析Python 程序及数据）/Pan11_2.py,数学建模Python相关,待人工分类,source-code,Python,.py,1.02,normal,300341a9ccdbd606e4115309e510c178454fd78fdf0edbd1d2c25e0b74fd2eb2,
数学建模Python相关/数学建模常用算法（Python 程序及数据）/程序及数据/11第11章  多元分析Python 程序及数据）/Pex11_1.py,数学建模Python相关,待人工分类,source-code,Python,.py,0.96,normal,4efc7be504c33e02d60f9dce29046d076750d12cb514e4cfa5cebd10900d9b6e,
数学建模Python相关/数学建模常用算法（Python 程序及数据）/程序及数据/11第11章  多元分析Python 程序及数据）/Pex11_10.py,数学建模Python相关,待人工分类,source-code,Python,.py,0.21,normal,153aa24976100c97c6e66cc40d2b520a27d53f2211563605dca632e061270514,
数学建模Python相关/数学建模常用算法（Python 程序及数据）/程序及数据/11第11章  多元分析Python 程序及数据）/Pex11_11.py,数学建模Python相关,待人工分类,source-code,Python,.py,0.51,normal,70a1cc2eb820b9389aaa166532482cf863adc365b227bcc2a6c7c2cc2e472f4a,
数学建模Python相关/数学建模常用算法（Python 程序及数据）/程序及数据/11第11章  多元分析Python 程序及数据）/Pex11_12.py,数学建模Python相关,待人工分类,source-code,Python,.py,0.46,normal,4067e1dc0d4b1218b639c705c1118573e0281c5c02f4c9f24aad852a397d196d,
数学建模Python相关/数学建模常用算法（Python 程序及数据）/程序及数据/11第11章  多元分析Python 程序及数据）/Pex11_13.py,数学建模Python相关,待人工分类,source-code,Python,.py,0.36,normal,fe6cf8a3252d87f14941aa1b44afab34f0c8dad30581883320b55394dc3a2c4c,
数学建模Python相关/数学建模常用算法（Python 程序及数据）/程序及数据/11第11章  多元分析Python 程序及数据）/Pex11_14.py,数学建模Python相关,待人工分类,source-code,Python,.py,1.02,normal,7a02e751714f852179a384c9969da5522e84612857f39c91019a54c90dcc90b0,
数学建模Python相关/数学建模常用算法（Python 程序及数据）/程序及数据/11第11章  多元分析Python 程序及数据）/Pex11_2.py,数学建模Python相关,待人工分类,source-code,Python,.py,0.56,normal,8c236a53d9bba78cefab2b181a387a74438b8d775699cac8b98578d92aa519b9,
数学建模Python相关/数学建模常用算法（Python 程序及数据）/程序及数据/11第11章  多元分析Python 程序及数据）/Pex11_3.py,数学建模Python相关,待人工分类,source-code,Python,.py,0.65,normal,cafdc18c81f1bcf12f1302021b4ee75385f149f70acdd2ce63d9b49b82d88335,
数学建模Python相关/数学建模常用算法（Python 程序及数据）/程序及数据/11第11章  多元分析Python 程序及数据）/Pex11_4.py,数学建模Python相关,待人工分类,source-code,Python,.py,0.47,normal,f3e338ead6c71666194b93178f3bc0d238997fadc7b8428332b8db871676b872,
数学建模Python相关/数学建模常用算法（Python 程序及数据）/程序及数据/11第11章  多元分析Python 程序及数据）/Pex11_5.py,数学建模Python相关,待人工分类,source-code,Python,.py,0.6,normal,ac85a5943a0318121e7148ed34b46d8b2edfc5e99f94c1a301b925332cf0b122,
数学建模Python相关/数学建模常用算法（Python 程序及数据）/程序及数据/11第11章  多元分析Python 程序及数据）/Pex11_6.py,数学建模Python相关,待人工分类,source-code,Python,.py,0.42,normal,356e3c86ba91d4123f9696a73a0d98c916c9c484173bc08e4a258546121e0d0f,
数学建模Python相关/数学建模常用算法（Python 程序及数据）/程序及数据/11第11章  多元分析Python 程序及数据）/Pex11_7.py,数学建模Python相关,待人工分类,source-code,Python,.py,0.71,normal,3bb11f4f4ba24312364d7d6c6258c9a45ed02c1b836558f34331877736bfbe3f,
数学建模Python相关/数学建模常用算法（Python 程序及数据）/程序及数据/11第11章  多元分析Python 程序及数据）/Pex11_8.py,数学建模Python相关,待人工分类,source-code,Python,.py,0.87,normal,05c494384bc53ae114f2b2e454f16fc5e5d35ea7af8060174afea42507a7200c,
数学建模Python相关/数学建模常用算法（Python 程序及数据）/程序及数据/11第11章  多元分析Python 程序及数据）/Pex11_9.py,数学建模Python相关,待人工分类,source-code,Python,.py,0.59,normal,8f3678cbcb9b9e3e62e8582dac07fe4baae2d680b8e5880b02b31e95d23f64a2,
数学建模Python相关/数学建模常用算法（Python 程序及数据）/程序及数据/11第11章  多元分析Python 程序及数据）/Pz11_1.py,数学建模Python相关,待人工分类,source-code,Python,.py,1.06,normal,51fd67b39bbe72155521d9c7add040c935d6746e75761db8c7435dc869d6830d,
数学建模Python相关/数学建模常用算法（Python 程序及数据）/程序及数据/11第11章  多元分析Python 程序及数据）/Pz11_2.py,数学建模Python相关,待人工分类,source-code,Python,.py,0.51,normal,0a3a639cdb96f13b1113cb9d8b1bdbb3ff0e430e6892c51e2ef3efcc8a2a896b,
数学建模Python相关/数学建模常用算法（Python 程序及数据）/程序及数据/11第11章  多元分析Python 程序及数据）/Pz11_3.py,数学建模Python相关,待人工分类,source-code,Python,.py,0.62,normal,e678faaf90ea139446efdc28b77db5841243c778d22ae069b54450b0d1911efc,
数学建模Python相关/数学建模常用算法（Python 程序及数据）/程序及数据/12第12章  回归分析（Python 程序及数据）/Pex12_1.py,数学建模Python相关,预测与时间序列,source-code,Python,.py,0.46,normal,dabb14d085cf403926112d309cdcd45c767c44194b95704bc4ea7a02e06a41c7,
数学建模Python相关/数学建模常用算法（Python 程序及数据）/程序及数据/12第12章  回归分析（Python 程序及数据）/Pex12_10.py,数学建模Python相关,预测与时间序列,source-code,Python,.py,0.38,normal,353ee133a62ef55dfbfe05a04086ec0450c5fd97740d359b8d02640e5113f451,
数学建模Python相关/数学建模常用算法（Python 程序及数据）/程序及数据/12第12章  回归分析（Python 程序及数据）/Pex12_2_1.py,数学建模Python相关,预测与时间序列,source-code,Python,.py,0.44,normal,b7cb19a97a2ce951418a4b4178de1b7c0995d70752f2d56eaaf42eba48844ab0,
数学建模Python相关/数学建模常用算法（Python 程序及数据）/程序及数据/12第12章  回归分析（Python 程序及数据）/Pex12_2_2.py,数学建模Python相关,预测与时间序列,source-code,Python,.py,0.47,normal,7c9e0127c1de13196316a2c6a5f6d90537e3ab512d518cf7b8be749541c4d751,
数学建模Python相关/数学建模常用算法（Python 程序及数据）/程序及数据/12第12章  回归分析（Python 程序及数据）/Pex12_3.py,数学建模Python相关,预测与时间序列,source-code,Python,.py,0.61,normal,e65088bfee1956bc67887a44947b67373f1ea25c77478a4996de4ac65531d950,
数学建模Python相关/数学建模常用算法（Python 程序及数据）/程序及数据/12第12章  回归分析（Python 程序及数据）/Pex12_4.py,数学建模Python相关,预测与时间序列,source-code,Python,.py,1.27,normal,80e8af8e8b8027491701253972994cac0f91a642b10edf498fd30f6e8205303a,
数学建模Python相关/数学建模常用算法（Python 程序及数据）/程序及数据/12第12章  回归分析（Python 程序及数据）/Pex12_5.py,数学建模Python相关,预测与时间序列,source-code,Python,.py,1.29,normal,c2615a917be68f8a1e8ab97a7dfdc421c4dd5c6b77e7257fc27ce04e08c2e8a3,
数学建模Python相关/数学建模常用算法（Python 程序及数据）/程序及数据/12第12章  回归分析（Python 程序及数据）/Pex12_6.py,数学建模Python相关,预测与时间序列,source-code,Python,.py,1.36,normal,6d6818ff47c10d44816fe0443841b42559bb6bc87e925b279ef4f5f99868510b,
数学建模Python相关/数学建模常用算法（Python 程序及数据）/程序及数据/12第12章  回归分析（Python 程序及数据）/Pex12_7.py,数学建模Python相关,预测与时间序列,source-code,Python,.py,0.49,normal,d02ac7c5fe61ca659a2ce83a448d3bd60e65813311f87dcfb12029240ae03c62,
数学建模Python相关/数学建模常用算法（Python 程序及数据）/程序及数据/12第12章  回归分析（Python 程序及数据）/Pex12_8.py,数学建模Python相关,预测与时间序列,source-code,Python,.py,0.22,normal,be20f59152068b730b9bd497d864f5c11e08d024ddfdf77449dd7554bec5f90e,
数学建模Python相关/数学建模常用算法（Python 程序及数据）/程序及数据/12第12章  回归分析（Python 程序及数据）/Pex12_9.py,数学建模Python相关,预测与时间序列,source-code,Python,.py,0.4,normal,70143e759520242264fa54dc7543dadde7f0930b2bb5810f0b882de74fe8d207,
数学建模Python相关/数学建模常用算法（Python 程序及数据）/程序及数据/13第13章  差分方程模型（Python 程序及数据）/Pex13_1.py,数学建模Python相关,微分与差分方程,source-code,Python,.py,0.17,normal,14ab546a7b0914cb717b4220d16601d2b55e44023f7397f9d2752992df0afc41,
数学建模Python相关/数学建模常用算法（Python 程序及数据）/程序及数据/13第13章  差分方程模型（Python 程序及数据）/Pex13_2.py,数学建模Python相关,微分与差分方程,source-code,Python,.py,0.17,normal,aa1823a850796cf4997db2e9c0afaac4137dbd0b4cb520a3ccf7c36cb8797b57,
数学建模Python相关/数学建模常用算法（Python 程序及数据）/程序及数据/13第13章  差分方程模型（Python 程序及数据）/Pex13_3.py,数学建模Python相关,微分与差分方程,source-code,Python,.py,0.3,normal,e0f887f40aa9a4cbbe0c5bc121b7a79261e9559ca667764ea5526cc9cf7e7b62,
数学建模Python相关/数学建模常用算法（Python 程序及数据）/程序及数据/13第13章  差分方程模型（Python 程序及数据）/Pex13_4.py,数学建模Python相关,微分与差分方程,source-code,Python,.py,0.87,normal,6534005b62729bf01d8dc6fdc936737f3001db2adfc39b4ffaaf75fbc4aa3fd7,
数学建模Python相关/数学建模常用算法（Python 程序及数据）/程序及数据/13第13章  差分方程模型（Python 程序及数据）/Pex13_5.py,数学建模Python相关,微分与差分方程,source-code,Python,.py,0.57,normal,b90d5eb22cbadc517c32b69c20e5447470d0f792f4688d63b78885d7ca4b4a9f,
数学建模Python相关/数学建模常用算法（Python 程序及数据）/程序及数据/13第13章  差分方程模型（Python 程序及数据）/Pex13_5_1.py,数学建模Python相关,微分与差分方程,source-code,Python,.py,0.65,normal,abd34be8136d2b037b3004696e02f40e20ad2a7605682060a8253134791592df,
数学建模Python相关/数学建模常用算法（Python 程序及数据）/程序及数据/13第13章  差分方程模型（Python 程序及数据）/Pex13_5_2.py,数学建模Python相关,微分与差分方程,source-code,Python,.py,0.66,normal,eb60174c6a2f1fba0970ae2d8182a64a279b84116c74cdda5291de2e4ddb5d52,
数学建模Python相关/数学建模常用算法（Python 程序及数据）/程序及数据/13第13章  差分方程模型（Python 程序及数据）/Pex13_5_3.py,数学建模Python相关,微分与差分方程,source-code,Python,.py,0.66,normal,409c6caf928cba121fcac1b53f84f4414046d7acd38423952e97a99b3d12a88c,
数学建模Python相关/数学建模常用算法（Python 程序及数据）/程序及数据/13第13章  差分方程模型（Python 程序及数据）/Pex13_6.py,数学建模Python相关,微分与差分方程,source-code,Python,.py,0.72,normal,141d183fc87e985fa67d8f393533d4304fd191665f95febdacf6a6ddffde8ad2,
数学建模Python相关/数学建模常用算法（Python 程序及数据）/程序及数据/13第13章  差分方程模型（Python 程序及数据）/Pex13_7_1.py,数学建模Python相关,微分与差分方程,source-code,Python,.py,0.38,normal,343c8249da1f3661e74ec6929fff50b7bfc9e552a71922fd01e2e02a8c656d79,
数学建模Python相关/数学建模常用算法（Python 程序及数据）/程序及数据/13第13章  差分方程模型（Python 程序及数据）/Pex13_7_2.py,数学建模Python相关,微分与差分方程,source-code,Python,.py,0.38,normal,63d2ad3273496c75dc6ab8d326cb6d6893ac46daf7236c59796012a163e66896,
数学建模Python相关/数学建模常用算法（Python 程序及数据）/程序及数据/13第13章  差分方程模型（Python 程序及数据）/Pz13_1.py,数学建模Python相关,微分与差分方程,source-code,Python,.py,0.48,normal,5f3ddf257cc643aeac0dc8f034f8253c06559ce24c66d7b463f51f987fc18ac2,
数学建模Python相关/数学建模常用算法（Python 程序及数据）/程序及数据/14第14章  模糊数学（Python 程序及数据)/Pex14_10.py,数学建模Python相关,待人工分类,source-code,Python,.py,0.36,normal,c6e4837d6316ec7425d290e63a960aafae5e127ac12854d783ffce7ec98ef0f1,
数学建模Python相关/数学建模常用算法（Python 程序及数据）/程序及数据/14第14章  模糊数学（Python 程序及数据)/Pex14_11.py,数学建模Python相关,待人工分类,source-code,Python,.py,0.27,normal,c921dc8bdacea649adeb00d0230ff56d3512640a168ce0fe8eb9bc6d59c54610,
数学建模Python相关/数学建模常用算法（Python 程序及数据）/程序及数据/14第14章  模糊数学（Python 程序及数据)/Pex14_12.py,数学建模Python相关,待人工分类,source-code,Python,.py,0.69,normal,4c9177f115e2d362ba323420831078eb3f55ee2d169d0073d419eec15de8029f,
数学建模Python相关/数学建模常用算法（Python 程序及数据）/程序及数据/14第14章  模糊数学（Python 程序及数据)/Pex14_6.py,数学建模Python相关,待人工分类,source-code,Python,.py,0.28,normal,8d11098608a24811adbf7c1b34e0ac7187a10b2ac67ebed50ea140a45848b1b3,
数学建模Python相关/数学建模常用算法（Python 程序及数据）/程序及数据/14第14章  模糊数学（Python 程序及数据)/Pex14_7.py,数学建模Python相关,待人工分类,source-code,Python,.py,0.26,normal,2128521d68eccbe9ff2ff15b880523013eb51440d3feb756562a8548d58c92d7,
数学建模Python相关/数学建模常用算法（Python 程序及数据）/程序及数据/14第14章  模糊数学（Python 程序及数据)/Pex14_9.py,数学建模Python相关,待人工分类,source-code,Python,.py,0.84,normal,576537812a47f1e7cd77086750c8ebd6dd51e20afa091a4c76c560c30271308d,
数学建模Python相关/数学建模常用算法（Python 程序及数据）/程序及数据/15第15章  灰色系统预测(Python 程序及数据)/Pex15_1.py,数学建模Python相关,预测与时间序列,source-code,Python,.py,0.87,normal,335ff06e47e07d004e263ac2da38f9a35ccc902d4d861b312e0a00b458fd2f29,
数学建模Python相关/数学建模常用算法（Python 程序及数据）/程序及数据/15第15章  灰色系统预测(Python 程序及数据)/Pex15_2.py,数学建模Python相关,预测与时间序列,source-code,Python,.py,1.25,normal,532f9329beed8f30b18096101545f7f25de083e090d3de4d96c5093b1f8136c7,
数学建模Python相关/数学建模常用算法（Python 程序及数据）/程序及数据/15第15章  灰色系统预测(Python 程序及数据)/Pex15_3.py,数学建模Python相关,预测与时间序列,source-code,Python,.py,1.17,normal,1261b379a05bc5c26ab95c9f8bf6b7c25b66daa1b17fcd393113ca0007e97706,
数学建模Python相关/数学建模常用算法（Python 程序及数据）/程序及数据/15第15章  灰色系统预测(Python 程序及数据)/Pex15_4_1.py,数学建模Python相关,预测与时间序列,source-code,Python,.py,0.9,normal,2bed16545e8823e5b1847b0c15dbba8eb650fb687e302d7710102c93d14d346d,
数学建模Python相关/数学建模常用算法（Python 程序及数据）/程序及数据/15第15章  灰色系统预测(Python 程序及数据)/Pex15_4_2.py,数学建模Python相关,预测与时间序列,source-code,Python,.py,1.02,normal,1c10abf84102338a230db7379288adec77a05dd8dcb4cd4df625c54c058d584c,
数学建模Python相关/数学建模常用算法（Python 程序及数据）/程序及数据/16第16章  Monte Carlo模拟(Python 程序及数据)/Pex16_1.py,数学建模Python相关,仿真与随机模型,source-code,Python,.py,0.2,normal,0ba30077ead435b34d870aaefd878fe735cebf64b02778ef61fe1f17532e0177,
数学建模Python相关/数学建模常用算法（Python 程序及数据）/程序及数据/16第16章  Monte Carlo模拟(Python 程序及数据)/Pex16_10.py,数学建模Python相关,仿真与随机模型,source-code,Python,.py,0.89,normal,26b2c14add786323648931697264f59d01d748bc452e632b6423331860338a8e,
数学建模Python相关/数学建模常用算法（Python 程序及数据）/程序及数据/16第16章  Monte Carlo模拟(Python 程序及数据)/Pex16_11.py,数学建模Python相关,仿真与随机模型,source-code,Python,.py,0.48,normal,6bb097c9e8c544efdc636491f83ff5dfe70f6c81892ebdb5be965df2bb849843,
数学建模Python相关/数学建模常用算法（Python 程序及数据）/程序及数据/16第16章  Monte Carlo模拟(Python 程序及数据)/Pex16_2.py,数学建模Python相关,仿真与随机模型,source-code,Python,.py,0.29,normal,c056b2bff91669e68f6cc896b36aff016d2e54ec4c868082b1199eaf0ac35e3d,
数学建模Python相关/数学建模常用算法（Python 程序及数据）/程序及数据/16第16章  Monte Carlo模拟(Python 程序及数据)/Pex16_4.py,数学建模Python相关,仿真与随机模型,source-code,Python,.py,0.25,normal,38411c9345cc493a038d85b9d4ad4833a4b194078739a10c961e5bc5b7320784,
数学建模Python相关/数学建模常用算法（Python 程序及数据）/程序及数据/16第16章  Monte Carlo模拟(Python 程序及数据)/Pex16_5.py,数学建模Python相关,仿真与随机模型,source-code,Python,.py,0.15,normal,acbbdc4cc576c3cca2d6ebb4db39f5ade5f78f09c5fe0ad1318cbec84a6e6160,
数学建模Python相关/数学建模常用算法（Python 程序及数据）/程序及数据/16第16章  Monte Carlo模拟(Python 程序及数据)/Pex16_6.py,数学建模Python相关,仿真与随机模型,source-code,Python,.py,0.49,normal,3977d0bf14378385d24a0001503243f565f801702454d7421bf9fc15d7a99617,
数学建模Python相关/数学建模常用算法（Python 程序及数据）/程序及数据/16第16章  Monte Carlo模拟(Python 程序及数据)/Pex16_7.py,数学建模Python相关,仿真与随机模型,source-code,Python,.py,0.45,normal,8b6db74adba3ee15b032a1fbeac127f7e0030c08bc0d0d9dcfe2b5f4f2489f0e,
数学建模Python相关/数学建模常用算法（Python 程序及数据）/程序及数据/16第16章  Monte Carlo模拟(Python 程序及数据)/Pex16_8.py,数学建模Python相关,仿真与随机模型,source-code,Python,.py,0.52,normal,ffacef175381da13c2e2b40fc9c7a47f39752b0a5f6d68e1d4f1f81876a6e469,
数学建模Python相关/数学建模常用算法（Python 程序及数据）/程序及数据/16第16章  Monte Carlo模拟(Python 程序及数据)/Pex16_9_1.py,数学建模Python相关,仿真与随机模型,source-code,Python,.py,0.24,normal,c4ef5d43bbbbc9806dc954cc3ecf148b13378426e58ca7fcffe06d509ea875e1,
数学建模Python相关/数学建模常用算法（Python 程序及数据）/程序及数据/16第16章  Monte Carlo模拟(Python 程序及数据)/Pex16_9_2.py,数学建模Python相关,仿真与随机模型,source-code,Python,.py,0.35,normal,ec0e60524bc41558dd0e8d81b71c116807c55c5068aa3c1f82e32aa8d6ae9728,
数学建模Python相关/数学建模常用算法（Python 程序及数据）/程序及数据/17第17章  智能算法(Python 程序及数据)/game.py,数学建模Python相关,待人工分类,source-code,Python,.py,0.68,normal,856dac27e9b81faaf2391df867398a522547c9da0f569b4e5d860d44f4f010bd,
数学建模Python相关/数学建模常用算法（Python 程序及数据）/程序及数据/17第17章  智能算法(Python 程序及数据)/Pex17_1.py,数学建模Python相关,待人工分类,source-code,Python,.py,1.52,normal,373fcb07c3ae8545ed96084b7e630c9e8bc6fa9634223809c4601a9669a4e567,
数学建模Python相关/数学建模常用算法（Python 程序及数据）/程序及数据/17第17章  智能算法(Python 程序及数据)/Pex17_2.py,数学建模Python相关,待人工分类,source-code,Python,.py,1.57,normal,5581560057b240cc1402b94709bee2c0d4a80fe1f21f2239249f693fb5870e49,
数学建模Python相关/数学建模常用算法（Python 程序及数据）/程序及数据/17第17章  智能算法(Python 程序及数据)/Pex17_3.py,数学建模Python相关,待人工分类,source-code,Python,.py,0.41,normal,1fa4ace7aa26dcfdd4dcd426313c1b6769d8a6556627092aa2a8b1be70fbb4a5,
数学建模Python相关/数学建模常用算法（Python 程序及数据）/程序及数据/17第17章  智能算法(Python 程序及数据)/Pex17_4.py,数学建模Python相关,待人工分类,source-code,Python,.py,0.64,normal,db6cb921177b2cf0ca6742f7263a1aa1ba829412e14aac0edae7c4be5c5957c7,
数学建模Python相关/数学建模常用算法（Python 程序及数据）/程序及数据/17第17章  智能算法(Python 程序及数据)/Pex17_5.py,数学建模Python相关,待人工分类,source-code,Python,.py,1.01,normal,677e0c5787a700e369ce9304a2526aa1f9dd76323943977a126b72e893b40b7d,
数学建模Python相关/数学建模常用算法（Python 程序及数据）/程序及数据/18第18章  时间序列分析(Python 程序及数据)/Pex18_1_1.py,数学建模Python相关,预测与时间序列,source-code,Python,.py,0.51,normal,dddcae2227cb993337e4753e4dd9874f1ef06070802e0fb9a86a174b73b04b25,
数学建模Python相关/数学建模常用算法（Python 程序及数据）/程序及数据/18第18章  时间序列分析(Python 程序及数据)/Pex18_1_2.py,数学建模Python相关,预测与时间序列,source-code,Python,.py,0.43,normal,505143d8312bf540a75f5f91825fcf584c2b91cfc38076a774d1929446931990,
数学建模Python相关/数学建模常用算法（Python 程序及数据）/程序及数据/18第18章  时间序列分析(Python 程序及数据)/Pex18_2.py,数学建模Python相关,预测与时间序列,source-code,Python,.py,0.71,normal,664bdbdcca4d678dc5a56b005e8b37ba2e3ed4642acd5cbb04b7fb34f62299b1,
数学建模Python相关/数学建模常用算法（Python 程序及数据）/程序及数据/18第18章  时间序列分析(Python 程序及数据)/Pex18_3.py,数学建模Python相关,预测与时间序列,source-code,Python,.py,0.56,normal,5358fb0a9c8f7d0bdfe190a0a8b0d77cb7a9b6959fdeb96358e00ff0b1b8e513,
数学建模Python相关/数学建模常用算法（Python 程序及数据）/程序及数据/18第18章  时间序列分析(Python 程序及数据)/Pex18_4.py,数学建模Python相关,预测与时间序列,source-code,Python,.py,0.42,normal,e3198689a933d7237bfca2f6d1e32e6f09aeb557855e3d5fdc43a3945b9b1666,
数学建模Python相关/数学建模常用算法（Python 程序及数据）/程序及数据/18第18章  时间序列分析(Python 程序及数据)/Pex18_5_1.py,数学建模Python相关,预测与时间序列,source-code,Python,.py,0.57,normal,8971e5cd17330ccd07d57e74a04a263b0ea35e5feb6173fddf8c8e751bea04b9,
数学建模Python相关/数学建模常用算法（Python 程序及数据）/程序及数据/18第18章  时间序列分析(Python 程序及数据)/Pex18_5_2.py,数学建模Python相关,预测与时间序列,source-code,Python,.py,1.19,normal,a6a0a7fe958e8fa3e85ea2b0ebb1c68365b16c5f55467896e14e4e5c6625aa5f,
数学建模Python相关/数学建模常用算法（Python 程序及数据）/程序及数据/18第18章  时间序列分析(Python 程序及数据)/Pex18_6.py,数学建模Python相关,预测与时间序列,source-code,Python,.py,0.78,normal,2e263117c42c6348c0a0d0765d5029a3327ecd00963d3beb58553ff5765866c4,
数学建模Python相关/数学建模常用算法（Python 程序及数据）/程序及数据/19第19章  支持向量机(Python 程序及数据)/Pex19_1_1.py,数学建模Python相关,机器学习与神经网络,source-code,Python,.py,0.6,normal,415ea275e5760233344f2ddb1c077f0059769ee65384a93fcbef6588dfd67888,
数学建模Python相关/数学建模常用算法（Python 程序及数据）/程序及数据/19第19章  支持向量机(Python 程序及数据)/Pex19_1_2.py,数学建模Python相关,机器学习与神经网络,source-code,Python,.py,0.31,normal,bb59460a94f160f27a18e1caa94cff6b5010223fee4617bcc449f868f9a80f24,
数学建模Python相关/数学建模常用算法（Python 程序及数据）/程序及数据/19第19章  支持向量机(Python 程序及数据)/Pex19_2.py,数学建模Python相关,机器学习与神经网络,source-code,Python,.py,0.71,normal,e8a4a0a94502b2eacfd0e67337b336883db020d9d45b6b57fc2f4529669cb2a4,
数学建模Python相关/数学建模常用算法（Python 程序及数据）/程序及数据/20第20章  数字图像处理(Python 程序及数据)/Pex20_1.py,数学建模Python相关,可视化与图像,source-code,Python,.py,0.12,normal,ad7ea9b499c6749a2507ef323622943cf0108a7e9350ad132fafc823e6f804df,
数学建模Python相关/数学建模常用算法（Python 程序及数据）/程序及数据/20第20章  数字图像处理(Python 程序及数据)/Pex20_10.py,数学建模Python相关,可视化与图像,source-code,Python,.py,0.25,normal,186a0cb95cd22cc1fe39d18bcda0747ca5d687eb869dd1fa563b42976a3b88ad,
数学建模Python相关/数学建模常用算法（Python 程序及数据）/程序及数据/20第20章  数字图像处理(Python 程序及数据)/Pex20_11.py,数学建模Python相关,可视化与图像,source-code,Python,.py,0.29,normal,6edc0a06cf5e21eff13089a87bae2621aa22b4c1251a6368a11787a7b8a3eb32,
数学建模Python相关/数学建模常用算法（Python 程序及数据）/程序及数据/20第20章  数字图像处理(Python 程序及数据)/Pex20_12.py,数学建模Python相关,可视化与图像,source-code,Python,.py,0.39,normal,d9de7d2a96b77ad5befe8bf69a43ad226b357d833c7e61c8927ba83eb3cf029b,
数学建模Python相关/数学建模常用算法（Python 程序及数据）/程序及数据/20第20章  数字图像处理(Python 程序及数据)/Pex20_13.py,数学建模Python相关,可视化与图像,source-code,Python,.py,0.3,normal,624d9b652436e18ffde27a75e1e320f25436941d91ab13d3017cd837e18be44c,
数学建模Python相关/数学建模常用算法（Python 程序及数据）/程序及数据/20第20章  数字图像处理(Python 程序及数据)/Pex20_14.py,数学建模Python相关,可视化与图像,source-code,Python,.py,0.25,normal,e6491963ed207a28390d63b1ea429bcf861c4c9824a0183465d570598c603fbb,
数学建模Python相关/数学建模常用算法（Python 程序及数据）/程序及数据/20第20章  数字图像处理(Python 程序及数据)/Pex20_15.py,数学建模Python相关,可视化与图像,source-code,Python,.py,1.21,normal,82b349dd59be0d4a9f0f87e536c88f978533a58eb5c8b9dc5c59c01b8dafe4f8,
数学建模Python相关/数学建模常用算法（Python 程序及数据）/程序及数据/20第20章  数字图像处理(Python 程序及数据)/Pex20_16.py,数学建模Python相关,可视化与图像,source-code,Python,.py,0.49,normal,da5d1410e979344ddb47aee63e1c829a988202fcdb6bc41e0ef690cf90df6c9b,
数学建模Python相关/数学建模常用算法（Python 程序及数据）/程序及数据/20第20章  数字图像处理(Python 程序及数据)/Pex20_17.py,数学建模Python相关,可视化与图像,source-code,Python,.py,0.46,normal,c96cff86f6cbbce5541c7b9bbf595a951ed07cf740d6987e41468c0f3afefa90,
数学建模Python相关/数学建模常用算法（Python 程序及数据）/程序及数据/20第20章  数字图像处理(Python 程序及数据)/Pex20_18.py,数学建模Python相关,可视化与图像,source-code,Python,.py,0.52,normal,4bbadca550cf847ec33e1ceda09606b0f184e0a905ca365b3f9c3c5dd0dddbaf,
数学建模Python相关/数学建模常用算法（Python 程序及数据）/程序及数据/20第20章  数字图像处理(Python 程序及数据)/Pex20_19.py,数学建模Python相关,可视化与图像,source-code,Python,.py,0.62,normal,3b792b378d7810fe00e395a24bb0538e53cbed604cc959a167c511c8551a8956,
数学建模Python相关/数学建模常用算法（Python 程序及数据）/程序及数据/20第20章  数字图像处理(Python 程序及数据)/Pex20_2.py,数学建模Python相关,可视化与图像,source-code,Python,.py,0.36,normal,35a2ce8cde94c052ee4d65eaf83bcfd0241279d6d7bbd75a4dbf8a356d4327d0,
数学建模Python相关/数学建模常用算法（Python 程序及数据）/程序及数据/20第20章  数字图像处理(Python 程序及数据)/Pex20_20.py,数学建模Python相关,可视化与图像,source-code,Python,.py,1.84,normal,e7688cc0d54a623299ee9f8f01f9d49ef789927da0b01c328e5c8ecedcf66a29,
数学建模Python相关/数学建模常用算法（Python 程序及数据）/程序及数据/20第20章  数字图像处理(Python 程序及数据)/Pex20_3.py,数学建模Python相关,可视化与图像,source-code,Python,.py,1.21,normal,46f7ec0e0643790d2e3ab7e9e00b6bad6f84e80392364e41114677c02541988e,
数学建模Python相关/数学建模常用算法（Python 程序及数据）/程序及数据/20第20章  数字图像处理(Python 程序及数据)/Pex20_4.py,数学建模Python相关,可视化与图像,source-code,Python,.py,0.77,normal,6a90f06b59b972f62f9f8f3c9544eaef85127a3332d10a7429e14b535bcf63fc,
数学建模Python相关/数学建模常用算法（Python 程序及数据）/程序及数据/20第20章  数字图像处理(Python 程序及数据)/Pex20_5.py,数学建模Python相关,可视化与图像,source-code,Python,.py,0.34,normal,2b606bd0e1ab839f7a0342d8b772c27eb1850cbd0fae7912d1d2a0de51d4f9d1,
数学建模Python相关/数学建模常用算法（Python 程序及数据）/程序及数据/20第20章  数字图像处理(Python 程序及数据)/Pex20_6.py,数学建模Python相关,可视化与图像,source-code,Python,.py,0.21,normal,e31c74a65fe17fc1edb9b05b46f074f8d962e008bd0c6c7a054afaa3b97088a5,
数学建模Python相关/数学建模常用算法（Python 程序及数据）/程序及数据/20第20章  数字图像处理(Python 程序及数据)/Pex20_7.py,数学建模Python相关,可视化与图像,source-code,Python,.py,0.17,normal,6ec5503ab2185d97fd730aceffd07442aa0cbe1698457a4895023ddd906495f8,
数学建模Python相关/数学建模常用算法（Python 程序及数据）/程序及数据/20第20章  数字图像处理(Python 程序及数据)/Pex20_8.py,数学建模Python相关,可视化与图像,source-code,Python,.py,0.27,normal,1495258830f6ba86cc1945190f97e94b1d2292d209937d84c2cbfe77b94d8219,
数学建模Python相关/数学建模常用算法（Python 程序及数据）/程序及数据/20第20章  数字图像处理(Python 程序及数据)/Pex20_9.py,数学建模Python相关,可视化与图像,source-code,Python,.py,0.36,normal,e024a1a983e5df5730b88dd5b61c1bb60c082f1b1e39939ae024cee499b563c2,
数学建模Python相关/数学建模常用算法（Python 程序及数据）/程序及数据/20第20章  数字图像处理(Python 程序及数据)/Pz20_1.py,数学建模Python相关,可视化与图像,source-code,Python,.py,0.1,normal,09930f38a218937bd6caffe96ca80aa4fbd3655a53639e93869b3178fdbd1127,
数学建模程序代码资料合集/Dijkstra算法找最短路径代码.txt,数学建模程序代码资料合集,图论与排队,source-code,MATLAB,.txt,2.03,normal,d40493c81e9f32a7a8e92e824c418616dc46cf6e206575d69cb14279ad07eeb1,
数学建模程序代码资料合集/Floyd算法求最小距离代码.txt,数学建模程序代码资料合集,图论与排队,source-code,MATLAB,.txt,0.68,normal,e8ee1147deb430d0906cd5642ef79a79451072c8e8d1d63a16c50a2be8d1ea91,
数学建模程序代码资料合集/K-means算法代码.txt,数学建模程序代码资料合集,统计与数据处理,source-code,MATLAB,.txt,2.06,normal,1fec7baeb7d32a66b9d71559c9e51f77a9e70834f95d5809cda1c8d538610447,
数学建模程序代码资料合集/RBF神经网络做回归预测代码/jingxiangjiyuce.m,数学建模程序代码资料合集,预测与时间序列,source-code,MATLAB,.m,1.73,normal,d9be4fbd2e5877a6e5e4b1ede750f8b2bc4a65e61f63d3d426176749e89ed017,
数学建模程序代码资料合集/SVM分类器代码.txt,数学建模程序代码资料合集,机器学习与神经网络,source-code,MATLAB,.txt,7.12,normal,23a713a5d6f2b2fcb585294e5a0093ab73a15ee52fd4f82049946b81a4c3f72f,
数学建模程序代码资料合集/Topsis算法综合评价代码.txt,数学建模程序代码资料合集,评价与决策,source-code,MATLAB,.txt,1.25,normal,77ec89fc1eb901c8ba2554f054fe3ac07eb5b63afcec08f04a2ae914eb0de737,
数学建模程序代码资料合集/三次指数平滑及其时间序列预测.txt,数学建模程序代码资料合集,预测与时间序列,source-code,MATLAB,.txt,0.76,normal,f63ead062cc341b719119c785a5ca1a23a8d756c32e9a861d0c4a1c42eabfedb,
数学建模程序代码资料合集/二次指数平滑及其时间序列预测代码.txt,数学建模程序代码资料合集,预测与时间序列,source-code,MATLAB,.txt,0.53,normal,47c42c2c24c4c39c33dee5ad0770ee8f25914f1071f3e6389080abd380c671e9,
数学建模程序代码资料合集/元胞自动机代码可直接运行（建议学会基本原理再用）/NaSchr.m,数学建模程序代码资料合集,仿真与随机模型,source-code,MATLAB,.m,4.24,normal,3be45ef0cabf25b4b699223c5809d68b6fd8c07edc467febe47ce639395e3d08,
数学建模程序代码资料合集/元胞自动机代码可直接运行（建议学会基本原理再用）/ts.m,数学建模程序代码资料合集,仿真与随机模型,source-code,MATLAB,.m,0.33,normal,ca4ff3b32c8c45f4db0b087e344338444e9235620682c145b15a9854a7a89597,
数学建模程序代码资料合集/元胞自动机代码演示案例.txt,数学建模程序代码资料合集,仿真与随机模型,source-code,MATLAB,.txt,10.96,normal,af0fb280fd7b9f4c439497434fabf57f72da000ddb2844c1baaec254171f9b88,
数学建模程序代码资料合集/回归预测分析MATLAB代码.txt,数学建模程序代码资料合集,预测与时间序列,source-code,MATLAB,.txt,1.44,normal,eff8a3199303d8e3758829f04bb6ae0ad59911b3859fdd04133dc3a92ae0967e,
数学建模程序代码资料合集/图论算法代码.txt,数学建模程序代码资料合集,图论与排队,source-code,MATLAB,.txt,2.77,normal,cdf76117f44877ea7010d93d82863333e0b2c41e45eccda48f21c66f2f9f90ff,
数学建模程序代码资料合集/小波异常值提取代码.txt,数学建模程序代码资料合集,统计与数据处理,source-code,MATLAB,.txt,0.78,normal,2240e2624c2ee20c1b4e7e6436796338e858b66656f55cff63d430777f64c86f,
数学建模程序代码资料合集/小波特征提取算法代码.txt,数学建模程序代码资料合集,待人工分类,source-code,MATLAB,.txt,3.54,normal,6fbe1a96d0f7af464602675f011b7ff64fe5c20e62b1bd34edffb83c21a3c794,
数学建模程序代码资料合集/小波神经网络预测代码/cengcifenxi.m,数学建模程序代码资料合集,预测与时间序列,source-code,MATLAB,.m,0.51,normal,cceef31492709df622488482d3f95b07cc658f98a924013e62262e638a1ebf6a,
数学建模程序代码资料合集/小波神经网络预测代码/d_mymorlet.m,数学建模程序代码资料合集,预测与时间序列,source-code,MATLAB,.m,0.09,normal,160e94178e245bd92a655321bc523f7fa063107ab4de29b373579489d9d592f4,
数学建模程序代码资料合集/小波神经网络预测代码/mymorlet.m,数学建模程序代码资料合集,预测与时间序列,source-code,MATLAB,.m,0.09,normal,37036e6b7a4250b0cde4e393f79dc77486e230bb1de105726954c78babe373e7,
数学建模程序代码资料合集/小波神经网络预测代码/shenjingwangluo.m,数学建模程序代码资料合集,预测与时间序列,source-code,MATLAB,.m,0.27,normal,889c1260bd8f1bda2fb6e7094c457a9dd218e4f766cd9f4d0ad6cf2003cb910a,
数学建模程序代码资料合集/小波神经网络预测代码/wavenn.m,数学建模程序代码资料合集,预测与时间序列,source-code,MATLAB,.m,5.34,normal,0c03effe328b434bf0c9cd9d614c36cc5753ee9a44abd016c63d2ab5b6c5f236,
数学建模程序代码资料合集/排队论算法代码.txt,数学建模程序代码资料合集,图论与排队,source-code,MATLAB,.txt,6.04,normal,e4775207ebdc5ac3af39588e585e34d57d0302c2e3bd315796a63ff7dbfdd6b6,
数学建模程序代码资料合集/插值与拟合代码.txt,数学建模程序代码资料合集,统计与数据处理,source-code,MATLAB,.txt,1.11,normal,4d0a854a000887713fbefdf05f6eeeaf434a7711baf4facaa03d48e221532fd0,
数学建模程序代码资料合集/时间序列-滑动平均代码.txt,数学建模程序代码资料合集,预测与时间序列,source-code,MATLAB,.txt,0.38,normal,4ba1bbb6d800aeb0f197814f5c21df042b54982b87d128058aeb865550858041,
数学建模程序代码资料合集/时间序列-移动平均法代码.txt,数学建模程序代码资料合集,预测与时间序列,source-code,MATLAB,.txt,0.41,normal,f6bede96882efd620d1ed2f3c2c53fc54d6c405763df134774f5a9163524ab70,
数学建模程序代码资料合集/智能算法之模拟退火算法代码.txt,数学建模程序代码资料合集,优化与规划,source-code,MATLAB,.txt,1.88,normal,770e767ad32d436234e294e7e49de5f970e245b302249bed994c2af4e1907ed6,
数学建模程序代码资料合集/智能算法之粒子群优化算法代码.txt,数学建模程序代码资料合集,优化与规划,source-code,MATLAB,.txt,2.26,normal,f30a59e5a81945ce506385ba72f12516e78f62fbc2a0d20038ecde0b8e055ae4,
数学建模程序代码资料合集/智能算法之遗传算法代码.txt,数学建模程序代码资料合集,优化与规划,source-code,MATLAB,.txt,5.83,normal,d0cfb87da9901dc87d91290a186cff81e6e02e6714bfdbdc4ed7951e1e423da8,
数学建模程序代码资料合集/灰色预测算法代码.txt,数学建模程序代码资料合集,预测与时间序列,source-code,MATLAB,.txt,0.74,normal,511876bdf4ad9fe07bac643604afd11362703afa5387f6db846ee2ac545e6e5a,
数学建模程序代码资料合集/神经网络图像分类代码.txt,数学建模程序代码资料合集,机器学习与神经网络,source-code,MATLAB,.txt,7.93,normal,06712e199c2834a3e3d4f1495acdc9ed1069f4bfc224359304d25683bc962ec4,
数学建模程序代码资料合集/神经网络图像分类代码（可直接运行）/LiChen.m,数学建模程序代码资料合集,机器学习与神经网络,source-code,MATLAB,.m,7.86,normal,f3a47f111c8031e3943b73a885f752d3abeecc72090bbfb23c8f98c143092064,
数学建模程序代码资料合集/神经网络算法代码（可直接运行）.txt,数学建模程序代码资料合集,机器学习与神经网络,source-code,MATLAB,.txt,0.66,normal,a0587c40feaceaa55bb51c2ace2316ceec9e1fc44f8be9251dde73999ed5c764,
数学建模程序代码资料合集/聚类分析代码.txt,数学建模程序代码资料合集,统计与数据处理,source-code,MATLAB,.txt,3.2,normal,e102f685cf5c84d8b0aa723df5ff7715877af227616a6acdd66f86de0bc17af8,
数学建模程序代码资料合集/蒙特卡洛算法模拟随机数代码.txt,数学建模程序代码资料合集,仿真与随机模型,source-code,MATLAB,.txt,0.52,normal,400184b369299357882ead8a38c89327528f3bfcf6a0aa497896cb120afddf3b,
